"03.09.2014, 17:00 ",Металлург Мг , Динамо М ,6,1,
"04.09.2014, 12:00 ",Амур , Адмирал ,5,4,
"04.09.2014, 16:00 ",Авангард , Металлург Нк ,0,1,
"04.09.2014, 17:00 ",Барыс , Салават Юлаев ,5,4,
"04.09.2014, 19:00 ",Ак Барс , Автомобилист ,3,2,
"04.09.2014, 19:00 ",Лада , Югра ,2,5,
"04.09.2014, 19:00 ",Нефтехимик , Трактор ,4,1,
"04.09.2014, 19:00 ",Северсталь , Торпедо ,0,2,
"04.09.2014, 19:30 ",СКА , Локомотив ,5,3,
"04.09.2014, 19:30 ",Йокерит , Динамо Мн ,4,5,  ОТ 
"04.09.2014, 21:00 ",Слован , Медвешчак ,5,2,
"05.09.2014, 19:30 ",Динамо М , ЦСКА ,1,4,
"06.09.2014, 14:00 ",Авангард , Адмирал ,4,2,
"06.09.2014, 14:00 ",Сибирь , Металлург Нк ,6,1,
"06.09.2014, 15:00 ",Автомобилист , Медвешчак ,3,2,
"06.09.2014, 15:00 ",Барыс , Амур ,3,2,  Б 
"06.09.2014, 15:00 ",Металлург Мг , Слован ,2,3,
"06.09.2014, 15:00 ",Салават Юлаев , Витязь ,6,1,
"06.09.2014, 17:00 ",Ак Барс , Атлант ,1,4,
"06.09.2014, 17:00 ",Северсталь , Трактор ,2,3,
"06.09.2014, 17:00 ",Торпедо , Югра ,1,3,
"06.09.2014, 17:00 ",СКА , ХК Сочи ,3,2,
"06.09.2014, 18:00 ",Динамо Р , Динамо Мн ,4,2,
"06.09.2014, 18:00 ",Йокерит , Локомотив ,3,2,
"08.09.2014, 16:00 ",Авангард , Витязь ,8,5,
"08.09.2014, 17:00 ",Автомобилист , Слован ,1,3,
"08.09.2014, 17:00 ",Барыс , Адмирал ,4,0,
"08.09.2014, 17:00 ",Металлург Мг , Атлант ,4,1,
"08.09.2014, 17:00 ",Салават Юлаев , Амур ,3,5,
"08.09.2014, 19:00 ",Ак Барс , Медвешчак ,4,2,
"08.09.2014, 19:00 ",Лада , Нефтехимик ,4,3,  ОТ 
"08.09.2014, 19:00 ",Северсталь , Динамо М ,2,3,
"08.09.2014, 19:00 ",ЦСКА , Югра ,4,3,
"08.09.2014, 19:30 ",Торпедо , Трактор ,4,5,  Б 
"08.09.2014, 19:30 ",СКА , Динамо Мн ,5,2,
"08.09.2014, 19:30 ",Йокерит , ХК Сочи ,3,0,
"08.09.2014, 20:30 ",Динамо Р , Локомотив ,2,5,
"09.09.2014, 16:00 ",Металлург Нк , Сибирь ,2,3,  ОТ 
"10.09.2014, 16:00 ",Авангард , Амур ,4,1,
"10.09.2014, 17:00 ",Автомобилист , Атлант ,3,4,  Б 
"10.09.2014, 17:00 ",Барыс , Витязь ,0,2,
"10.09.2014, 17:00 ",Металлург Мг , Медвешчак ,6,0,
"10.09.2014, 17:00 ",Салават Юлаев , Адмирал ,6,4,
"10.09.2014, 19:00 ",Северсталь , Югра ,4,2,
"10.09.2014, 19:30 ",Ак Барс , Слован ,4,3,
"10.09.2014, 19:30 ",ЦСКА , Трактор ,2,0,
"10.09.2014, 20:30 ",Динамо Р , ХК Сочи ,1,2,
"11.09.2014, 19:00 ",Нефтехимик , Лада ,4,2,
"12.09.2014, 20:00 ",Динамо Мн , Атлант ,3,2,
"13.09.2014, 14:00 ",Металлург Нк , Барыс ,2,5,
"13.09.2014, 14:00 ",Сибирь , Авангард ,3,5,
"13.09.2014, 15:00 ",Трактор , Йокерит ,1,2,
"13.09.2014, 17:00 ",Витязь , Автомобилист ,6,1,
"13.09.2014, 17:00 ",Лада , СКА ,2,4,
"13.09.2014, 17:00 ",Локомотив , Металлург Мг ,1,4,
"13.09.2014, 17:00 ",Нефтехимик , Динамо Р ,2,3,
"13.09.2014, 17:30 ",Динамо М , Ак Барс ,3,2,
"14.09.2014, 10:00 ",Амур , Салават Юлаев ,0,2,
"14.09.2014, 18:00 ",Динамо Мн , ЦСКА ,3,2,
"14.09.2014, 19:00 ",Слован , Торпедо ,2,3,  Б 
"14.09.2014, 20:00 ",Медвешчак , Северсталь ,5,2,
"15.09.2014, 12:00 ",Амур , Салават Юлаев ,2,3,
"15.09.2014, 16:00 ",Металлург Нк , Авангард ,2,1,  ОТ 
"15.09.2014, 16:00 ",Сибирь , Барыс ,4,1,
"15.09.2014, 17:00 ",Трактор , СКА ,2,6,
"15.09.2014, 17:30 ",Югра , Йокерит ,1,2,  ОТ 
"15.09.2014, 19:00 ",Лада , Динамо Р ,3,2,  ОТ 
"15.09.2014, 19:00 ",Локомотив , Ак Барс ,2,3,  Б 
"15.09.2014, 19:30 ",Витязь , Металлург Мг ,1,4,
"15.09.2014, 19:30 ",ХК Сочи , Автомобилист ,6,3,
"16.09.2014, 19:30 ",Атлант , ЦСКА ,0,3,
"16.09.2014, 21:00 ",Слован , Северсталь ,0,3,
"16.09.2014, 22:00 ",Медвешчак , Торпедо ,1,4,
"17.09.2014, 12:00 ",Амур , Авангард ,0,4,
"17.09.2014, 13:00 ",Адмирал , Барыс ,3,2,
"17.09.2014, 16:00 ",Металлург Нк , Салават Юлаев ,3,2,
"17.09.2014, 17:00 ",Трактор , Динамо Р ,2,1,  Б 
"17.09.2014, 17:30 ",Югра , СКА ,3,4,
"17.09.2014, 19:00 ",Локомотив , Автомобилист ,2,0,
"17.09.2014, 19:00 ",Нефтехимик , Йокерит ,5,7,
"17.09.2014, 19:30 ",ХК Сочи , Ак Барс ,0,5,
"17.09.2014, 19:30 ",Динамо М , Металлург Мг ,0,1,  Б 
"18.09.2014, 12:00 ",Амур , Авангард ,2,1,  Б 
"18.09.2014, 12:30 ",Адмирал , Барыс ,4,2,
"18.09.2014, 19:30 ",Атлант , Торпедо ,3,1,
"18.09.2014, 20:00 ",Динамо Мн , Северсталь ,3,4,  Б 
"18.09.2014, 22:00 ",Медвешчак , ЦСКА ,2,3,
"19.09.2014, 16:00 ",Сибирь , Салават Юлаев ,3,1,
"19.09.2014, 17:00 ",Югра , Динамо Р ,5,2,
"19.09.2014, 19:00 ",Лада , Йокерит ,1,2,
"19.09.2014, 19:00 ",Нефтехимик , СКА ,1,5,
"19.09.2014, 19:00 ",ХК Сочи , Металлург Мг ,1,2,
"19.09.2014, 19:30 ",Витязь , Ак Барс ,2,3,  ОТ 
"19.09.2014, 19:30 ",Динамо М , Автомобилист ,4,2,
"20.09.2014, 17:00 ",Атлант , Северсталь ,2,5,
"20.09.2014, 18:00 ",Динамо Мн , Торпедо ,3,0,
"20.09.2014, 19:30 ",Слован , ЦСКА ,1,4,
"21.09.2014, 15:00 ",Барыс , Металлург Нк ,1,0,  ОТ 
"21.09.2014, 17:30 ",Динамо М , Трактор ,4,1,
"21.09.2014, 20:00 ",Медвешчак , Лада ,5,1,
"22.09.2014, 16:00 ",Авангард , Локомотив ,4,2,
"23.09.2014, 17:00 ",Автомобилист , Металлург Нк ,2,3,
"23.09.2014, 17:00 ",Металлург Мг , Сибирь ,2,1,
"23.09.2014, 17:00 ",Салават Юлаев , Динамо М ,2,4,
"23.09.2014, 17:30 ",Югра , Трактор ,3,4,  Б 
"23.09.2014, 19:00 ",Ак Барс , Амур ,3,1,
"23.09.2014, 19:00 ",Северсталь , Нефтехимик ,2,3,  Б 
"23.09.2014, 19:00 ",Торпедо , Динамо Мн ,1,2,  ОТ 
"23.09.2014, 19:00 ",ЦСКА , Лада ,3,0,
"23.09.2014, 19:30 ",СКА , Адмирал ,4,3,
"23.09.2014, 19:30 ",Йокерит , Витязь ,3,4,
"23.09.2014, 20:30 ",Динамо Р , Атлант ,4,2,
"24.09.2014, 17:00 ",Барыс , Локомотив ,3,4,  Б 
"24.09.2014, 21:00 ",Слован , Медвешчак ,1,4,
"25.09.2014, 17:00 ",Автомобилист , Сибирь ,2,3,  ОТ 
"25.09.2014, 17:00 ",Металлург Мг , Амур ,7,2,
"25.09.2014, 19:00 ",Ак Барс , Металлург Нк ,1,2,  Б 
"25.09.2014, 19:00 ",Северсталь , Динамо Мн ,1,3,
"25.09.2014, 19:00 ",Торпедо , Лада ,3,0,
"25.09.2014, 19:00 ",ХК Сочи , Динамо М ,0,1,
"25.09.2014, 19:00 ",ЦСКА , Нефтехимик ,6,3,
"25.09.2014, 19:30 ",СКА , Атлант ,5,4,
"25.09.2014, 19:30 ",Йокерит , Адмирал ,7,3,
"25.09.2014, 20:30 ",Динамо Р , Витязь ,0,1,  Б 
"26.09.2014, 17:00 ",Салават Юлаев , Локомотив ,5,2,
"26.09.2014, 17:00 ",Трактор , Югра ,4,2,
"26.09.2014, 20:30 ",Медвешчак , Слован ,1,3,
"27.09.2014, 14:00 ",Авангард , ХК Сочи ,8,1,
"27.09.2014, 15:00 ",Автомобилист , Амур ,3,1,
"27.09.2014, 15:00 ",Барыс , Динамо М ,1,2,
"27.09.2014, 15:00 ",Металлург Мг , Металлург Нк ,4,1,
"27.09.2014, 16:00 ",Динамо Р , Адмирал ,4,2,
"27.09.2014, 17:00 ",Ак Барс , Сибирь ,5,2,
"27.09.2014, 17:00 ",Северсталь , Лада ,4,3,
"27.09.2014, 17:00 ",СКА , Витязь ,7,1,
"27.09.2014, 17:00 ",Торпедо , Нефтехимик ,5,6,  ОТ 
"27.09.2014, 17:00 ",ЦСКА , Динамо Мн ,2,0,
"27.09.2014, 18:00 ",Йокерит , Атлант ,4,2,
"29.09.2014, 19:30 ",Локомотив , ХК Сочи ,4,1,
"29.09.2014, 19:30 ",Йокерит , Динамо Р ,3,2,
"29.09.2014, 21:00 ",Слован , Динамо Мн ,3,2,  Б 
"29.09.2014, 21:30 ",Медвешчак , СКА ,1,5,
"30.09.2014, 12:00 ",Амур , Северсталь ,4,5,
"30.09.2014, 13:00 ",Адмирал , Торпедо ,4,1,
"30.09.2014, 16:00 ",Сибирь , ЦСКА ,2,3,
"30.09.2014, 17:00 ",Автомобилист , Металлург Мг ,1,4,
"30.09.2014, 17:00 ",Трактор , Авангард ,2,4,
"30.09.2014, 17:30 ",Югра , Барыс ,1,2,
"30.09.2014, 19:00 ",Лада , Салават Юлаев ,0,2,
"30.09.2014, 19:00 ",Нефтехимик , Ак Барс ,2,3,
"30.09.2014, 19:30 ",Динамо М , Витязь ,6,4,
"01.10.2014, 19:30 ",Атлант , Йокерит ,3,4,  ОТ 
"01.10.2014, 21:00 ",Слован , Динамо Р ,5,1,
"01.10.2014, 22:00 ",Медвешчак , СКА ,0,5,
"02.10.2014, 12:00 ",Амур , Торпедо ,2,7,
"02.10.2014, 13:00 ",Адмирал , Северсталь ,5,4,  Б 
"02.10.2014, 16:00 ",Металлург Нк , ЦСКА ,1,6,
"02.10.2014, 17:00 ",Автомобилист , Ак Барс ,3,5,
"02.10.2014, 17:00 ",Трактор , Барыс ,4,6,
"02.10.2014, 17:30 ",Югра , Авангард ,3,2,
"02.10.2014, 19:00 ",Лада , Металлург Мг ,3,2,
"02.10.2014, 19:00 ",Нефтехимик , Салават Юлаев ,0,4,
"02.10.2014, 19:30 ",Локомотив , Динамо М ,4,2,
"03.10.2014, 19:30 ",Атлант , СКА ,4,3,
"03.10.2014, 20:00 ",Динамо Мн , Йокерит ,2,3,
"03.10.2014, 20:30 ",Медвешчак , Динамо Р ,3,2,
"04.10.2014, 10:00 ",Адмирал , ЦСКА ,0,5,
"04.10.2014, 14:00 ",Металлург Нк , Торпедо ,1,6,
"04.10.2014, 14:00 ",Сибирь , Северсталь ,1,0,
"04.10.2014, 15:00 ",Трактор , Салават Юлаев ,1,2,  ОТ 
"04.10.2014, 15:00 ",Югра , Металлург Мг ,1,2,
"04.10.2014, 17:00 ",Нефтехимик , Авангард ,3,4,
"04.10.2014, 17:30 ",Лада , Барыс ,2,1,  Б 
"05.10.2014, 17:00 ",Ак Барс , Автомобилист ,2,1,
"05.10.2014, 17:00 ",Витязь , Локомотив ,3,2,
"05.10.2014, 17:00 ",Динамо М , ХК Сочи ,2,1,  ОТ 
"06.10.2014, 12:00 ",Амур , ЦСКА ,1,2,
"06.10.2014, 16:00 ",Сибирь , Торпедо ,2,3,
"06.10.2014, 16:00 ",Металлург Нк , Северсталь ,3,7,
"06.10.2014, 17:30 ",Югра , Салават Юлаев ,1,2,
"06.10.2014, 19:00 ",Лада , Авангард ,3,1,
"06.10.2014, 19:00 ",Нефтехимик , Барыс ,4,5,  Б 
"06.10.2014, 19:30 ",СКА , Слован ,7,2,
"06.10.2014, 19:30 ",Йокерит , Медвешчак ,2,3,
"06.10.2014, 20:30 ",Динамо Р , Динамо Мн ,1,3,
"07.10.2014, 19:30 ",Витязь , ХК Сочи ,2,4,
"07.10.2014, 19:30 ",Динамо М , Локомотив ,2,0,
"08.10.2014, 19:30 ",Атлант , Йокерит ,2,3,
"08.10.2014, 19:30 ",СКА , Медвешчак ,5,2,
"08.10.2014, 20:30 ",Динамо Р , Слован ,1,4,
"09.10.2014, 17:00 ",Автомобилист , Трактор ,3,2,  Б 
"09.10.2014, 17:00 ",Металлург Мг , Адмирал ,3,4,
"09.10.2014, 19:00 ",Северсталь , Витязь ,3,4,
"09.10.2014, 19:00 ",ЦСКА , ХК Сочи ,6,2,
"09.10.2014, 19:30 ",Торпедо , Динамо М ,3,1,
"09.10.2014, 19:30 ",Лада , Ак Барс ,2,3,  ОТ 
"10.10.2014, 16:00 ",Авангард , Металлург Нк ,0,2,
"10.10.2014, 17:00 ",Барыс , Сибирь ,6,3,
"10.10.2014, 17:00 ",Салават Юлаев , Амур ,7,2,
"10.10.2014, 19:30 ",СКА , Йокерит ,4,1,
"10.10.2014, 20:00 ",Динамо Мн , Слован ,4,1,
"10.10.2014, 20:30 ",Динамо Р , Медвешчак ,4,3,
"11.10.2014, 15:00 ",Автомобилист , Адмирал ,5,1,
"11.10.2014, 15:00 ",Металлург Мг , Югра ,5,4,
"11.10.2014, 17:00 ",Нефтехимик , Лада ,1,4,
"11.10.2014, 17:30 ",Ак Барс , Трактор ,3,0,
"11.10.2014, 17:30 ",ЦСКА , Витязь ,1,0,
"12.10.2014, 14:00 ",Авангард , Амур ,4,1,
"12.10.2014, 15:00 ",Барыс , Металлург Нк ,4,5,  Б 
"12.10.2014, 15:00 ",Салават Юлаев , Сибирь ,2,3,
"12.10.2014, 17:00 ",Динамо М , Северсталь ,5,1,
"12.10.2014, 17:00 ",Локомотив , Торпедо ,3,4,  Б 
"12.10.2014, 17:30 ",Атлант , Медвешчак ,5,2,
"12.10.2014, 19:00 ",Слован , Йокерит ,2,4,
"13.10.2014, 17:00 ",Автомобилист , Югра ,1,0,
"13.10.2014, 17:00 ",Металлург Мг , Трактор ,6,1,
"13.10.2014, 19:30 ",Ак Барс , Адмирал ,4,3,
"13.10.2014, 19:30 ",СКА , Динамо Р ,2,1,
"14.10.2014, 16:00 ",Авангард , Сибирь ,1,3,
"14.10.2014, 17:00 ",Барыс , Амур ,5,0,
"14.10.2014, 17:00 ",Салават Юлаев , Металлург Нк ,3,0,
"14.10.2014, 19:00 ",Локомотив , Северсталь ,5,3,
"14.10.2014, 19:00 ",ХК Сочи , ЦСКА ,2,6,
"14.10.2014, 19:30 ",Витязь , Торпедо ,3,2,
"14.10.2014, 20:00 ",Динамо Мн , Атлант ,2,3,  Б 
"14.10.2014, 21:30 ",Медвешчак , Слован ,1,0,
"15.10.2014, 19:00 ",Лада , Трактор ,3,4,
"15.10.2014, 19:00 ",Нефтехимик , Югра ,3,4,  ОТ 
"15.10.2014, 19:30 ",Йокерит , Динамо Р ,5,2,
"16.10.2014, 19:00 ",Торпедо , Северсталь ,2,3,  Б 
"16.10.2014, 19:30 ",СКА , ЦСКА ,4,3,
"17.10.2014, 12:00 ",Амур , ХК Сочи ,0,2,
"17.10.2014, 13:00 ",Адмирал , Динамо М ,1,4,
"17.10.2014, 16:00 ",Металлург Нк , Витязь ,2,5,
"17.10.2014, 16:00 ",Сибирь , Локомотив ,1,4,
"17.10.2014, 17:00 ",Салават Юлаев , Авангард ,2,6,
"17.10.2014, 17:00 ",Металлург Мг , Ак Барс ,2,1,  Б 
"17.10.2014, 19:30 ",Йокерит , Барыс ,4,2,
"18.10.2014, 15:00 ",Трактор , Слован ,3,2,
"18.10.2014, 15:00 ",Югра , Медвешчак ,1,2,  ОТ 
"18.10.2014, 17:00 ",Нефтехимик , Динамо Мн ,5,4,  ОТ 
"18.10.2014, 17:30 ",Лада , Атлант ,2,1,  Б 
"19.10.2014, 10:00 ",Адмирал , ХК Сочи ,1,0,  Б 
"19.10.2014, 10:00 ",Амур , Динамо М ,2,3,
"19.10.2014, 14:00 ",Металлург Нк , Локомотив ,0,1,
"19.10.2014, 14:00 ",Сибирь , Витязь ,2,3,
"19.10.2014, 17:00 ",Северсталь , Автомобилист ,3,2,  Б 
"19.10.2014, 17:00 ",СКА , Авангард ,3,2,  ОТ 
"19.10.2014, 17:00 ",Торпедо , Ак Барс ,3,2,
"19.10.2014, 17:00 ",Йокерит , Салават Юлаев ,2,4,
"19.10.2014, 18:00 ",Динамо Р , Барыс ,2,3,
"20.10.2014, 17:00 ",Трактор , Медвешчак ,2,4,
"20.10.2014, 17:30 ",Югра , Слован ,3,4,  Б 
"20.10.2014, 19:00 ",Нефтехимик , Атлант ,2,3,
"20.10.2014, 19:30 ",Лада , Динамо Мн ,1,3,
"21.10.2014, 12:00 ",Амур , Локомотив ,5,4,  Б 
"21.10.2014, 13:00 ",Адмирал , Витязь ,5,4,
"21.10.2014, 16:00 ",Металлург Нк , Динамо М ,3,2,  Б 
"21.10.2014, 16:00 ",Сибирь , ХК Сочи ,1,2,  ОТ 
"21.10.2014, 19:00 ",Северсталь , Металлург Мг ,2,1,  Б 
"21.10.2014, 19:00 ",Торпедо , Автомобилист ,3,2,
"21.10.2014, 19:30 ",ЦСКА , Ак Барс ,2,3,  Б 
"21.10.2014, 19:30 ",СКА , Барыс ,5,3,
"21.10.2014, 19:30 ",Йокерит , Авангард ,1,2,
"21.10.2014, 20:30 ",Динамо Р , Салават Юлаев ,2,1,
"22.10.2014, 17:00 ",Трактор , Динамо Мн ,2,3,
"22.10.2014, 17:30 ",Югра , Атлант ,2,3,  Б 
"22.10.2014, 19:00 ",Нефтехимик , Слован ,1,3,
"22.10.2014, 19:30 ",Лада , Медвешчак ,2,1,
"23.10.2014, 12:00 ",Амур , Витязь ,3,4,  Б 
"23.10.2014, 13:00 ",Адмирал , Локомотив ,2,1,  Б 
"23.10.2014, 16:00 ",Металлург Нк , ХК Сочи ,1,0,
"23.10.2014, 16:00 ",Сибирь , Динамо М ,3,5,
"23.10.2014, 19:00 ",Северсталь , Ак Барс ,1,2,
"23.10.2014, 19:00 ",Торпедо , Металлург Мг ,2,1,  Б 
"23.10.2014, 19:00 ",ЦСКА , Автомобилист ,2,1,
"23.10.2014, 19:30 ",СКА , Салават Юлаев ,7,2,
"23.10.2014, 20:30 ",Динамо Р , Авангард ,3,2,  Б 
"24.10.2014, 17:00 ",Трактор , Атлант ,2,1,
"24.10.2014, 17:30 ",Югра , Динамо Мн ,2,6,
"24.10.2014, 19:00 ",Нефтехимик , Медвешчак ,4,3,  Б 
"24.10.2014, 19:30 ",Лада , Слован ,3,6,
"25.10.2014, 17:00 ",ЦСКА , Металлург Мг ,1,2,
"26.10.2014, 17:00 ",ХК Сочи , Торпедо ,1,2,
"27.10.2014, 16:00 ",Авангард , Трактор ,3,0,
"27.10.2014, 16:00 ",Барыс , Югра ,2,3,  ОТ 
"27.10.2014, 17:00 ",Салават Юлаев , Нефтехимик ,2,3,  Б 
"27.10.2014, 19:30 ",Ак Барс , Металлург Мг ,0,1,
"27.10.2014, 19:30 ",Витязь , Йокерит ,0,2,
"27.10.2014, 19:30 ",Локомотив , СКА ,3,2,  Б 
"27.10.2014, 19:30 ",Атлант , Адмирал ,2,3,  ОТ 
"27.10.2014, 19:30 ",Динамо М , Динамо Р ,3,4,
"27.10.2014, 19:30 ",Динамо Мн , Амур ,3,2,  Б 
"28.10.2014, 19:00 ",Северсталь , ЦСКА ,2,3,  ОТ 
"28.10.2014, 21:30 ",Медвешчак , Сибирь ,2,0,
"29.10.2014, 16:00 ",Авангард , Югра ,4,1,
"29.10.2014, 16:00 ",Барыс , Лада ,2,1,
"29.10.2014, 17:00 ",Автомобилист , Нефтехимик ,3,0,
"29.10.2014, 17:00 ",Салават Юлаев , Трактор ,2,3,  Б 
"29.10.2014, 19:00 ",Локомотив , Йокерит ,1,3,
"29.10.2014, 19:00 ",ХК Сочи , Динамо Р ,4,2,
"29.10.2014, 19:00 ",Динамо Мн , Адмирал ,1,0,
"29.10.2014, 19:30 ",Витязь , СКА ,4,6,
"29.10.2014, 19:30 ",Атлант , Амур ,2,1,
"29.10.2014, 21:30 ",Медвешчак , Металлург Нк ,2,1,  Б 
"30.10.2014, 19:00 ",Торпедо , ЦСКА ,3,0,
"30.10.2014, 21:30 ",Слован , Сибирь ,2,3,
"31.10.2014, 16:00 ",Авангард , Лада ,1,0,
"31.10.2014, 16:00 ",Барыс , Нефтехимик ,6,5,  Б 
"31.10.2014, 17:00 ",Автомобилист , Трактор ,1,0,
"31.10.2014, 17:00 ",Салават Юлаев , Югра ,1,3,
"31.10.2014, 19:00 ",Локомотив , Динамо Р ,4,1,
"31.10.2014, 19:00 ",ХК Сочи , Йокерит ,3,2,  Б 
"31.10.2014, 19:30 ",Атлант , Металлург Нк ,4,2,
"31.10.2014, 19:30 ",Динамо М , СКА ,4,3,  ОТ 
"31.10.2014, 21:30 ",Слован , Амур ,1,3,
"31.10.2014, 21:30 ",Медвешчак , Адмирал ,3,4,
"01.11.2014, 17:00 ",Динамо Мн , Сибирь ,1,4,
"02.11.2014, 14:00 ",Авангард , Нефтехимик ,5,1,
"02.11.2014, 15:00 ",Металлург Мг , Автомобилист ,5,4,  ОТ 
"02.11.2014, 15:00 ",Салават Юлаев , Лада ,3,2,
"02.11.2014, 17:00 ",Ак Барс , Югра ,6,1,
"02.11.2014, 17:00 ",Витязь , Динамо Р ,4,2,
"02.11.2014, 17:00 ",Северсталь , Локомотив ,2,1,  Б 
"02.11.2014, 17:00 ",ЦСКА , Атлант ,3,1,
"02.11.2014, 17:00 ",Динамо Мн , Металлург Нк ,4,1,
"02.11.2014, 17:30 ",Динамо М , Йокерит ,1,3,
"02.11.2014, 17:30 ",ХК Сочи , СКА ,1,2,
"02.11.2014, 19:00 ",Слован , Адмирал ,4,1,
"02.11.2014, 19:30 ",Медвешчак , Амур ,2,5,
"04.11.2014, 15:00 ",Автомобилист , Локомотив ,2,3,
"04.11.2014, 17:00 ",ЦСКА , Торпедо ,5,3,
"04.11.2014, 17:00 ",Динамо М , Салават Юлаев ,6,0,
"04.11.2014, 19:30 ",Йокерит , Металлург Мг ,1,4,
"05.11.2014, 12:00 ",Амур , Динамо Мн ,4,2,
"05.11.2014, 13:00 ",Адмирал , Атлант ,3,2,  ОТ 
"05.11.2014, 16:00 ",Сибирь , Слован ,1,0,  Б 
"05.11.2014, 16:00 ",Барыс , Медвешчак ,4,1,
"06.11.2014, 17:00 ",Автомобилист , Северсталь ,3,5,
"06.11.2014, 17:00 ",Трактор , Локомотив ,3,4,  ОТ 
"06.11.2014, 17:30 ",Югра , Торпедо ,3,2,  ОТ 
"06.11.2014, 18:00 ",Лада , ХК Сочи ,1,3,
"06.11.2014, 19:00 ",Нефтехимик , Витязь ,2,3,
"06.11.2014, 19:30 ",Динамо М , Авангард ,5,4,  ОТ 
"06.11.2014, 19:30 ",СКА , Металлург Мг ,1,2,
"07.11.2014, 12:00 ",Амур , Атлант ,0,2,
"07.11.2014, 13:00 ",Адмирал , Динамо Мн ,6,3,
"07.11.2014, 15:00 ",Металлург Нк , Медвешчак ,2,3,
"07.11.2014, 16:00 ",Сибирь , Динамо Р ,3,0,
"07.11.2014, 16:00 ",Барыс , Слован ,6,1,
"08.11.2014, 15:00 ",Трактор , Торпедо ,3,2,
"08.11.2014, 15:00 ",Югра , Северсталь ,3,1,
"08.11.2014, 16:00 ",Лада , Витязь ,4,5,
"08.11.2014, 17:00 ",Нефтехимик , ХК Сочи ,3,6,
"08.11.2014, 17:30 ",Ак Барс , ЦСКА ,2,3,  Б 
"09.11.2014, 13:00 ",Металлург Нк , Динамо Р ,6,3,
"10.11.2014, 17:00 ",Салават Юлаев , ХК Сочи ,6,2,
"10.11.2014, 19:30 ",Витязь , Динамо М ,0,1,
"11.11.2014, 17:30 ",Югра , Лада ,2,3,
"12.11.2014, 12:00 ",Амур , Автомобилист ,0,1,
"12.11.2014, 13:00 ",Адмирал , Ак Барс ,1,5,
"12.11.2014, 16:00 ",Сибирь , Металлург Мг ,4,1,
"12.11.2014, 16:00 ",Барыс , ХК Сочи ,5,4,  Б 
"12.11.2014, 17:00 ",Салават Юлаев , Авангард ,1,2,  Б 
"12.11.2014, 19:00 ",Торпедо , Атлант ,0,2,
"12.11.2014, 19:00 ",ЦСКА , Локомотив ,3,2,  Б 
"12.11.2014, 19:30 ",СКА , Динамо М ,1,4,
"12.11.2014, 19:30 ",Йокерит , Динамо Мн ,3,1,
"12.11.2014, 21:00 ",Слован , Медвешчак ,1,2,  Б 
"13.11.2014, 17:00 ",Трактор , Лада ,0,1,
"13.11.2014, 17:30 ",Югра , Нефтехимик ,2,4,
"14.11.2014, 12:00 ",Амур , Ак Барс ,1,8,
"14.11.2014, 13:00 ",Адмирал , Автомобилист ,1,4,
"14.11.2014, 15:00 ",Металлург Нк , Металлург Мг ,2,1,  ОТ 
"14.11.2014, 16:00 ",Барыс , Авангард ,1,3,
"14.11.2014, 19:00 ",Торпедо , Северсталь ,2,4,
"14.11.2014, 19:00 ",ЦСКА , Салават Юлаев ,7,0,
"14.11.2014, 19:30 ",Витязь , Локомотив ,4,3,  ОТ 
"14.11.2014, 20:30 ",Динамо Р , Динамо Мн ,4,1,
"14.11.2014, 21:30 ",Медвешчак , Атлант ,4,1,
"15.11.2014, 15:00 ",Трактор , Нефтехимик ,6,2,
"16.11.2014, 10:00 ",Амур , Металлург Мг ,2,1,
"16.11.2014, 13:00 ",Металлург Нк , Ак Барс ,1,3,
"16.11.2014, 14:00 ",Сибирь , Автомобилист ,3,1,
"16.11.2014, 17:00 ",Торпедо , Локомотив ,2,0,
"16.11.2014, 17:00 ",ЦСКА , Северсталь ,8,2,
"16.11.2014, 17:00 ",Йокерит , Слован ,2,1,
"16.11.2014, 18:00 ",Динамо Р , Динамо М ,3,1,
"16.11.2014, 19:30 ",Медвешчак , Витязь ,3,6,
"17.11.2014, 18:00 ",Лада , Трактор ,4,1,
"17.11.2014, 19:00 ",Нефтехимик , Югра ,3,1,
"17.11.2014, 19:30 ",СКА , Динамо Мн ,3,2,
"18.11.2014, 13:00 ",Адмирал , Металлург Мг ,2,4,
"18.11.2014, 15:00 ",Металлург Нк , Автомобилист ,3,4,
"18.11.2014, 16:00 ",Сибирь , Ак Барс ,6,1,
"18.11.2014, 17:00 ",Салават Юлаев , Барыс ,5,3,
"18.11.2014, 19:30 ",Торпедо , Витязь ,4,1,
"18.11.2014, 19:30 ",Атлант , Слован ,1,2,
"19.11.2014, 19:00 ",Северсталь , ЦСКА ,0,3,
"19.11.2014, 19:00 ",ХК Сочи , Трактор ,4,1,
"19.11.2014, 19:30 ",Динамо М , Югра ,4,1,
"19.11.2014, 22:00 ",Медвешчак , Динамо Мн ,2,5,
"20.11.2014, 16:00 ",Авангард , Барыс ,2,1,  Б 
"20.11.2014, 19:00 ",Локомотив , Нефтехимик ,4,2,
"20.11.2014, 19:30 ",Витязь , Лада ,0,2,
"20.11.2014, 19:30 ",Йокерит , СКА ,3,1,
"20.11.2014, 20:30 ",Динамо Р , Слован ,1,0,  Б 
"21.11.2014, 13:00 ",Адмирал , Амур ,3,2,
"21.11.2014, 15:00 ",Металлург Нк , Сибирь ,1,4,
"21.11.2014, 19:00 ",Торпедо , ЦСКА ,3,4,  Б 
"21.11.2014, 19:00 ",ХК Сочи , Югра ,4,1,
"22.11.2014, 15:00 ",Автомобилист , Барыс ,2,1,  ОТ 
"22.11.2014, 15:00 ",Металлург Мг , Салават Юлаев ,2,6,
"22.11.2014, 17:00 ",Витязь , Нефтехимик ,3,2,  Б 
"22.11.2014, 17:00 ",Локомотив , Лада ,2,4,
"22.11.2014, 17:00 ",Северсталь , Атлант ,3,4,  ОТ 
"22.11.2014, 17:30 ",Ак Барс , Авангард ,4,2,
"22.11.2014, 18:00 ",Динамо Р , СКА ,4,2,
"22.11.2014, 20:00 ",Медвешчак , Йокерит ,1,3,
"23.11.2014, 14:00 ",Сибирь , Металлург Нк ,4,2,
"24.11.2014, 12:00 ",Амур , Адмирал ,2,1,
"24.11.2014, 17:00 ",Автомобилист , Салават Юлаев ,3,0,
"24.11.2014, 17:00 ",Металлург Мг , Авангард ,0,4,
"24.11.2014, 17:00 ",Трактор , Лада ,3,1,
"24.11.2014, 17:30 ",Югра , Нефтехимик ,2,4,
"24.11.2014, 19:00 ",Динамо Мн , ХК Сочи ,2,4,
"24.11.2014, 19:30 ",Ак Барс , Барыс ,3,2,
"24.11.2014, 19:30 ",ЦСКА , СКА ,5,3,
"24.11.2014, 19:30 ",Динамо М , Атлант ,3,2,  Б 
"24.11.2014, 20:30 ",Динамо Р , Йокерит ,3,4,
"25.11.2014, 21:00 ",Слован , Локомотив ,1,3,
"25.11.2014, 21:30 ",Медвешчак , Витязь ,3,1,
"26.11.2014, 17:00 ",Автомобилист , Авангард ,5,2,
"26.11.2014, 19:30 ",Ак Барс , Салават Юлаев ,0,1,  Б 
"26.11.2014, 19:30 ",Атлант , ХК Сочи ,2,4,
"27.11.2014, 18:00 ",Лада , Металлург Мг ,2,4,
"27.11.2014, 19:00 ",Северсталь , Торпедо ,3,4,  Б 
"27.11.2014, 19:30 ",СКА , Металлург Нк ,6,2,
"27.11.2014, 19:30 ",Йокерит , Сибирь ,3,1,
"27.11.2014, 21:00 ",Слован , Витязь ,0,2,
"27.11.2014, 21:30 ",Медвешчак , Локомотив ,3,4,  ОТ 
"28.11.2014, 16:00 ",Авангард , Салават Юлаев ,2,1,
"28.11.2014, 20:30 ",Динамо Р , Амур ,3,1,
"29.11.2014, 14:00 ",Барыс , Адмирал ,4,5,  ОТ 
"29.11.2014, 15:00 ",Трактор , Металлург Мг ,2,3,  ОТ 
"29.11.2014, 15:00 ",Югра , Автомобилист ,4,0,
"29.11.2014, 17:00 ",Витязь , Северсталь ,2,5,
"29.11.2014, 17:00 ",Нефтехимик , Ак Барс ,1,4,
"29.11.2014, 17:00 ",СКА , Сибирь ,5,4,
"29.11.2014, 17:00 ",Динамо Мн , Медвешчак ,4,3,
"29.11.2014, 17:00 ",ХК Сочи , Торпедо ,4,1,
"29.11.2014, 17:30 ",Динамо М , ЦСКА ,3,4,  Б 
"29.11.2014, 18:00 ",Динамо Р , Металлург Нк ,1,0,
"29.11.2014, 19:30 ",Слован , Атлант ,2,1,  Б 
"30.11.2014, 17:00 ",Йокерит , Амур ,3,2,  Б 
"01.12.2014, 16:00 ",Авангард , Адмирал ,4,3,
"01.12.2014, 17:00 ",Салават Юлаев , Барыс ,3,2,
"01.12.2014, 17:00 ",Югра , Металлург Мг ,3,0,
"01.12.2014, 19:00 ",ХК Сочи , Северсталь ,3,2,  ОТ 
"01.12.2014, 19:30 ",Витязь , Атлант ,2,1,  Б 
"01.12.2014, 19:30 ",Динамо М , Торпедо ,5,3,
"01.12.2014, 19:30 ",Йокерит , Ак Барс ,2,4,
"01.12.2014, 20:30 ",Динамо Р , Сибирь ,2,3,
"01.12.2014, 21:00 ",Слован , Металлург Нк ,5,0,
"02.12.2014, 19:30 ",СКА , Амур ,7,1,
"03.12.2014, 17:00 ",Салават Юлаев , Адмирал ,2,1,
"03.12.2014, 17:00 ",Трактор , Ак Барс ,2,3,  Б 
"03.12.2014, 18:00 ",Лада , Автомобилист ,4,2,
"03.12.2014, 19:00 ",Локомотив , Динамо Мн ,4,5,
"03.12.2014, 19:00 ",Нефтехимик , Металлург Мг ,1,3,
"03.12.2014, 19:00 ",ХК Сочи , Слован ,4,1,
"03.12.2014, 19:00 ",ЦСКА , Северсталь ,9,1,
"03.12.2014, 19:30 ",Витязь , Торпедо ,3,1,
"03.12.2014, 19:30 ",Атлант , Сибирь ,2,5,
"03.12.2014, 19:30 ",Динамо М , Медвешчак ,2,3,  Б 
"03.12.2014, 19:30 ",Йокерит , Металлург Нк ,6,1,
"04.12.2014, 16:00 ",Барыс , Авангард ,0,2,
"05.12.2014, 17:00 ",Югра , Ак Барс ,4,3,  Б 
"05.12.2014, 19:00 ",Нефтехимик , Автомобилист ,1,4,
"05.12.2014, 19:00 ",ХК Сочи , Медвешчак ,6,2,
"05.12.2014, 19:30 ",Витязь , Динамо Мн ,3,5,
"05.12.2014, 19:30 ",Динамо М , Слован ,7,2,
"06.12.2014, 17:00 ",Локомотив , ЦСКА ,0,4,
"07.12.2014, 17:00 ",Атлант , Динамо Р ,4,1,
"07.12.2014, 17:00 ",Динамо М , СКА ,2,1,
"08.12.2014, 12:00 ",Амур , Нефтехимик ,0,2,
"08.12.2014, 13:00 ",Адмирал , Лада ,3,0,
"08.12.2014, 15:00 ",Металлург Нк , Югра ,0,1,
"08.12.2014, 16:00 ",Сибирь , Трактор ,0,1,
"08.12.2014, 19:00 ",Северсталь , ХК Сочи ,2,3,  Б 
"08.12.2014, 19:00 ",Динамо Мн , Салават Юлаев ,4,0,
"08.12.2014, 21:30 ",Слован , Авангард ,3,5,
"08.12.2014, 21:30 ",Медвешчак , Барыс ,3,5,
"09.12.2014, 17:00 ",Автомобилист , Йокерит ,4,0,
"09.12.2014, 17:00 ",Металлург Мг , СКА ,4,3,  ОТ 
"09.12.2014, 19:30 ",Ак Барс , Динамо Р ,3,2,
"10.12.2014, 12:00 ",Амур , Лада ,3,2,
"10.12.2014, 13:00 ",Адмирал , Нефтехимик ,5,3,
"10.12.2014, 15:00 ",Металлург Нк , Трактор ,1,6,
"10.12.2014, 16:00 ",Сибирь , Югра ,5,2,
"10.12.2014, 19:00 ",Северсталь , Локомотив ,2,1,
"10.12.2014, 19:00 ",Торпедо , ХК Сочи ,4,6,
"10.12.2014, 19:30 ",Витязь , ЦСКА ,1,4,
"10.12.2014, 19:30 ",Атлант , Салават Юлаев ,6,1,
"10.12.2014, 21:00 ",Слован , Барыс ,3,2,
"10.12.2014, 21:30 ",Медвешчак , Авангард ,2,6,
"11.12.2014, 17:00 ",Автомобилист , СКА ,1,5,
"11.12.2014, 17:00 ",Металлург Мг , Динамо Р ,5,4,
"11.12.2014, 19:30 ",Ак Барс , Йокерит ,1,2,
"12.12.2014, 12:00 ",Амур , Трактор ,2,4,
"12.12.2014, 13:00 ",Адмирал , Югра ,1,2,
"12.12.2014, 15:00 ",Металлург Нк , Лада ,5,3,
"12.12.2014, 16:00 ",Сибирь , Нефтехимик ,7,2,
"12.12.2014, 19:00 ",Торпедо , Локомотив ,1,2,
"12.12.2014, 19:00 ",ХК Сочи , Динамо М ,1,6,
"12.12.2014, 19:00 ",Динамо Мн , Авангард ,6,2,
"12.12.2014, 19:30 ",Северсталь , Витязь ,2,4,
"12.12.2014, 19:30 ",Атлант , Барыс ,3,4,
"12.12.2014, 21:30 ",Слован , Салават Юлаев ,3,2,  Б 
"13.12.2014, 15:00 ",Автомобилист , Динамо Р ,0,3,
"13.12.2014, 15:00 ",Металлург Мг , Йокерит ,3,4,
"13.12.2014, 17:30 ",Ак Барс , СКА ,3,1,
"14.12.2014, 10:00 ",Адмирал , Трактор ,4,3,  Б 
"14.12.2014, 10:00 ",Амур , Югра ,1,3,
"14.12.2014, 13:00 ",Металлург Нк , Нефтехимик ,3,2,  Б 
"14.12.2014, 14:00 ",Сибирь , Лада ,4,3,
"14.12.2014, 17:00 ",Атлант , Авангард ,3,1,
"14.12.2014, 17:00 ",Торпедо , Витязь ,5,1,
"14.12.2014, 17:00 ",ЦСКА , Динамо М ,1,2,
"14.12.2014, 17:00 ",Динамо Мн , Барыс ,5,2,
"14.12.2014, 17:00 ",ХК Сочи , Локомотив ,2,9,
"14.12.2014, 19:30 ",Медвешчак , Салават Юлаев ,1,3,
"15.12.2014, 21:00 ",Слован , Йокерит ,6,2,
"22.12.2014, 19:30 ",Йокерит , Динамо Р ,3,1,
"22.12.2014, 21:00 ",Слован , Лада ,2,3,  Б 
"22.12.2014, 22:00 ",Медвешчак , Нефтехимик ,5,3,
"23.12.2014, 19:30 ",Локомотив , Витязь ,4,2,
"24.12.2014, 12:00 ",Амур , Сибирь ,1,4,
"24.12.2014, 15:00 ",Динамо Р , ЦСКА ,4,5,
"24.12.2014, 15:00 ",Слован , Нефтехимик ,4,6,
"24.12.2014, 16:00 ",Барыс , Ак Барс ,1,4,
"24.12.2014, 17:00 ",Металлург Мг , Автомобилист ,3,0,
"24.12.2014, 17:00 ",Салават Юлаев , Авангард ,3,4,  ОТ 
"24.12.2014, 17:00 ",Трактор , Лада ,2,1,
"24.12.2014, 19:00 ",Северсталь , Динамо М ,5,2,
"24.12.2014, 19:00 ",Торпедо , ХК Сочи ,3,2,  ОТ 
"24.12.2014, 19:30 ",Динамо Мн , СКА ,2,1,  Б 
"25.12.2014, 12:00 ",Амур , Сибирь ,3,5,
"25.12.2014, 19:00 ",Локомотив , Атлант ,6,3,
"26.12.2014, 17:00 ",Автомобилист , Ак Барс ,3,0,
"26.12.2014, 17:00 ",Металлург Мг , Барыс ,7,6,  Б 
"26.12.2014, 19:00 ",Северсталь , ХК Сочи ,1,0,
"26.12.2014, 19:30 ",Торпедо , Динамо М ,2,1,  Б 
"26.12.2014, 19:30 ",ЦСКА , Авангард ,3,1,
"26.12.2014, 21:00 ",Слован , СКА ,1,6,
"27.12.2014, 17:00 ",Витязь , Атлант ,2,4,
"27.12.2014, 17:00 ",Динамо Мн , Динамо Р ,2,1,  ОТ 
"28.12.2014, 13:00 ",Металлург Нк , Амур ,2,3,
"28.12.2014, 14:00 ",Авангард , Барыс ,3,1,
"28.12.2014, 14:00 ",Сибирь , Адмирал ,3,0,
"28.12.2014, 15:00 ",Металлург Мг , Ак Барс ,2,3,
"28.12.2014, 16:00 ",Лада , Югра ,4,3,  Б 
"28.12.2014, 17:00 ",Локомотив , Северсталь ,2,1,
"28.12.2014, 17:00 ",ЦСКА , ХК Сочи ,5,3,
"28.12.2014, 17:30 ",СКА , Динамо М ,1,2,
"29.12.2014, 19:00 ",Динамо Мн , Витязь ,5,4,
"29.12.2014, 19:30 ",Атлант , Динамо Р ,2,3,
"30.12.2014, 14:00 ",Сибирь , Амур ,6,2,
"30.12.2014, 15:00 ",Металлург Нк , Адмирал ,1,4,
"30.12.2014, 16:00 ",Барыс , Трактор ,4,2,
"30.12.2014, 19:00 ",Ак Барс , Югра ,3,2,
"30.12.2014, 19:00 ",Северсталь , Торпедо ,2,3,  Б 
"30.12.2014, 19:30 ",Локомотив , ХК Сочи ,4,2,
"03.01.2015, 15:00 ",Автомобилист , Нефтехимик ,2,3,  Б 
"03.01.2015, 15:00 ",Металлург Мг , Лада ,2,0,
"03.01.2015, 18:00 ",Йокерит , Динамо Мн ,5,2,
"04.01.2015, 20:00 ",Медвешчак , Слован ,5,4,
"05.01.2015, 13:00 ",Металлург Нк , Салават Юлаев ,5,4,
"05.01.2015, 14:00 ",Сибирь , Авангард ,4,0,
"05.01.2015, 15:00 ",Металлург Мг , Нефтехимик ,1,3,
"05.01.2015, 15:00 ",Трактор , Югра ,5,2,
"05.01.2015, 17:00 ",Ак Барс , Лада ,3,0,
"05.01.2015, 17:00 ",Северсталь , Локомотив ,1,2,  Б 
"05.01.2015, 17:00 ",ЦСКА , Динамо М ,1,0,
"05.01.2015, 17:00 ",ХК Сочи , Витязь ,5,2,
"05.01.2015, 17:30 ",Атлант , Динамо Мн ,2,4,
"05.01.2015, 19:30 ",Йокерит , СКА ,1,3,
"06.01.2015, 10:00 ",Адмирал , Амур ,6,3,
"07.01.2015, 15:00 ",Автомобилист , Лада ,3,2,  ОТ 
"07.01.2015, 15:00 ",Салават Юлаев , Барыс ,1,3,
"07.01.2015, 17:00 ",Торпедо , Северсталь ,0,4,
"07.01.2015, 17:00 ",ЦСКА , Витязь ,3,2,  ОТ 
"07.01.2015, 17:30 ",Ак Барс , Нефтехимик ,3,2,
"07.01.2015, 17:30 ",ХК Сочи , Локомотив ,2,4,
"07.01.2015, 20:30 ",Динамо Р , Йокерит ,3,2,
"08.01.2015, 14:00 ",Авангард , Динамо М ,3,7,
"08.01.2015, 15:00 ",Трактор , Сибирь ,3,2,  ОТ 
"08.01.2015, 15:00 ",Югра , Металлург Нк ,3,1,
"08.01.2015, 17:30 ",Атлант , Медвешчак ,2,3,
"08.01.2015, 19:00 ",Динамо Мн , Слован ,3,2,  Б 
"09.01.2015, 17:00 ",СКА , Торпедо ,5,2,
"09.01.2015, 19:30 ",Йокерит , Северсталь ,3,2,
"10.01.2015, 14:00 ",Авангард , Ак Барс ,3,2,
"10.01.2015, 14:00 ",Барыс , Автомобилист ,4,1,
"10.01.2015, 15:00 ",Трактор , Амур ,6,4,
"10.01.2015, 15:00 ",Югра , Адмирал ,3,6,
"10.01.2015, 15:30 ",Салават Юлаев , Металлург Мг ,3,2,
"10.01.2015, 16:00 ",Лада , Металлург Нк ,6,3,
"10.01.2015, 17:00 ",Атлант , Динамо М ,2,3,
"10.01.2015, 17:00 ",Витязь , Медвешчак ,2,3,  ОТ 
"10.01.2015, 17:00 ",Локомотив , Слован ,0,2,
"10.01.2015, 17:00 ",Нефтехимик , Сибирь ,1,2,
"10.01.2015, 17:00 ",ХК Сочи , Динамо Мн ,2,3,
"11.01.2015, 17:00 ",СКА , Северсталь ,4,3,  ОТ 
"11.01.2015, 18:00 ",Динамо Р , Торпедо ,2,1,
"11.01.2015, 19:00 ",ЦСКА , Йокерит ,4,3,  ОТ 
"12.01.2015, 16:00 ",Авангард , Автомобилист ,2,1,
"12.01.2015, 16:00 ",Барыс , Металлург Мг ,2,3,
"12.01.2015, 17:00 ",Салават Юлаев , Ак Барс ,5,3,
"12.01.2015, 17:00 ",Трактор , Адмирал ,3,1,
"12.01.2015, 17:00 ",Югра , Амур ,4,2,
"12.01.2015, 18:00 ",Лада , Сибирь ,1,3,
"12.01.2015, 19:00 ",Локомотив , Медвешчак ,4,3,
"12.01.2015, 19:00 ",Нефтехимик , Металлург Нк ,6,0,
"12.01.2015, 19:30 ",Витязь , Слован ,2,1,  ОТ 
"12.01.2015, 19:30 ",ХК Сочи , Атлант ,6,4,
"13.01.2015, 19:00 ",Динамо Мн , Динамо М ,3,2,  Б 
"13.01.2015, 19:00 ",Торпедо , Йокерит ,3,4,
"13.01.2015, 19:30 ",СКА , ЦСКА ,3,1,
"13.01.2015, 20:30 ",Динамо Р , Северсталь ,2,0,
"14.01.2015, 16:00 ",Авангард , Металлург Мг ,1,3,
"14.01.2015, 17:00 ",Салават Юлаев , Автомобилист ,3,5,
"14.01.2015, 17:00 ",Трактор , Металлург Нк ,3,2,
"14.01.2015, 17:00 ",Югра , Сибирь ,2,4,
"14.01.2015, 18:30 ",Лада , Адмирал ,2,1,
"14.01.2015, 19:00 ",Нефтехимик , Амур ,2,1,
"15.01.2015, 19:00 ",ЦСКА , Торпедо ,1,0,
"15.01.2015, 19:00 ",Динамо Мн , Локомотив ,3,0,
"15.01.2015, 19:30 ",Атлант , Витязь ,3,1,
"15.01.2015, 20:30 ",Динамо Р , СКА ,2,3,  Б 
"15.01.2015, 20:30 ",Медвешчак , Динамо М ,3,4,  ОТ 
"15.01.2015, 21:30 ",Слован , ХК Сочи ,3,5,
"16.01.2015, 18:00 ",Лада , Амур ,4,2,
"16.01.2015, 19:00 ",Ак Барс , Автомобилист ,1,3,
"17.01.2015, 14:00 ",Авангард , Барыс ,4,1,
"17.01.2015, 14:00 ",Сибирь , Салават Юлаев ,1,4,
"17.01.2015, 17:00 ",Атлант , Локомотив ,1,4,
"17.01.2015, 17:00 ",Динамо Мн , Витязь ,2,5,
"17.01.2015, 19:30 ",Слован , Динамо М ,0,2,
"17.01.2015, 19:30 ",Медвешчак , ХК Сочи ,3,2,  ОТ 
"18.01.2015, 15:00 ",Трактор , Автомобилист ,4,1,
"18.01.2015, 15:00 ",Югра , Нефтехимик ,1,5,
"18.01.2015, 15:00 ",Металлург Мг , Ак Барс ,3,1,
"18.01.2015, 17:00 ",Северсталь , СКА ,2,4,
"18.01.2015, 17:00 ",Торпедо , Динамо Р ,3,4,  Б 
"18.01.2015, 17:30 ",Йокерит , ЦСКА ,2,1,
"19.01.2015, 12:00 ",Амур , Адмирал ,2,3,  ОТ 
"19.01.2015, 16:00 ",Барыс , Салават Юлаев ,3,2,
"20.01.2015, 15:00 ",Металлург Нк , Сибирь ,2,5,
"20.01.2015, 17:00 ",Автомобилист , Металлург Мг ,1,2,  Б 
"20.01.2015, 19:00 ",Локомотив , Трактор ,1,0,
"20.01.2015, 19:00 ",Северсталь , Йокерит ,2,1,
"20.01.2015, 19:00 ",Торпедо , СКА ,0,1,  Б 
"20.01.2015, 19:00 ",ХК Сочи , Нефтехимик ,2,3,  Б 
"20.01.2015, 19:30 ",Витязь , Югра ,3,4,  ОТ 
"20.01.2015, 19:30 ",ЦСКА , Динамо Р ,3,0,
"20.01.2015, 19:30 ",Динамо М , Лада ,1,2,
"20.01.2015, 21:30 ",Слован , Динамо Мн ,4,6,
"20.01.2015, 21:30 ",Медвешчак , Атлант ,2,3,
"21.01.2015, 13:00 ",Адмирал , Амур ,4,5,  Б 
"21.01.2015, 16:00 ",Авангард , Салават Юлаев ,4,5,  ОТ 
"22.01.2015, 16:00 ",Барыс , Сибирь ,3,2,
"22.01.2015, 19:00 ",Ак Барс , Металлург Мг ,3,0,
"22.01.2015, 19:00 ",Локомотив , Югра ,5,2,
"22.01.2015, 19:00 ",Северсталь , Динамо Р ,3,4,
"22.01.2015, 19:30 ",Йокерит , Торпедо ,3,2,
"22.01.2015, 19:30 ",Витязь , Трактор ,4,2,
"22.01.2015, 19:30 ",ЦСКА , СКА ,1,3,
"22.01.2015, 19:30 ",Динамо М , Нефтехимик ,2,0,
"22.01.2015, 20:00 ",Медвешчак , Динамо Мн ,4,2,
"22.01.2015, 21:00 ",Слован , Атлант ,4,5,
"23.01.2015, 13:00 ",Адмирал , Металлург Нк ,1,2,  Б 
"24.01.2015, 10:00 ",Адмирал , Металлург Нк ,3,2,
"26.01.2015, 17:00 ",Салават Юлаев , СКА ,3,1,
"26.01.2015, 19:00 ",Нефтехимик , Трактор ,4,2,
"27.01.2015, 15:00 ",Металлург Нк , Амур ,2,4,
"27.01.2015, 16:00 ",Сибирь , Адмирал ,2,1,
"28.01.2015, 16:00 ",Авангард , ЦСКА ,2,4,
"28.01.2015, 16:00 ",Барыс , Северсталь ,3,2,  ОТ 
"28.01.2015, 17:00 ",Автомобилист , Трактор ,1,3,
"28.01.2015, 17:00 ",Металлург Мг , Динамо Мн ,3,2,
"28.01.2015, 17:00 ",Салават Юлаев , Торпедо ,0,6,
"28.01.2015, 19:00 ",Ак Барс , Югра ,3,1,
"28.01.2015, 19:00 ",Локомотив , Витязь ,2,1,  Б 
"28.01.2015, 19:30 ",Динамо М , ХК Сочи ,3,0,
"28.01.2015, 19:30 ",СКА , Слован ,1,2,  Б 
"28.01.2015, 19:30 ",Йокерит , Медвешчак ,1,4,
"28.01.2015, 20:30 ",Динамо Р , Атлант ,3,1,
"29.01.2015, 15:00 ",Металлург Нк , Адмирал ,5,4,  Б 
"29.01.2015, 16:00 ",Сибирь , Амур ,4,1,
"29.01.2015, 19:00 ",Нефтехимик , Лада ,4,3,  Б 
"30.01.2015, 16:00 ",Авангард , Торпедо ,2,3,
"30.01.2015, 16:00 ",Барыс , ЦСКА ,1,5,
"30.01.2015, 17:00 ",Автомобилист , Динамо Мн ,4,3,  Б 
"30.01.2015, 17:00 ",Металлург Мг , Югра ,5,3,
"30.01.2015, 17:00 ",Салават Юлаев , Северсталь ,4,5,
"30.01.2015, 19:00 ",Ак Барс , Трактор ,2,1,
"30.01.2015, 19:00 ",ХК Сочи , Витязь ,5,2,
"30.01.2015, 19:30 ",СКА , Атлант ,1,3,
"30.01.2015, 19:30 ",Йокерит , Слован ,4,0,
"30.01.2015, 19:30 ",Динамо М , Локомотив ,1,0,
"30.01.2015, 20:30 ",Динамо Р , Медвешчак ,1,2,
"01.02.2015, 10:00 ",Адмирал , Сибирь ,2,1,
"01.02.2015, 10:00 ",Амур , Металлург Нк ,0,3,
"01.02.2015, 14:00 ",Авангард , Северсталь ,2,3,  ОТ 
"01.02.2015, 15:00 ",Автомобилист , Югра ,2,0,
"01.02.2015, 15:00 ",Металлург Мг , Трактор ,2,0,
"01.02.2015, 15:00 ",Салават Юлаев , ЦСКА ,1,2,
"01.02.2015, 16:00 ",Лада , Нефтехимик ,6,2,
"01.02.2015, 17:00 ",Ак Барс , Динамо Мн ,2,1,
"01.02.2015, 17:00 ",СКА , Медвешчак ,5,2,
"01.02.2015, 17:00 ",Динамо М , Витязь ,3,2,
"01.02.2015, 17:30 ",Йокерит , Атлант ,2,0,
"01.02.2015, 17:30 ",ХК Сочи , Локомотив ,4,1,
"01.02.2015, 18:00 ",Динамо Р , Слован ,6,0,
"02.02.2015, 12:00 ",Амур , Металлург Нк ,2,1,
"02.02.2015, 13:00 ",Адмирал , Сибирь ,2,4,
"03.02.2015, 16:00 ",Авангард , СКА ,2,3,
"03.02.2015, 17:00 ",Автомобилист , Лада ,1,2,  Б 
"03.02.2015, 17:00 ",Трактор , Нефтехимик ,2,3,
"03.02.2015, 19:00 ",Динамо Мн , Медвешчак ,3,2,
"03.02.2015, 19:00 ",Ак Барс , Динамо М ,1,4,
"03.02.2015, 19:00 ",ЦСКА , Локомотив ,3,2,
"03.02.2015, 19:30 ",Атлант , Слован ,4,3,
"04.02.2015, 17:00 ",Салават Юлаев , Йокерит ,0,2,
"04.02.2015, 19:30 ",ХК Сочи , Барыс ,2,4,
"05.02.2015, 17:00 ",Югра , Лада ,2,1,  Б 
"05.02.2015, 19:00 ",Нефтехимик , Адмирал ,3,2,
"05.02.2015, 20:30 ",Динамо Р , Автомобилист ,1,3,
"06.02.2015, 16:00 ",Авангард , Йокерит ,4,3,
"06.02.2015, 19:00 ",Северсталь , Металлург Нк ,3,0,
"06.02.2015, 19:00 ",Торпедо , Барыс ,2,1,
"06.02.2015, 19:00 ",ХК Сочи , Сибирь ,7,3,
"07.02.2015, 17:00 ",Атлант , Автомобилист ,2,3,  Б 
"07.02.2015, 17:00 ",Витязь , Адмирал ,2,1,
"07.02.2015, 17:30 ",Динамо Мн , Югра ,3,1,
"07.02.2015, 18:00 ",Динамо Р , Трактор ,2,4,
"08.02.2015, 17:00 ",Северсталь , Сибирь ,0,3,
"08.02.2015, 17:00 ",Торпедо , Металлург Нк ,3,2,
"09.02.2015, 17:00 ",Металлург Мг , ЦСКА ,1,3,
"09.02.2015, 18:00 ",Лада , Автомобилист ,1,3,
"09.02.2015, 19:00 ",Локомотив , Адмирал ,0,3,
"09.02.2015, 19:00 ",Динамо Мн , Трактор ,2,4,
"09.02.2015, 19:30 ",Йокерит , Динамо М ,1,2,
"09.02.2015, 19:30 ",СКА , Ак Барс ,1,5,
"09.02.2015, 19:30 ",Витязь , Амур ,3,2,
"09.02.2015, 19:30 ",Атлант , Югра ,6,1,
"11.02.2015, 15:00 ",Металлург Нк , Барыс ,3,2,  Б 
"11.02.2015, 16:00 ",Сибирь , Авангард ,1,2,  Б 
"11.02.2015, 17:00 ",Металлург Мг , Нефтехимик ,4,3,
"11.02.2015, 17:00 ",Югра , Трактор ,1,2,  ОТ 
"11.02.2015, 19:00 ",Локомотив , Амур ,2,1,  ОТ 
"11.02.2015, 19:00 ",Северсталь , Медвешчак ,4,3,  Б 
"11.02.2015, 19:00 ",Торпедо , ХК Сочи ,2,1,  Б 
"11.02.2015, 19:00 ",ЦСКА , Слован ,12,0,
"11.02.2015, 19:30 ",Витязь , Динамо М ,3,6,
"11.02.2015, 19:30 ",СКА , Динамо Р ,3,1,
"12.02.2015, 13:00 ",Адмирал , Салават Юлаев ,1,3,
"12.02.2015, 19:00 ",Динамо Мн , Атлант ,2,3,
"13.02.2015, 13:00 ",Адмирал , Салават Юлаев ,6,2,
"13.02.2015, 15:00 ",Металлург Нк , Авангард ,2,3,
"13.02.2015, 16:00 ",Сибирь , Барыс ,4,0,
"13.02.2015, 17:00 ",Автомобилист , Нефтехимик ,2,3,
"13.02.2015, 17:00 ",Металлург Мг , Трактор ,2,1,  ОТ 
"13.02.2015, 19:00 ",Ак Барс , Лада ,1,2,
"13.02.2015, 19:00 ",Торпедо , Слован ,3,1,
"13.02.2015, 19:00 ",ЦСКА , Медвешчак ,5,2,
"13.02.2015, 19:30 ",Витязь , ХК Сочи ,1,5,
"13.02.2015, 19:30 ",Локомотив , Динамо М ,4,3,
"14.02.2015, 17:00 ",Атлант , Динамо Мн ,4,3,
"15.02.2015, 10:00 ",Адмирал , Авангард ,3,1,
"15.02.2015, 10:00 ",Амур , Барыс ,3,5,
"15.02.2015, 13:00 ",Металлург Нк , Салават Юлаев ,5,2,
"15.02.2015, 15:00 ",Металлург Мг , Лада ,3,4,  ОТ 
"15.02.2015, 15:00 ",Трактор , Югра ,4,2,
"15.02.2015, 17:00 ",Ак Барс , Нефтехимик ,1,2,
"15.02.2015, 17:00 ",Локомотив , ХК Сочи ,1,2,  ОТ 
"15.02.2015, 17:00 ",Северсталь , Слован ,4,2,
"15.02.2015, 17:00 ",Торпедо , Медвешчак ,3,1,
"15.02.2015, 17:30 ",СКА , Йокерит ,2,1,  Б 
"15.02.2015, 17:30 ",ЦСКА , Динамо М ,0,2,
"16.02.2015, 12:00 ",Амур , Барыс ,2,3,
"16.02.2015, 13:00 ",Адмирал , Авангард ,2,3,  ОТ 
"17.02.2015, 16:00 ",Сибирь , Салават Юлаев ,4,2,
"17.02.2015, 19:30 ",Витязь , Медвешчак ,3,1,
"18.02.2015, 17:00 ",Трактор , Ак Барс ,2,1,  Б 
"18.02.2015, 18:00 ",Лада , Автомобилист ,1,3,
"18.02.2015, 19:00 ",Нефтехимик , Металлург Мг ,4,2,
"18.02.2015, 19:00 ",ХК Сочи , Торпедо ,3,4,
"18.02.2015, 19:00 ",Динамо Мн , СКА ,1,7,
"18.02.2015, 19:30 ",Локомотив , ЦСКА ,2,3,  Б 
"18.02.2015, 19:30 ",Атлант , Йокерит ,2,4,
"18.02.2015, 19:30 ",Динамо М , Северсталь ,1,3,
"18.02.2015, 21:00 ",Слован , Динамо Р ,3,4,
"20.02.2015, 16:00 ",Авангард , Сибирь ,3,0,
"20.02.2015, 16:00 ",Барыс , Металлург Нк ,2,0,
"20.02.2015, 17:00 ",Югра , Ак Барс ,1,2,  Б 
"20.02.2015, 18:00 ",Лада , Металлург Мг ,3,4,
"20.02.2015, 19:00 ",Локомотив , Торпедо ,2,1,
"20.02.2015, 19:00 ",Нефтехимик , Автомобилист ,4,5,
"20.02.2015, 19:00 ",ХК Сочи , Северсталь ,4,5,  Б 
"20.02.2015, 19:00 ",Динамо Мн , Йокерит ,3,1,
"20.02.2015, 19:30 ",Атлант , СКА ,1,0,
"20.02.2015, 19:30 ",Динамо М , ЦСКА ,2,1,  ОТ 
"20.02.2015, 21:30 ",Медвешчак , Динамо Р ,1,3,
"21.02.2015, 10:00 ",Амур , Адмирал ,1,2,
"22.02.2015, 14:00 ",Барыс , Сибирь ,1,0,
"22.02.2015, 15:00 ",Салават Юлаев , Металлург Нк ,4,1,
"22.02.2015, 15:00 ",Трактор , Металлург Мг ,2,4,
"22.02.2015, 15:00 ",Югра , Автомобилист ,1,0,
"22.02.2015, 16:00 ",Лада , Ак Барс ,1,4,
"22.02.2015, 17:00 ",Витязь , Северсталь ,1,4,
"22.02.2015, 17:00 ",Динамо М , Торпедо ,2,3,
"22.02.2015, 17:00 ",Динамо Мн , Динамо Р ,1,0,
"22.02.2015, 17:30 ",ХК Сочи , ЦСКА ,2,3,  Б 
"22.02.2015, 19:00 ",Слован , СКА ,5,2,
"22.02.2015, 20:00 ",Медвешчак , Йокерит ,4,5,  Б 
"24.02.2015, 13:00 ",Адмирал , Амур ,6,0,
"24.02.2015, 16:00 ",Авангард , Металлург Нк ,2,3,  ОТ 
"24.02.2015, 16:00 ",Барыс , Торпедо ,4,2,
"24.02.2015, 17:00 ",Салават Юлаев , Сибирь ,3,2,
"24.02.2015, 17:00 ",Трактор , Автомобилист ,3,2,  Б 
"24.02.2015, 17:00 ",Югра , Металлург Мг ,4,3,  ОТ 
"24.02.2015, 19:00 ",Локомотив , Северсталь ,2,1,  ОТ 
"24.02.2015, 19:00 ",Нефтехимик , Ак Барс ,0,6,
"24.02.2015, 19:30 ",Витязь , ЦСКА ,1,2,  ОТ 
"24.02.2015, 19:30 ",ХК Сочи , Лада ,3,1,
"24.02.2015, 19:30 ",Атлант , Динамо Р ,7,2,
"24.02.2015, 19:30 ",Динамо М , Динамо Мн ,3,1,
"24.02.2015, 21:00 ",Слован , Йокерит ,2,3,  ОТ 
