"01.09.2014, 18:30 ",Алмаз , Капитан ,3,4,  Б 
"02.09.2014, 14:00 ",СКА-Серебряные Львы , Амурские Тигры ,5,2,
"02.09.2014, 15:00 ",Стальные Лисы , Кузнецкие Медведи ,3,0,
"02.09.2014, 17:00 ",Белые Медведи , Кристалл ,2,3,
"02.09.2014, 17:00 ",Чайка , Авто ,2,3,  Б 
"02.09.2014, 17:00 ",Снежные Барсы , Белые Тигры ,5,3,
"02.09.2014, 19:00 ",СКА-1946 , Сахалинские Акулы ,4,2,
"02.09.2014, 20:00 ",Олимпия , Юниор ,1,2,  Б 
"03.09.2014, 18:00 ",Реактор , Сибирские Снайперы ,1,2,
"03.09.2014, 18:30 ",Ирбис , Мамонты Югры ,0,2,
"03.09.2014, 18:30 ",Челны , Тюменский Легион ,4,8,
"03.09.2014, 18:30 ",Алмаз , Русские Витязи ,5,4,
"03.09.2014, 18:30 ",Динамо СПб , Беркуты Кубани ,4,0,
"03.09.2014, 19:00 ",Ладья , Омские Ястребы ,6,3,
"03.09.2014, 19:30 ",Локо , Капитан ,1,0,
"03.09.2014, 19:30 ",Динамо-Шинник , МХК Спартак ,3,4,  Б 
"03.09.2014, 19:30 ",Юность , Красная Армия ,2,3,  Б 
"03.09.2014, 20:00 ",Ред Булл , МХК Химик ,1,3,
"03.09.2014, 20:00 ",Энергия , Атланты ,4,5,
"03.09.2014, 20:35 ",ХК Рига , ХК МВД ,3,4,  Б 
"04.09.2014, 14:00 ",СКА-Серебряные Львы , Сахалинские Акулы ,4,2,
"04.09.2014, 15:00 ",Стальные Лисы , Кристалл ,1,3,
"04.09.2014, 17:00 ",Белые Медведи , Кузнецкие Медведи ,5,0,
"04.09.2014, 17:00 ",Чайка , Юниор ,6,2,
"04.09.2014, 18:30 ",Олимпия , Авто ,3,2,
"04.09.2014, 19:00 ",СКА-1946 , Амурские Тигры ,7,1,
"05.09.2014, 16:00 ",Ред Булл , Атланты ,4,3,
"05.09.2014, 16:30 ",Толпар , Снежные Барсы ,3,4,
"05.09.2014, 18:00 ",Реактор , Омские Ястребы ,2,3,
"05.09.2014, 18:30 ",Ирбис , Тюменский Легион ,1,5,
"05.09.2014, 18:30 ",Челны , Мамонты Югры ,1,6,
"05.09.2014, 18:30 ",Динамо СПб , ХК МВД ,1,5,
"05.09.2014, 19:00 ",Ладья , Сибирские Снайперы ,5,6,
"05.09.2014, 19:30 ",Локо , Русские Витязи ,4,2,
"05.09.2014, 19:30 ",Динамо-Шинник , Красная Армия ,2,3,  Б 
"05.09.2014, 19:30 ",Юность , МХК Спартак ,2,4,
"05.09.2014, 20:00 ",Энергия , МХК Химик ,8,3,
"05.09.2014, 20:35 ",ХК Рига , Беркуты Кубани ,2,0,
"06.09.2014, 13:00 ",СКА-1946 , Капитан ,3,2,
"07.09.2014, 11:00 ",Белые Медведи , Снежные Барсы ,6,0,
"07.09.2014, 13:00 ",Ирбис , Авто ,2,3,
"07.09.2014, 13:00 ",Чайка , Кристалл ,6,4,
"07.09.2014, 14:00 ",Олимпия , Кузнецкие Медведи ,4,3,
"07.09.2014, 14:00 ",Юность , Сахалинские Акулы ,5,2,
"07.09.2014, 14:00 ",СКА-Серебряные Львы , Капитан ,9,3,
"07.09.2014, 14:30 ",Динамо-Шинник , Амурские Тигры ,4,3,  ОТ 
"07.09.2014, 17:00 ",Ладья , Мамонты Югры ,0,5,
"07.09.2014, 17:00 ",Челны , Юниор ,4,2,
"07.09.2014, 18:05 ",ХК Рига , Красная Армия ,1,3,
"08.09.2014, 13:00 ",Толпар , Сибирские Снайперы ,6,2,
"08.09.2014, 17:00 ",Белые Тигры , Омские Ястребы ,5,4,
"08.09.2014, 18:00 ",Реактор , Тюменский Легион ,2,1,
"08.09.2014, 19:00 ",СКА-1946 , Русские Витязи ,2,1,
"09.09.2014, 14:00 ",СКА-Серебряные Львы , Русские Витязи ,2,3,  Б 
"09.09.2014, 15:00 ",Стальные Лисы , Снежные Барсы ,4,2,
"09.09.2014, 17:00 ",Чайка , Кузнецкие Медведи ,5,2,
"09.09.2014, 18:30 ",Ирбис , Юниор ,3,4,  ОТ 
"09.09.2014, 18:30 ",Челны , Авто ,2,3,
"09.09.2014, 18:30 ",Олимпия , Кристалл ,5,3,
"09.09.2014, 18:30 ",Алмаз , МХК Химик ,5,1,
"09.09.2014, 18:30 ",Динамо СПб , Красная Армия ,3,2,
"09.09.2014, 19:30 ",Локо , Атланты ,5,2,
"09.09.2014, 19:30 ",Динамо-Шинник , Сахалинские Акулы ,1,0,
"09.09.2014, 19:30 ",Юность , Амурские Тигры ,4,3,  Б 
"09.09.2014, 20:00 ",Ред Булл , Беркуты Кубани ,3,2,
"09.09.2014, 20:00 ",Энергия , ХК МВД ,3,2,
"09.09.2014, 20:35 ",ХК Рига , МХК Спартак ,1,2,
"10.09.2014, 13:00 ",Толпар , Омские Ястребы ,2,3,  Б 
"10.09.2014, 17:00 ",Белые Тигры , Сибирские Снайперы ,4,5,
"10.09.2014, 18:00 ",Реактор , Мамонты Югры ,2,3,
"10.09.2014, 19:00 ",Ладья , Тюменский Легион ,1,2,
"11.09.2014, 18:30 ",Алмаз , Атланты ,3,2,
"11.09.2014, 18:30 ",Динамо СПб , МХК Спартак ,3,4,  Б 
"11.09.2014, 19:30 ",Локо , МХК Химик ,3,1,
"11.09.2014, 20:00 ",Ред Булл , ХК МВД ,3,2,
"11.09.2014, 20:00 ",Энергия , Беркуты Кубани ,6,1,
"14.09.2014, 10:00 ",Омские Ястребы , Белые Медведи ,3,4,  ОТ 
"14.09.2014, 10:00 ",Сибирские Снайперы , Стальные Лисы ,2,1,  ОТ 
"14.09.2014, 10:00 ",Кристалл , Ирбис ,5,2,
"14.09.2014, 10:00 ",Кузнецкие Медведи , Челны ,2,1,  Б 
"14.09.2014, 11:00 ",Авто , Ладья ,4,3,  Б 
"14.09.2014, 13:00 ",Русские Витязи , Динамо-Шинник ,3,6,
"14.09.2014, 15:00 ",Юниор , Реактор ,1,4,
"14.09.2014, 15:00 ",Мамонты Югры , Белые Тигры ,5,6,
"14.09.2014, 15:00 ",Тюменский Легион , Толпар ,2,4,
"14.09.2014, 15:00 ",Снежные Барсы , Чайка ,4,3,  ОТ 
"14.09.2014, 17:00 ",Капитан , Юность ,2,3,
"15.09.2014, 18:00 ",Атланты , СКА-1946 ,4,2,
"15.09.2014, 18:30 ",МХК Химик , СКА-Серебряные Львы ,1,2,
"15.09.2014, 19:00 ",Беркуты Кубани , Алмаз ,4,1,
"15.09.2014, 19:00 ",ХК МВД , Локо ,2,1,
"15.09.2014, 19:30 ",МХК Спартак , Ред Булл ,3,4,  Б 
"16.09.2014, 12:00 ",Амурские Тигры , Динамо СПб ,2,1,
"16.09.2014, 12:30 ",Сахалинские Акулы , ХК Рига ,2,7,
"16.09.2014, 14:00 ",Омские Ястребы , Стальные Лисы ,0,2,
"16.09.2014, 15:00 ",Авто , Реактор ,4,5,  Б 
"16.09.2014, 15:00 ",Сибирские Снайперы , Белые Медведи ,3,4,
"16.09.2014, 15:00 ",Кристалл , Челны ,2,5,
"16.09.2014, 15:00 ",Кузнецкие Медведи , Ирбис ,3,7,
"16.09.2014, 16:30 ",Юниор , Ладья ,2,1,  Б 
"16.09.2014, 17:00 ",Мамонты Югры , Толпар ,4,3,
"16.09.2014, 17:00 ",Тюменский Легион , Белые Тигры ,7,3,
"16.09.2014, 17:00 ",Снежные Барсы , Олимпия ,5,4,  ОТ 
"16.09.2014, 17:00 ",Русские Витязи , Юность ,1,2,  Б 
"16.09.2014, 19:00 ",Капитан , Динамо-Шинник ,1,0,  ОТ 
"17.09.2014, 13:00 ",Беркуты Кубани , Локо ,3,2,
"17.09.2014, 17:00 ",Красная Армия , Ред Булл ,3,4,
"17.09.2014, 18:00 ",Атланты , СКА-Серебряные Львы ,4,3,
"17.09.2014, 18:30 ",МХК Химик , СКА-1946 ,3,2,
"17.09.2014, 19:00 ",ХК МВД , Алмаз ,4,2,
"17.09.2014, 19:30 ",МХК Спартак , Энергия ,2,3,  Б 
"18.09.2014, 12:30 ",Сахалинские Акулы , Динамо СПб ,3,1,
"18.09.2014, 17:00 ",Красная Армия , Энергия ,5,1,
"18.09.2014, 17:00 ",Русские Витязи , Ред Булл ,6,4,
"19.09.2014, 12:00 ",Амурские Тигры , ХК Рига ,1,4,
"19.09.2014, 13:00 ",Мамонты Югры , Белые Медведи ,1,2,
"19.09.2014, 15:00 ",Авто , Белые Тигры ,2,4,
"19.09.2014, 15:00 ",Кристалл , Ладья ,3,4,
"19.09.2014, 15:00 ",Кузнецкие Медведи , Реактор ,3,2,
"19.09.2014, 16:30 ",Юниор , Толпар ,3,2,
"19.09.2014, 17:00 ",Тюменский Легион , Стальные Лисы ,4,8,
"19.09.2014, 17:00 ",Снежные Барсы , Ирбис ,4,1,
"19.09.2014, 18:00 ",Атланты , Юность ,6,0,
"19.09.2014, 18:30 ",МХК Химик , Динамо-Шинник ,0,2,
"20.09.2014, 10:00 ",Омские Ястребы , Чайка ,4,3,
"20.09.2014, 10:00 ",Сибирские Снайперы , Олимпия ,4,5,  Б 
"20.09.2014, 13:00 ",Красная Армия , Локо ,2,4,
"20.09.2014, 13:00 ",Беркуты Кубани , СКА-Серебряные Львы ,6,2,
"20.09.2014, 13:00 ",ХК МВД , СКА-1946 ,2,3,
"20.09.2014, 14:00 ",МХК Спартак , Алмаз ,2,3,
"21.09.2014, 06:00 ",Амурские Тигры , Ред Булл ,5,3,
"21.09.2014, 10:00 ",Кристалл , Реактор ,3,4,  Б 
"21.09.2014, 10:00 ",Кузнецкие Медведи , Ладья ,2,1,  ОТ 
"21.09.2014, 10:00 ",Сахалинские Акулы , Энергия ,5,6,  Б 
"21.09.2014, 11:00 ",Авто , Толпар ,4,5,
"21.09.2014, 13:00 ",Атланты , Динамо-Шинник ,5,0,
"21.09.2014, 13:00 ",Русские Витязи , Динамо СПб ,0,4,
"21.09.2014, 15:00 ",Юниор , Белые Тигры ,2,3,  ОТ 
"21.09.2014, 15:00 ",Мамонты Югры , Стальные Лисы ,1,2,  Б 
"21.09.2014, 15:00 ",Тюменский Легион , Белые Медведи ,1,5,
"21.09.2014, 17:00 ",МХК Химик , Юность ,4,2,
"21.09.2014, 17:00 ",Капитан , ХК Рига ,3,2,  Б 
"22.09.2014, 15:00 ",Сибирские Снайперы , Чайка ,0,3,
"22.09.2014, 17:00 ",Снежные Барсы , Челны ,7,1,
"22.09.2014, 17:00 ",Красная Армия , Алмаз ,2,3,
"22.09.2014, 19:00 ",Беркуты Кубани , СКА-1946 ,3,4,
"22.09.2014, 19:00 ",ХК МВД , СКА-Серебряные Львы ,3,2,  Б 
"22.09.2014, 19:30 ",МХК Спартак , Локо ,0,6,
"23.09.2014, 12:00 ",Амурские Тигры , Энергия ,3,2,
"23.09.2014, 12:30 ",Сахалинские Акулы , Ред Булл ,4,2,
"23.09.2014, 14:00 ",Омские Ястребы , Олимпия ,3,1,
"23.09.2014, 17:00 ",Русские Витязи , ХК Рига ,3,1,
"23.09.2014, 19:00 ",Капитан , Динамо СПб ,4,3,
"25.09.2014, 17:00 ",Белые Медведи , Авто ,2,1,
"26.09.2014, 13:00 ",Толпар , Кузнецкие Медведи ,2,4,
"26.09.2014, 14:00 ",СКА-Серебряные Львы , МХК Спартак ,1,2,  ОТ 
"26.09.2014, 15:00 ",Стальные Лисы , Юниор ,4,1,
"26.09.2014, 17:00 ",Белые Тигры , Кристалл ,1,3,
"26.09.2014, 17:00 ",Челны , Сибирские Снайперы ,1,6,
"26.09.2014, 17:00 ",Чайка , Мамонты Югры ,3,5,
"26.09.2014, 18:30 ",Ирбис , Омские Ястребы ,1,6,
"26.09.2014, 18:30 ",Олимпия , Тюменский Легион ,3,4,  Б 
"26.09.2014, 18:30 ",Алмаз , Амурские Тигры ,8,0,
"26.09.2014, 19:00 ",Ладья , Снежные Барсы ,2,3,  ОТ 
"26.09.2014, 19:00 ",СКА-1946 , Красная Армия ,3,4,  Б 
"26.09.2014, 19:30 ",Локо , Сахалинские Акулы ,4,3,
"26.09.2014, 19:30 ",Динамо-Шинник , Беркуты Кубани ,1,3,
"26.09.2014, 19:30 ",Юность , ХК МВД ,2,5,
"27.09.2014, 14:00 ",ХК Рига , Атланты ,0,4,
"27.09.2014, 17:00 ",Динамо СПб , МХК Химик ,5,1,
"27.09.2014, 18:40 ",Ред Булл , Русские Витязи ,6,0,
"27.09.2014, 19:00 ",Энергия , Капитан ,3,2,
"28.09.2014, 11:00 ",Стальные Лисы , Авто ,1,2,  Б 
"28.09.2014, 11:00 ",Толпар , Кристалл ,7,6,  Б 
"28.09.2014, 12:00 ",Белые Медведи , Юниор ,6,0,
"28.09.2014, 13:00 ",Реактор , Снежные Барсы ,0,2,
"28.09.2014, 13:00 ",Ирбис , Сибирские Снайперы ,4,3,  Б 
"28.09.2014, 13:00 ",Чайка , Тюменский Легион ,4,1,
"28.09.2014, 13:00 ",СКА-1946 , МХК Спартак ,5,2,
"28.09.2014, 14:00 ",Олимпия , Мамонты Югры ,3,4,  Б 
"28.09.2014, 14:00 ",Алмаз , Сахалинские Акулы ,4,3,  Б 
"28.09.2014, 14:00 ",Локо , Амурские Тигры ,9,0,
"28.09.2014, 14:00 ",Юность , Беркуты Кубани ,2,1,
"28.09.2014, 14:30 ",Динамо-Шинник , ХК МВД ,0,3,
"28.09.2014, 15:00 ",Белые Тигры , Кузнецкие Медведи ,3,2,
"28.09.2014, 17:00 ",Челны , Омские Ястребы ,2,5,
"28.09.2014, 17:00 ",СКА-Серебряные Львы , Красная Армия ,2,4,
"29.09.2014, 18:30 ",Динамо СПб , Атланты ,5,2,
"29.09.2014, 20:00 ",Энергия , Русские Витязи ,5,3,
"29.09.2014, 20:35 ",ХК Рига , МХК Химик ,4,1,
"29.09.2014, 21:00 ",Ред Булл , Капитан ,4,5,  ОТ 
"02.10.2014, 14:00 ",Омские Ястребы , Сибирские Снайперы ,3,4,
"02.10.2014, 17:00 ",Тюменский Легион , Снежные Барсы ,1,7,
"03.10.2014, 14:00 ",Омские Ястребы , Сибирские Снайперы ,4,2,
"03.10.2014, 15:00 ",Стальные Лисы , Олимпия ,4,1,
"03.10.2014, 15:00 ",Авто , Кристалл ,3,2,
"03.10.2014, 16:30 ",Толпар , Челны ,7,3,
"03.10.2014, 16:30 ",Юниор , Кузнецкие Медведи ,5,1,
"03.10.2014, 17:00 ",Белые Медведи , Чайка ,2,1,
"03.10.2014, 17:00 ",Белые Тигры , Ирбис ,4,3,
"03.10.2014, 17:00 ",Тюменский Легион , Снежные Барсы ,5,4,  ОТ 
"03.10.2014, 17:00 ",Ред Булл , Динамо-Шинник ,0,2,
"03.10.2014, 17:00 ",Красная Армия , Атланты ,2,3,
"03.10.2014, 18:30 ",Алмаз , СКА-Серебряные Львы ,7,3,
"03.10.2014, 19:30 ",Локо , СКА-1946 ,4,1,
"03.10.2014, 19:30 ",МХК Спартак , МХК Химик ,3,2,  ОТ 
"03.10.2014, 21:00 ",Энергия , Юность ,5,1,
"04.10.2014, 06:00 ",Амурские Тигры , Русские Витязи ,2,5,
"04.10.2014, 10:00 ",Сахалинские Акулы , Капитан ,1,3,
"04.10.2014, 11:00 ",Стальные Лисы , Олимпия ,4,5,  Б 
"04.10.2014, 11:00 ",Толпар , Челны ,4,6,
"04.10.2014, 11:00 ",Авто , Кристалл ,2,3,
"04.10.2014, 13:00 ",Красная Армия , Атланты ,8,4,
"04.10.2014, 13:00 ",Беркуты Кубани , ХК МВД ,7,4,
"04.10.2014, 14:00 ",Алмаз , СКА-Серебряные Львы ,2,1,  Б 
"04.10.2014, 14:00 ",Локо , СКА-1946 ,10,1,
"04.10.2014, 14:00 ",МХК Спартак , МХК Химик ,2,3,  Б 
"04.10.2014, 15:00 ",Белые Тигры , Ирбис ,1,2,
"04.10.2014, 15:00 ",Юниор , Кузнецкие Медведи ,4,2,
"04.10.2014, 17:00 ",Динамо СПб , ХК Рига ,3,2,
"04.10.2014, 18:30 ",Ред Булл , Динамо-Шинник ,4,3,  Б 
"04.10.2014, 19:00 ",Энергия , Юность ,3,2,  Б 
"05.10.2014, 06:00 ",Амурские Тигры , Русские Витязи ,1,5,
"05.10.2014, 07:00 ",Сахалинские Акулы , Капитан ,8,6,
"05.10.2014, 12:00 ",Белые Медведи , Чайка ,5,4,
"05.10.2014, 13:00 ",Беркуты Кубани , ХК МВД ,2,4,
"05.10.2014, 17:00 ",Динамо СПб , ХК Рига ,3,4,  ОТ 
"06.10.2014, 13:00 ",Мамонты Югры , Снежные Барсы ,3,2,
"07.10.2014, 15:00 ",Стальные Лисы , Чайка ,2,3,  Б 
"07.10.2014, 15:00 ",Авто , Кузнецкие Медведи ,3,4,  Б 
"07.10.2014, 16:30 ",Толпар , Ирбис ,7,3,
"07.10.2014, 16:30 ",Юниор , Кристалл ,0,4,
"07.10.2014, 17:00 ",Белые Медведи , Олимпия ,4,2,
"07.10.2014, 17:00 ",Белые Тигры , Челны ,3,2,
"07.10.2014, 17:00 ",Мамонты Югры , Снежные Барсы ,4,3,
"07.10.2014, 17:00 ",Ред Булл , Юность ,1,0,  Б 
"07.10.2014, 17:00 ",Красная Армия , МХК Химик ,4,2,
"07.10.2014, 18:30 ",Алмаз , СКА-1946 ,7,2,
"07.10.2014, 19:00 ",Ладья , Реактор ,3,1,
"07.10.2014, 19:30 ",Локо , СКА-Серебряные Львы ,5,0,
"07.10.2014, 19:30 ",МХК Спартак , Атланты ,5,1,
"07.10.2014, 20:00 ",Энергия , Динамо-Шинник ,0,1,  Б 
"08.10.2014, 12:00 ",Амурские Тигры , Капитан ,1,4,
"08.10.2014, 12:30 ",Сахалинские Акулы , Русские Витязи ,3,5,
"08.10.2014, 15:00 ",Стальные Лисы , Чайка ,4,3,
"08.10.2014, 15:00 ",Авто , Кузнецкие Медведи ,1,0,
"08.10.2014, 16:30 ",Толпар , Ирбис ,5,4,
"08.10.2014, 17:00 ",Белые Медведи , Олимпия ,10,3,
"08.10.2014, 17:00 ",Белые Тигры , Челны ,8,2,
"08.10.2014, 17:00 ",Красная Армия , МХК Химик ,3,1,
"08.10.2014, 18:30 ",Алмаз , СКА-1946 ,1,3,
"08.10.2014, 19:00 ",Ладья , Реактор ,2,1,
"08.10.2014, 19:30 ",Локо , СКА-Серебряные Львы ,3,1,
"08.10.2014, 19:30 ",МХК Спартак , Атланты ,2,3,  Б 
"08.10.2014, 19:45 ",Ред Булл , Юность ,4,1,
"08.10.2014, 20:00 ",Энергия , Динамо-Шинник ,1,0,
"09.10.2014, 12:00 ",Амурские Тигры , Капитан ,3,4,
"09.10.2014, 12:30 ",Сахалинские Акулы , Русские Витязи ,3,4,  ОТ 
"09.10.2014, 16:30 ",Юниор , Кристалл ,0,3,
"11.10.2014, 13:00 ",ХК МВД , Красная Армия ,2,3,
"12.10.2014, 13:00 ",Реактор , Толпар ,2,0,
"12.10.2014, 13:00 ",ХК МВД , Красная Армия ,5,1,
"12.10.2014, 17:00 ",Ладья , Белые Тигры ,3,2,  Б 
"13.10.2014, 18:00 ",Реактор , Толпар ,0,2,
"13.10.2014, 18:00 ",Атланты , Сахалинские Акулы ,3,2,
"13.10.2014, 18:30 ",Динамо СПб , Ред Булл ,6,5,  Б 
"13.10.2014, 18:30 ",МХК Химик , Амурские Тигры ,4,3,
"13.10.2014, 19:00 ",Ладья , Белые Тигры ,5,2,
"13.10.2014, 19:00 ",Беркуты Кубани , МХК Спартак ,4,3,
"13.10.2014, 19:30 ",Динамо-Шинник , Алмаз ,3,2,  Б 
"13.10.2014, 19:30 ",Юность , Локо ,1,4,
"13.10.2014, 20:35 ",ХК Рига , Энергия ,3,2,
"14.10.2014, 13:00 ",Беркуты Кубани , МХК Спартак ,3,2,  ОТ 
"14.10.2014, 16:00 ",Русские Витязи , Капитан ,1,2,  ОТ 
"14.10.2014, 17:00 ",Чайка , Олимпия ,5,4,  ОТ 
"14.10.2014, 18:00 ",Атланты , Сахалинские Акулы ,2,1,  Б 
"14.10.2014, 18:30 ",Динамо СПб , Ред Булл ,5,2,
"14.10.2014, 18:30 ",МХК Химик , Амурские Тигры ,2,4,
"14.10.2014, 19:30 ",Динамо-Шинник , Алмаз ,1,3,
"14.10.2014, 19:30 ",Юность , Локо ,2,3,
"14.10.2014, 20:35 ",ХК Рига , Энергия ,0,2,
"15.10.2014, 14:00 ",Омские Ястребы , Мамонты Югры ,2,3,  ОТ 
"15.10.2014, 15:00 ",Сибирские Снайперы , Тюменский Легион ,5,3,
"15.10.2014, 15:00 ",Кристалл , Кузнецкие Медведи ,5,3,
"15.10.2014, 16:30 ",Снежные Барсы , Авто ,5,0,
"15.10.2014, 17:00 ",Чайка , Олимпия ,3,0,
"15.10.2014, 17:00 ",Русские Витязи , Капитан ,5,2,
"15.10.2014, 18:30 ",Ирбис , Белые Медведи ,3,1,
"15.10.2014, 18:30 ",Челны , Стальные Лисы ,3,5,
"15.10.2014, 19:00 ",СКА-Серебряные Львы , СКА-1946 ,2,5,
"16.10.2014, 11:00 ",Снежные Барсы , Авто ,5,1,
"16.10.2014, 14:00 ",Омские Ястребы , Мамонты Югры ,7,2,
"16.10.2014, 15:00 ",Кристалл , Кузнецкие Медведи ,5,0,
"16.10.2014, 16:30 ",Сибирские Снайперы , Тюменский Легион ,6,4,
"16.10.2014, 18:00 ",Реактор , Белые Тигры ,2,1,
"16.10.2014, 18:30 ",Ирбис , Белые Медведи ,0,5,
"16.10.2014, 18:30 ",Челны , Стальные Лисы ,3,4,
"16.10.2014, 19:00 ",Ладья , Толпар ,3,7,
"16.10.2014, 19:00 ",СКА-Серебряные Львы , СКА-1946 ,3,1,
"17.10.2014, 14:00 ",ХК Рига , Ред Булл ,3,4,  Б 
"17.10.2014, 18:00 ",Реактор , Белые Тигры ,3,1,
"17.10.2014, 18:00 ",Атланты , Амурские Тигры ,6,2,
"17.10.2014, 18:30 ",Динамо СПб , Энергия ,2,3,  Б 
"17.10.2014, 18:30 ",МХК Химик , Сахалинские Акулы ,4,3,  Б 
"17.10.2014, 19:00 ",Ладья , Толпар ,1,5,
"17.10.2014, 19:00 ",Беркуты Кубани , Красная Армия ,5,4,
"17.10.2014, 19:30 ",Динамо-Шинник , Локо ,3,2,
"17.10.2014, 19:30 ",Юность , Алмаз ,2,3,  Б 
"18.10.2014, 10:00 ",Сибирские Снайперы , Мамонты Югры ,3,2,
"18.10.2014, 13:00 ",ХК Рига , Ред Булл ,3,5,
"18.10.2014, 13:00 ",Беркуты Кубани , Красная Армия ,4,6,
"18.10.2014, 13:00 ",ХК МВД , МХК Спартак ,1,2,
"18.10.2014, 13:00 ",Атланты , Амурские Тигры ,7,0,
"18.10.2014, 14:00 ",Юность , Алмаз ,4,2,
"18.10.2014, 14:30 ",Динамо-Шинник , Локо ,0,4,
"18.10.2014, 15:00 ",Снежные Барсы , Юниор ,5,3,
"18.10.2014, 17:00 ",Динамо СПб , Энергия ,1,2,
"18.10.2014, 17:00 ",МХК Химик , Сахалинские Акулы ,3,2,  ОТ 
"19.10.2014, 10:00 ",Омские Ястребы , Тюменский Легион ,3,0,
"19.10.2014, 13:00 ",ХК МВД , МХК Спартак ,4,2,
"19.10.2014, 15:00 ",Снежные Барсы , Юниор ,5,0,
"19.10.2014, 17:00 ",Челны , Белые Медведи ,4,7,
"20.10.2014, 14:00 ",Омские Ястребы , Тюменский Легион ,7,3,
"20.10.2014, 15:00 ",Сибирские Снайперы , Мамонты Югры ,4,5,
"20.10.2014, 18:30 ",Ирбис , Стальные Лисы ,3,1,
"20.10.2014, 18:30 ",Челны , Белые Медведи ,5,6,  Б 
"21.10.2014, 14:00 ",СКА-Серебряные Львы , Динамо-Шинник ,2,5,
"21.10.2014, 16:30 ",Толпар , Белые Тигры ,2,4,
"21.10.2014, 18:30 ",Ирбис , Стальные Лисы ,2,4,
"21.10.2014, 19:00 ",СКА-1946 , Юность ,3,2,
"22.10.2014, 14:00 ",СКА-Серебряные Львы , Динамо-Шинник ,3,4,  Б 
"22.10.2014, 16:30 ",Толпар , Белые Тигры ,2,3,
"22.10.2014, 19:00 ",СКА-1946 , Юность ,1,3,
"24.10.2014, 12:00 ",Амурские Тигры , Беркуты Кубани ,3,1,
"24.10.2014, 12:30 ",Сахалинские Акулы , ХК МВД ,0,4,
"24.10.2014, 14:00 ",СКА-Серебряные Львы , Юность ,2,6,
"24.10.2014, 15:00 ",Авто , Омские Ястребы ,4,2,
"24.10.2014, 16:30 ",Юниор , Сибирские Снайперы ,2,0,
"24.10.2014, 17:00 ",Русские Витязи , МХК Химик ,1,4,
"24.10.2014, 18:30 ",Алмаз , Динамо СПб ,5,4,  Б 
"24.10.2014, 19:00 ",СКА-1946 , Динамо-Шинник ,3,2,  ОТ 
"24.10.2014, 19:00 ",Капитан , Атланты ,5,6,
"24.10.2014, 19:30 ",Локо , ХК Рига ,4,2,
"25.10.2014, 06:00 ",Амурские Тигры , Беркуты Кубани ,2,3,
"25.10.2014, 10:00 ",Сахалинские Акулы , ХК МВД ,3,2,
"25.10.2014, 11:00 ",Стальные Лисы , Реактор ,0,3,
"25.10.2014, 11:00 ",Авто , Омские Ястребы ,0,6,
"25.10.2014, 12:00 ",Белые Медведи , Ладья ,5,2,
"25.10.2014, 13:00 ",Чайка , Ирбис ,4,5,
"25.10.2014, 13:00 ",Юниор , Сибирские Снайперы ,3,4,
"25.10.2014, 13:00 ",СКА-1946 , Динамо-Шинник ,0,3,
"25.10.2014, 13:00 ",Русские Витязи , МХК Химик ,4,3,
"25.10.2014, 14:00 ",Олимпия , Челны ,6,1,
"25.10.2014, 14:00 ",Алмаз , Динамо СПб ,3,2,  Б 
"25.10.2014, 14:00 ",Локо , ХК Рига ,3,2,  ОТ 
"25.10.2014, 14:00 ",МХК Спартак , Красная Армия ,3,6,
"25.10.2014, 17:00 ",СКА-Серебряные Львы , Юность ,3,0,
"25.10.2014, 17:00 ",Капитан , Атланты ,4,3,
"26.10.2014, 11:00 ",Стальные Лисы , Реактор ,3,2,  Б 
"26.10.2014, 12:00 ",Белые Медведи , Ладья ,2,4,
"26.10.2014, 13:00 ",Чайка , Ирбис ,2,1,  Б 
"26.10.2014, 14:00 ",Олимпия , Челны ,4,3,  Б 
"26.10.2014, 14:00 ",МХК Спартак , Красная Армия ,3,4,  ОТ 
"26.10.2014, 14:30 ",Мамонты Югры , Тюменский Легион ,3,5,
"26.10.2014, 15:00 ",Белые Тигры , Толпар ,4,5,  ОТ 
"26.10.2014, 15:00 ",Ред Булл , Энергия ,1,7,
"27.10.2014, 12:00 ",Амурские Тигры , ХК МВД ,0,2,
"27.10.2014, 17:00 ",Белые Тигры , Толпар ,3,4,  Б 
"27.10.2014, 17:00 ",Мамонты Югры , Тюменский Легион ,4,2,
"27.10.2014, 18:30 ",Алмаз , ХК Рига ,1,2,
"27.10.2014, 20:00 ",Ред Булл , Энергия ,4,5,
"28.10.2014, 12:00 ",Амурские Тигры , ХК МВД ,1,7,
"28.10.2014, 12:30 ",Сахалинские Акулы , Беркуты Кубани ,2,3,  ОТ 
"28.10.2014, 15:00 ",Авто , Сибирские Снайперы ,3,6,
"28.10.2014, 16:30 ",Юниор , Омские Ястребы ,3,0,
"28.10.2014, 17:00 ",Русские Витязи , Атланты ,6,9,
"28.10.2014, 18:00 ",Локо , Динамо СПб ,2,3,
"28.10.2014, 18:30 ",Динамо-Шинник , Юность ,4,2,
"28.10.2014, 19:00 ",Капитан , МХК Химик ,10,3,
"29.10.2014, 12:30 ",Сахалинские Акулы , Беркуты Кубани ,5,2,
"29.10.2014, 15:00 ",Стальные Лисы , Ладья ,8,2,
"29.10.2014, 16:00 ",Русские Витязи , Атланты ,3,2,  Б 
"29.10.2014, 16:30 ",Юниор , Омские Ястребы ,2,3,  ОТ 
"29.10.2014, 17:00 ",Белые Медведи , Реактор ,4,1,
"29.10.2014, 17:00 ",Чайка , Челны ,2,1,
"29.10.2014, 18:30 ",Олимпия , Ирбис ,3,5,
"29.10.2014, 18:30 ",Алмаз , ХК Рига ,5,2,
"29.10.2014, 18:30 ",Динамо-Шинник , Юность ,2,4,
"29.10.2014, 19:00 ",Капитан , МХК Химик ,3,2,
"30.10.2014, 15:00 ",Стальные Лисы , Ладья ,3,1,
"30.10.2014, 15:00 ",Чайка , Челны ,2,1,
"30.10.2014, 15:00 ",Авто , Сибирские Снайперы ,3,5,
"30.10.2014, 17:00 ",Белые Медведи , Реактор ,9,5,
"30.10.2014, 18:00 ",Локо , Динамо СПб ,4,1,
"30.10.2014, 18:30 ",Олимпия , Ирбис ,4,3,  Б 
"30.10.2014, 20:00 ",Энергия , Ред Булл ,7,6,  Б 
"31.10.2014, 15:00 ",Кристалл , Снежные Барсы ,5,1,
"31.10.2014, 20:00 ",Энергия , Ред Булл ,3,2,
"01.11.2014, 10:00 ",Кристалл , Снежные Барсы ,2,1,
"01.11.2014, 18:05 ",ХК Рига , СКА-Серебряные Львы ,1,3,
"02.11.2014, 18:05 ",ХК Рига , СКА-Серебряные Львы ,9,0,
"04.11.2014, 10:00 ",Сибирские Снайперы , Кузнецкие Медведи ,2,4,
"04.11.2014, 13:00 ",Реактор , Олимпия ,3,2,
"04.11.2014, 16:00 ",Ладья , Чайка ,0,2,
"04.11.2014, 17:00 ",Динамо СПб , СКА-Серебряные Львы ,5,2,
"05.11.2014, 14:00 ",Омские Ястребы , Кристалл ,2,5,
"05.11.2014, 16:30 ",Толпар , Стальные Лисы ,3,1,
"05.11.2014, 17:00 ",Белые Тигры , Белые Медведи ,4,6,
"05.11.2014, 17:00 ",Мамонты Югры , Авто ,5,1,
"05.11.2014, 17:00 ",Тюменский Легион , Юниор ,3,2,  Б 
"05.11.2014, 17:00 ",Красная Армия , Сахалинские Акулы ,6,4,
"05.11.2014, 18:00 ",Ладья , Чайка ,3,4,  Б 
"05.11.2014, 18:00 ",Реактор , Олимпия ,4,1,
"05.11.2014, 18:30 ",Динамо СПб , СКА-Серебряные Львы ,4,3,  Б 
"05.11.2014, 19:00 ",Беркуты Кубани , Русские Витязи ,8,5,
"05.11.2014, 19:00 ",ХК МВД , Капитан ,2,7,
"05.11.2014, 19:30 ",МХК Спартак , Амурские Тигры ,3,2,
"06.11.2014, 13:00 ",Ирбис , Челны ,5,2,
"06.11.2014, 14:00 ",Омские Ястребы , Кристалл ,5,3,
"06.11.2014, 14:30 ",Толпар , Стальные Лисы ,5,3,
"06.11.2014, 15:00 ",Сибирские Снайперы , Кузнецкие Медведи ,0,4,
"06.11.2014, 17:00 ",Белые Тигры , Белые Медведи ,1,2,
"06.11.2014, 17:00 ",Тюменский Легион , Юниор ,6,1,
"06.11.2014, 17:00 ",Красная Армия , Сахалинские Акулы ,4,1,
"06.11.2014, 18:30 ",МХК Химик , Атланты ,1,4,
"06.11.2014, 19:00 ",Беркуты Кубани , Русские Витязи ,5,1,
"06.11.2014, 19:00 ",ХК МВД , Капитан ,7,5,
"06.11.2014, 19:30 ",МХК Спартак , Амурские Тигры ,5,1,
"07.11.2014, 17:00 ",Мамонты Югры , Авто ,6,4,
"07.11.2014, 18:00 ",Ладья , Олимпия ,4,2,
"07.11.2014, 18:00 ",Реактор , Чайка ,3,2,  Б 
"07.11.2014, 18:30 ",Ирбис , Челны ,2,4,
"07.11.2014, 18:30 ",Динамо СПб , СКА-1946 ,1,3,
"07.11.2014, 18:30 ",МХК Химик , Атланты ,2,4,
"08.11.2014, 17:00 ",Динамо СПб , СКА-1946 ,4,8,
"09.11.2014, 10:00 ",Омские Ястребы , Кузнецкие Медведи ,1,2,  Б 
"09.11.2014, 10:00 ",Сибирские Снайперы , Кристалл ,4,3,
"09.11.2014, 11:00 ",Толпар , Белые Медведи ,3,2,
"09.11.2014, 13:00 ",Реактор , Чайка ,5,1,
"09.11.2014, 13:00 ",Красная Армия , Амурские Тигры ,8,0,
"09.11.2014, 13:00 ",Беркуты Кубани , Капитан ,4,1,
"09.11.2014, 13:00 ",ХК МВД , Русские Витязи ,1,4,
"09.11.2014, 15:00 ",Белые Тигры , Стальные Лисы ,4,5,  ОТ 
"09.11.2014, 15:00 ",Мамонты Югры , Юниор ,5,1,
"09.11.2014, 15:00 ",Тюменский Легион , Авто ,4,3,
"09.11.2014, 16:00 ",Ладья , Олимпия ,3,4,
"10.11.2014, 13:00 ",Толпар , Белые Медведи ,4,3,
"10.11.2014, 14:00 ",Омские Ястребы , Кузнецкие Медведи ,4,2,
"10.11.2014, 15:00 ",Сибирские Снайперы , Кристалл ,3,5,
"10.11.2014, 17:00 ",Белые Тигры , Стальные Лисы ,2,4,
"10.11.2014, 17:00 ",Мамонты Югры , Юниор ,5,1,
"10.11.2014, 17:00 ",Тюменский Легион , Авто ,5,1,
"10.11.2014, 17:00 ",Красная Армия , Амурские Тигры ,11,1,
"10.11.2014, 19:00 ",Беркуты Кубани , Капитан ,2,4,
"10.11.2014, 19:00 ",ХК МВД , Русские Витязи ,2,3,  Б 
"10.11.2014, 20:00 ",Энергия , Локо ,4,3,
"10.11.2014, 21:00 ",Ред Булл , Алмаз ,3,2,
"11.11.2014, 18:30 ",Юность , Динамо-Шинник ,2,4,
"11.11.2014, 19:30 ",МХК Спартак , Сахалинские Акулы ,3,1,
"11.11.2014, 20:00 ",Энергия , Локо ,4,0,
"11.11.2014, 20:35 ",ХК Рига , СКА-1946 ,8,4,
"12.11.2014, 14:00 ",ХК Рига , СКА-1946 ,1,8,
"12.11.2014, 18:30 ",Юность , Динамо-Шинник ,4,2,
"12.11.2014, 19:30 ",МХК Спартак , Сахалинские Акулы ,4,1,
"12.11.2014, 19:45 ",Ред Булл , Алмаз ,3,4,
"13.11.2014, 14:00 ",Кузнецкие Медведи , Снежные Барсы ,2,0,
"14.11.2014, 18:45 ",Ред Булл , Локо ,2,4,
"14.11.2014, 21:00 ",Энергия , Алмаз ,4,3,  Б 
"15.11.2014, 09:00 ",Кузнецкие Медведи , Снежные Барсы ,2,4,
"15.11.2014, 13:00 ",Атланты , ХК МВД ,4,3,
"15.11.2014, 15:15 ",Ред Булл , Локо ,1,2,  ОТ 
"15.11.2014, 17:00 ",МХК Химик , Беркуты Кубани ,2,3,  ОТ 
"15.11.2014, 19:00 ",Энергия , Алмаз ,4,3,
"16.11.2014, 11:00 ",Белые Медведи , Стальные Лисы ,6,3,
"16.11.2014, 13:00 ",Чайка , Белые Тигры ,3,1,
"16.11.2014, 13:00 ",Юность , ХК Рига ,0,1,
"16.11.2014, 13:00 ",Атланты , ХК МВД ,0,3,
"16.11.2014, 13:00 ",Русские Витязи , МХК Спартак ,5,4,  Б 
"16.11.2014, 13:30 ",Динамо-Шинник , Динамо СПб ,4,1,
"16.11.2014, 14:00 ",Олимпия , Толпар ,3,1,
"16.11.2014, 17:00 ",МХК Химик , Беркуты Кубани ,1,3,
"16.11.2014, 17:00 ",Капитан , Красная Армия ,1,0,
"17.11.2014, 12:00 ",Амурские Тигры , Сахалинские Акулы ,2,1,  Б 
"17.11.2014, 12:00 ",Ладья , Ирбис ,3,4,
"17.11.2014, 17:00 ",Белые Медведи , Стальные Лисы ,5,4,
"17.11.2014, 17:00 ",Чайка , Белые Тигры ,2,0,
"17.11.2014, 17:00 ",Русские Витязи , МХК Спартак ,2,4,
"17.11.2014, 18:30 ",Челны , Реактор ,2,3,  Б 
"17.11.2014, 18:30 ",Олимпия , Толпар ,4,3,
"17.11.2014, 18:30 ",Динамо-Шинник , Динамо СПб ,5,6,  ОТ 
"17.11.2014, 18:30 ",Юность , ХК Рига ,2,3,  ОТ 
"17.11.2014, 19:00 ",Капитан , Красная Армия ,6,3,
"18.11.2014, 10:00 ",Снежные Барсы , Омские Ястребы ,5,3,
"18.11.2014, 12:00 ",Амурские Тигры , Сахалинские Акулы ,0,3,
"18.11.2014, 14:00 ",СКА-Серебряные Львы , Ред Булл ,2,3,  Б 
"18.11.2014, 18:00 ",Ладья , Ирбис ,4,7,
"18.11.2014, 18:30 ",Челны , Реактор ,0,5,
"18.11.2014, 19:00 ",СКА-1946 , Энергия ,5,3,
"19.11.2014, 10:00 ",Снежные Барсы , Омские Ястребы ,1,4,
"19.11.2014, 14:00 ",Кузнецкие Медведи , Тюменский Легион ,5,2,
"19.11.2014, 14:00 ",СКА-Серебряные Львы , Ред Булл ,2,3,
"19.11.2014, 15:00 ",Кристалл , Мамонты Югры ,1,7,
"19.11.2014, 18:00 ",Атланты , Беркуты Кубани ,4,1,
"19.11.2014, 18:30 ",МХК Химик , ХК МВД ,1,5,
"19.11.2014, 19:00 ",СКА-1946 , Энергия ,2,3,
"20.11.2014, 13:00 ",Кузнецкие Медведи , Тюменский Легион ,3,4,  Б 
"20.11.2014, 15:00 ",Авто , Юниор ,3,2,  ОТ 
"20.11.2014, 15:00 ",Кристалл , Мамонты Югры ,3,1,
"20.11.2014, 16:00 ",Русские Витязи , Красная Армия ,4,2,
"20.11.2014, 17:00 ",Чайка , Толпар ,4,2,
"20.11.2014, 18:00 ",Атланты , Беркуты Кубани ,4,2,
"20.11.2014, 18:00 ",Реактор , Ирбис ,2,1,
"20.11.2014, 18:30 ",Олимпия , Белые Тигры ,5,3,
"20.11.2014, 18:30 ",Алмаз , Локо ,1,2,  ОТ 
"20.11.2014, 18:30 ",Динамо-Шинник , ХК Рига ,3,5,
"20.11.2014, 18:30 ",Юность , Динамо СПб ,2,0,
"20.11.2014, 18:30 ",МХК Химик , ХК МВД ,2,5,
"20.11.2014, 19:00 ",Капитан , МХК Спартак ,5,2,
"21.11.2014, 10:00 ",Снежные Барсы , Сибирские Снайперы ,8,2,
"21.11.2014, 14:00 ",СКА-Серебряные Львы , Энергия ,3,4,
"21.11.2014, 15:00 ",Чайка , Толпар ,0,2,
"21.11.2014, 15:00 ",Авто , Юниор ,3,4,
"21.11.2014, 17:00 ",Русские Витязи , Красная Армия ,4,3,
"21.11.2014, 18:00 ",Реактор , Ирбис ,4,1,
"21.11.2014, 18:30 ",Челны , Ладья ,4,7,
"21.11.2014, 18:30 ",Олимпия , Белые Тигры ,1,3,
"21.11.2014, 18:30 ",Алмаз , Локо ,2,5,
"21.11.2014, 18:30 ",Динамо-Шинник , ХК Рига ,3,1,
"21.11.2014, 18:30 ",Юность , Динамо СПб ,3,2,
"21.11.2014, 19:00 ",СКА-1946 , Ред Булл ,3,2,  Б 
"21.11.2014, 19:00 ",Капитан , МХК Спартак ,4,1,
"22.11.2014, 10:00 ",Снежные Барсы , Сибирские Снайперы ,1,2,
"22.11.2014, 13:00 ",СКА-1946 , Ред Булл ,4,3,  Б 
"22.11.2014, 17:00 ",Челны , Ладья ,4,5,
"22.11.2014, 17:00 ",СКА-Серебряные Львы , Энергия ,1,3,
"23.11.2014, 09:00 ",Кузнецкие Медведи , Мамонты Югры ,2,4,
"23.11.2014, 10:00 ",Кристалл , Тюменский Легион ,3,2,  Б 
"24.11.2014, 13:00 ",Кузнецкие Медведи , Мамонты Югры ,4,3,
"24.11.2014, 15:00 ",Кристалл , Тюменский Легион ,5,4,
"24.11.2014, 19:00 ",ХК МВД , Атланты ,1,4,
"25.11.2014, 14:00 ",Омские Ястребы , Снежные Барсы ,4,3,  Б 
"25.11.2014, 18:00 ",Реактор , Челны ,4,0,
"25.11.2014, 18:15 ",Ред Булл , СКА-Серебряные Львы ,4,6,
"25.11.2014, 18:30 ",Ирбис , Ладья ,0,7,
"25.11.2014, 18:30 ",Динамо СПб , Динамо-Шинник ,5,4,
"25.11.2014, 20:00 ",Энергия , СКА-1946 ,6,7,  Б 
"25.11.2014, 20:35 ",ХК Рига , Юность ,1,7,
"26.11.2014, 13:00 ",Ирбис , Ладья ,3,2,
"26.11.2014, 14:00 ",Омские Ястребы , Снежные Барсы ,6,3,
"26.11.2014, 17:00 ",Красная Армия , Капитан ,1,0,  ОТ 
"26.11.2014, 18:00 ",Реактор , Челны ,5,1,
"26.11.2014, 18:30 ",Динамо СПб , Динамо-Шинник ,1,2,  Б 
"26.11.2014, 19:00 ",Беркуты Кубани , МХК Химик ,5,1,
"26.11.2014, 19:00 ",ХК МВД , Атланты ,2,3,  Б 
"26.11.2014, 19:30 ",МХК Спартак , Русские Витязи ,4,1,
"26.11.2014, 19:45 ",Ред Булл , СКА-Серебряные Львы ,4,3,  ОТ 
"26.11.2014, 20:00 ",Энергия , СКА-1946 ,2,1,  Б 
"26.11.2014, 20:35 ",ХК Рига , Юность ,5,2,
"27.11.2014, 16:30 ",Толпар , Олимпия ,6,2,
"27.11.2014, 17:00 ",Белые Тигры , Чайка ,0,3,
"27.11.2014, 19:00 ",Беркуты Кубани , МХК Химик ,3,2,
"27.11.2014, 19:30 ",МХК Спартак , Русские Витязи ,3,2,  Б 
"28.11.2014, 13:30 ",Сибирские Снайперы , Снежные Барсы ,2,3,
"28.11.2014, 16:30 ",Толпар , Олимпия ,3,0,
"28.11.2014, 17:00 ",Ирбис , Реактор ,3,1,
"28.11.2014, 17:00 ",Белые Тигры , Чайка ,3,8,
"28.11.2014, 17:00 ",Мамонты Югры , Кристалл ,3,4,  ОТ 
"28.11.2014, 17:00 ",Тюменский Легион , Кузнецкие Медведи ,6,1,
"29.11.2014, 10:00 ",Сибирские Снайперы , Снежные Барсы ,7,2,
"29.11.2014, 10:00 ",Сахалинские Акулы , Амурские Тигры ,1,3,
"29.11.2014, 11:00 ",Стальные Лисы , Белые Медведи ,3,4,  Б 
"29.11.2014, 13:00 ",Ирбис , Реактор ,2,3,
"29.11.2014, 13:00 ",Юниор , Авто ,3,6,
"29.11.2014, 14:00 ",Локо , Алмаз ,2,0,
"29.11.2014, 15:00 ",Тюменский Легион , Кузнецкие Медведи ,4,0,
"29.11.2014, 16:00 ",Ладья , Челны ,6,0,
"29.11.2014, 17:00 ",Динамо СПб , Юность ,5,1,
"29.11.2014, 18:05 ",ХК Рига , Динамо-Шинник ,4,1,
"29.11.2014, 19:00 ",Ред Булл , СКА-1946 ,1,6,
"29.11.2014, 19:00 ",Энергия , СКА-Серебряные Львы ,5,4,  Б 
"30.11.2014, 10:00 ",Сахалинские Акулы , Амурские Тигры ,4,2,
"30.11.2014, 11:00 ",Стальные Лисы , Белые Медведи ,2,0,
"30.11.2014, 13:00 ",Юниор , Авто ,4,3,  Б 
"30.11.2014, 13:00 ",Красная Армия , Русские Витязи ,4,2,
"30.11.2014, 13:00 ",Беркуты Кубани , Атланты ,6,4,
"30.11.2014, 13:00 ",ХК МВД , МХК Химик ,4,1,
"30.11.2014, 14:00 ",Локо , Алмаз ,2,5,
"30.11.2014, 14:30 ",Мамонты Югры , Кристалл ,5,3,
"30.11.2014, 16:00 ",Ладья , Челны ,7,1,
"30.11.2014, 17:00 ",Динамо СПб , Юность ,4,3,
"30.11.2014, 17:00 ",МХК Спартак , Капитан ,5,4,
"30.11.2014, 18:05 ",ХК Рига , Динамо-Шинник ,2,3,  Б 
"30.11.2014, 19:15 ",Ред Булл , СКА-1946 ,2,3,  Б 
"30.11.2014, 21:30 ",Энергия , СКА-Серебряные Львы ,4,2,
"01.12.2014, 13:00 ",Толпар , Чайка ,3,4,  Б 
"01.12.2014, 17:00 ",Белые Тигры , Олимпия ,2,0,
"01.12.2014, 17:00 ",Красная Армия , Русские Витязи ,4,3,  Б 
"01.12.2014, 19:00 ",Беркуты Кубани , Атланты ,5,1,
"01.12.2014, 19:00 ",ХК МВД , МХК Химик ,2,1,  Б 
"01.12.2014, 19:30 ",МХК Спартак , Капитан ,1,2,
"02.12.2014, 16:30 ",Толпар , Чайка ,7,5,
"02.12.2014, 17:00 ",Белые Тигры , Олимпия ,3,2,
"03.12.2014, 12:00 ",Ладья , Стальные Лисы ,2,6,
"03.12.2014, 17:00 ",Тюменский Легион , Кристалл ,2,3,
"03.12.2014, 19:00 ",СКА-1946 , ХК Рига ,8,6,
"04.12.2014, 17:00 ",Тюменский Легион , Кристалл ,1,6,
"04.12.2014, 18:00 ",Ладья , Стальные Лисы ,3,2,
"04.12.2014, 18:30 ",Алмаз , Ред Булл ,6,3,
"04.12.2014, 19:00 ",СКА-1946 , ХК Рига ,4,5,  Б 
"05.12.2014, 12:00 ",Амурские Тигры , МХК Спартак ,2,7,
"05.12.2014, 12:30 ",Сахалинские Акулы , Красная Армия ,3,5,
"05.12.2014, 18:30 ",Алмаз , Ред Булл ,5,4,
"06.12.2014, 06:00 ",Амурские Тигры , МХК Спартак ,3,2,
"06.12.2014, 06:00 ",Сахалинские Акулы , Красная Армия ,4,5,  Б 
"06.12.2014, 13:00 ",Русские Витязи , Беркуты Кубани ,3,4,
"06.12.2014, 14:00 ",СКА-Серебряные Львы , Динамо СПб ,2,3,  ОТ 
"06.12.2014, 17:00 ",Капитан , ХК МВД ,2,3,
"07.12.2014, 11:00 ",Стальные Лисы , Толпар ,2,4,
"07.12.2014, 11:00 ",Авто , Мамонты Югры ,1,3,
"07.12.2014, 12:00 ",Белые Медведи , Белые Тигры ,3,1,
"07.12.2014, 13:00 ",Русские Витязи , Беркуты Кубани ,4,3,
"07.12.2014, 14:00 ",Локо , Ред Булл ,5,6,
"07.12.2014, 14:00 ",СКА-Серебряные Львы , Динамо СПб ,5,6,
"07.12.2014, 17:00 ",Капитан , ХК МВД ,1,5,
"08.12.2014, 15:00 ",Стальные Лисы , Толпар ,3,5,
"08.12.2014, 15:00 ",Авто , Мамонты Югры ,2,3,  ОТ 
"08.12.2014, 15:00 ",Кристалл , Омские Ястребы ,0,9,
"08.12.2014, 16:30 ",Юниор , Тюменский Легион ,4,3,  Б 
"08.12.2014, 17:00 ",Белые Медведи , Белые Тигры ,6,2,
"08.12.2014, 18:00 ",Атланты , МХК Химик ,2,0,
"08.12.2014, 19:30 ",Локо , Ред Булл ,3,2,  Б 
"09.12.2014, 12:00 ",Амурские Тигры , Красная Армия ,1,7,
"09.12.2014, 12:30 ",Сахалинские Акулы , МХК Спартак ,2,5,
"09.12.2014, 15:00 ",Кристалл , Омские Ястребы ,5,3,
"09.12.2014, 17:00 ",Чайка , Ладья ,9,1,
"09.12.2014, 18:00 ",Атланты , МХК Химик ,4,0,
"09.12.2014, 18:30 ",Олимпия , Реактор ,1,3,
"10.12.2014, 12:30 ",Сахалинские Акулы , МХК Спартак ,1,3,
"10.12.2014, 15:00 ",Стальные Лисы , Белые Тигры ,2,3,
"10.12.2014, 15:00 ",Чайка , Ладья ,4,2,
"10.12.2014, 16:00 ",Русские Витязи , ХК МВД ,2,6,
"10.12.2014, 16:30 ",Юниор , Тюменский Легион ,0,4,
"10.12.2014, 18:30 ",Олимпия , Реактор ,3,6,
"10.12.2014, 19:00 ",Капитан , Беркуты Кубани ,2,0,
"11.12.2014, 12:00 ",Амурские Тигры , Красная Армия ,4,7,
"11.12.2014, 17:00 ",Белые Медведи , Толпар ,6,5,  Б 
"11.12.2014, 17:00 ",Русские Витязи , ХК МВД ,2,4,
"11.12.2014, 18:30 ",Челны , Ирбис ,1,6,
"11.12.2014, 19:00 ",Капитан , Беркуты Кубани ,2,3,
"12.12.2014, 15:00 ",Стальные Лисы , Белые Тигры ,3,2,  Б 
"12.12.2014, 15:00 ",Авто , Тюменский Легион ,4,5,  Б 
"12.12.2014, 15:00 ",Кристалл , Сибирские Снайперы ,3,6,
"12.12.2014, 16:30 ",Юниор , Мамонты Югры ,0,4,
"12.12.2014, 17:00 ",Белые Медведи , Толпар ,6,2,
"12.12.2014, 18:30 ",Челны , Ирбис ,2,3,
"12.12.2014, 19:30 ",Локо , Энергия ,2,1,
"13.12.2014, 10:00 ",Кристалл , Сибирские Снайперы ,3,10,
"13.12.2014, 13:00 ",Чайка , Реактор ,3,1,
"13.12.2014, 13:00 ",Юниор , Мамонты Югры ,2,3,
"13.12.2014, 14:00 ",Локо , Энергия ,3,5,
"13.12.2014, 14:00 ",Олимпия , Ладья ,4,5,  ОТ 
"13.12.2014, 14:00 ",МХК Спартак , Беркуты Кубани ,5,3,
"14.12.2014, 11:00 ",Авто , Тюменский Легион ,7,2,
"14.12.2014, 13:00 ",Чайка , Реактор ,5,2,
"14.12.2014, 14:00 ",Олимпия , Ладья ,3,9,
"14.12.2014, 14:00 ",МХК Спартак , Беркуты Кубани ,2,0,
"15.12.2014, 18:30 ",Алмаз , Энергия ,3,4,  ОТ 
"16.12.2014, 13:00 ",Кузнецкие Медведи , Сибирские Снайперы ,4,3,  ОТ 
"16.12.2014, 18:30 ",Алмаз , Энергия ,3,1,
"17.12.2014, 10:00 ",Кузнецкие Медведи , Сибирские Снайперы ,2,4,
"17.12.2014, 16:00 ",Ирбис , Чайка ,2,3,
"17.12.2014, 18:30 ",Челны , Олимпия ,3,1,
"18.12.2014, 18:00 ",Атланты , Капитан ,8,2,
"18.12.2014, 18:30 ",Ирбис , Чайка ,4,5,  Б 
"18.12.2014, 18:30 ",Челны , Олимпия ,3,4,  Б 
"18.12.2014, 18:30 ",МХК Химик , Русские Витязи ,2,3,
"18.12.2014, 19:00 ",Беркуты Кубани , Амурские Тигры ,3,1,
"18.12.2014, 19:00 ",ХК МВД , Сахалинские Акулы ,4,0,
"19.12.2014, 14:00 ",Омские Ястребы , Авто ,4,2,
"19.12.2014, 15:00 ",Сибирские Снайперы , Юниор ,4,2,
"19.12.2014, 18:00 ",Ладья , Белые Медведи ,3,2,
"19.12.2014, 18:00 ",Реактор , Стальные Лисы ,7,3,
"19.12.2014, 18:00 ",Атланты , Капитан ,5,2,
"19.12.2014, 18:30 ",МХК Химик , Русские Витязи ,3,4,
"19.12.2014, 19:00 ",Беркуты Кубани , Амурские Тигры ,2,1,  ОТ 
"19.12.2014, 19:00 ",ХК МВД , Сахалинские Акулы ,1,2,  Б 
"20.12.2014, 10:00 ",Омские Ястребы , Авто ,5,4,  Б 
"20.12.2014, 10:00 ",Сибирские Снайперы , Юниор ,1,2,  Б 
"20.12.2014, 13:00 ",Реактор , Стальные Лисы ,6,2,
"20.12.2014, 13:00 ",Ирбис , Олимпия ,4,0,
"20.12.2014, 15:00 ",Тюменский Легион , Мамонты Югры ,1,3,
"20.12.2014, 16:00 ",Ладья , Белые Медведи ,3,0,
"21.12.2014, 13:00 ",Ирбис , Олимпия ,2,1,
"21.12.2014, 13:00 ",Челны , Чайка ,4,3,
"21.12.2014, 15:00 ",Тюменский Легион , Мамонты Югры ,3,4,
"22.12.2014, 13:00 ",Челны , Чайка ,2,4,
"22.12.2014, 18:00 ",Атланты , Русские Витязи ,2,3,
"22.12.2014, 18:30 ",МХК Химик , Капитан ,5,3,
"22.12.2014, 19:00 ",Беркуты Кубани , Сахалинские Акулы ,5,0,
"23.12.2014, 13:00 ",Беркуты Кубани , Сахалинские Акулы ,0,6,
"23.12.2014, 14:00 ",Омские Ястребы , Юниор ,2,0,
"23.12.2014, 14:00 ",ХК Рига , Локо ,5,2,
"23.12.2014, 15:00 ",Сибирские Снайперы , Авто ,4,3,
"23.12.2014, 18:00 ",Реактор , Белые Медведи ,1,7,
"23.12.2014, 18:00 ",Атланты , Русские Витязи ,2,1,  ОТ 
"23.12.2014, 18:30 ",Динамо СПб , Алмаз ,2,3,
"23.12.2014, 18:30 ",Динамо-Шинник , СКА-Серебряные Львы ,4,1,
"23.12.2014, 18:30 ",МХК Химик , Капитан ,2,3,  Б 
"23.12.2014, 19:00 ",ХК МВД , Амурские Тигры ,4,0,
"24.12.2014, 14:00 ",Омские Ястребы , Юниор ,1,4,
"24.12.2014, 14:00 ",ХК Рига , Локо ,0,2,
"24.12.2014, 15:00 ",Сибирские Снайперы , Авто ,0,5,
"24.12.2014, 18:00 ",Реактор , Белые Медведи ,3,2,  Б 
"24.12.2014, 18:30 ",Динамо СПб , Алмаз ,7,3,
"24.12.2014, 18:30 ",Динамо-Шинник , СКА-Серебряные Львы ,0,4,
"25.12.2014, 13:00 ",ХК МВД , Амурские Тигры ,3,0,
"25.12.2014, 16:00 ",Снежные Барсы , Кристалл ,8,4,
"25.12.2014, 18:00 ",Красная Армия , Капитан ,4,3,
"26.12.2014, 16:00 ",Снежные Барсы , Кристалл ,3,2,  Б 
"26.12.2014, 18:30 ",Юность , СКА-Серебряные Львы ,4,0,
"27.12.2014, 17:00 ",Динамо СПб , Локо ,3,5,
"27.12.2014, 17:00 ",Юность , СКА-Серебряные Львы ,3,1,
"27.12.2014, 18:05 ",ХК Рига , Алмаз ,1,3,
"28.12.2014, 14:00 ",Снежные Барсы , Кузнецкие Медведи ,1,3,
"28.12.2014, 14:00 ",ХК Рига , Алмаз ,5,3,
"28.12.2014, 17:00 ",Динамо СПб , Локо ,3,2,
"29.12.2014, 16:00 ",Снежные Барсы , Кузнецкие Медведи ,4,2,
"05.01.2015, 15:00 ",Мамонты Югры , Омские Ястребы ,1,3,
"05.01.2015, 15:00 ",Тюменский Легион , Сибирские Снайперы ,4,3,
"05.01.2015, 16:00 ",СКА-Серебряные Львы , ХК Рига ,8,1,
"06.01.2015, 14:00 ",СКА-Серебряные Львы , ХК Рига ,2,0,
"06.01.2015, 14:00 ",Алмаз , Динамо-Шинник ,1,2,  ОТ 
"06.01.2015, 15:00 ",Мамонты Югры , Омские Ястребы ,2,4,
"06.01.2015, 15:00 ",Тюменский Легион , Сибирские Снайперы ,3,9,
"07.01.2015, 06:00 ",Амурские Тигры , МХК Химик ,4,3,  Б 
"07.01.2015, 11:00 ",Стальные Лисы , Челны ,7,1,
"07.01.2015, 11:00 ",Толпар , Реактор ,3,4,  ОТ 
"07.01.2015, 13:00 ",Юниор , Снежные Барсы ,3,2,  Б 
"07.01.2015, 14:00 ",Алмаз , Динамо-Шинник ,0,1,
"07.01.2015, 14:00 ",Локо , Юность ,3,0,
"07.01.2015, 15:00 ",Белые Медведи , Ирбис ,4,1,
"07.01.2015, 15:00 ",Белые Тигры , Ладья ,5,4,  Б 
"08.01.2015, 06:00 ",Амурские Тигры , МХК Химик ,4,3,
"08.01.2015, 11:00 ",Стальные Лисы , Челны ,13,1,
"08.01.2015, 11:00 ",Толпар , Реактор ,8,3,
"08.01.2015, 13:00 ",Юниор , Снежные Барсы ,1,9,
"08.01.2015, 14:00 ",Локо , Юность ,5,2,
"08.01.2015, 15:00 ",Белые Тигры , Ладья ,6,1,
"09.01.2015, 01:00 ",Сахалинские Акулы , Атланты ,2,1,  Б 
"09.01.2015, 09:00 ",Кузнецкие Медведи , Кристалл ,2,1,
"09.01.2015, 12:00 ",Белые Медведи , Ирбис ,5,3,
"09.01.2015, 13:00 ",СКА-1946 , СКА-Серебряные Львы ,8,2,
"09.01.2015, 14:00 ",Олимпия , Чайка ,1,6,
"09.01.2015, 14:30 ",Мамонты Югры , Сибирские Снайперы ,1,7,
"09.01.2015, 15:00 ",Тюменский Легион , Омские Ястребы ,0,5,
"09.01.2015, 17:00 ",Капитан , Русские Витязи ,5,2,
"09.01.2015, 19:00 ",Ред Булл , Динамо СПб ,3,2,
"09.01.2015, 20:00 ",Энергия , ХК Рига ,4,2,
"10.01.2015, 09:00 ",Кузнецкие Медведи , Кристалл ,2,1,
"10.01.2015, 13:00 ",СКА-1946 , СКА-Серебряные Львы ,4,6,
"10.01.2015, 13:00 ",Красная Армия , ХК МВД ,1,0,  Б 
"10.01.2015, 13:00 ",Локо , Динамо-Шинник ,4,2,
"10.01.2015, 14:00 ",Олимпия , Чайка ,1,2,
"10.01.2015, 14:00 ",Алмаз , Юность ,3,7,
"10.01.2015, 17:00 ",Капитан , Русские Витязи ,5,2,
"10.01.2015, 18:30 ",Ред Булл , Динамо СПб ,1,2,  Б 
"10.01.2015, 19:00 ",Энергия , ХК Рига ,3,1,
"11.01.2015, 06:00 ",Амурские Тигры , Атланты ,3,1,
"11.01.2015, 10:00 ",Сахалинские Акулы , МХК Химик ,3,4,  Б 
"11.01.2015, 11:00 ",Стальные Лисы , Ирбис ,1,4,
"11.01.2015, 11:00 ",Толпар , Ладья ,7,3,
"11.01.2015, 11:00 ",Авто , Снежные Барсы ,4,3,
"11.01.2015, 12:00 ",Белые Медведи , Челны ,6,1,
"11.01.2015, 13:00 ",Локо , Динамо-Шинник ,2,1,
"11.01.2015, 13:00 ",Красная Армия , ХК МВД ,2,6,
"11.01.2015, 14:00 ",Алмаз , Юность ,5,1,
"11.01.2015, 15:00 ",Белые Тигры , Реактор ,1,0,  Б 
"11.01.2015, 15:00 ",Мамонты Югры , Сибирские Снайперы ,4,2,
"11.01.2015, 15:00 ",Тюменский Легион , Омские Ястребы ,3,4,
"12.01.2015, 12:00 ",Амурские Тигры , Атланты ,0,5,
"12.01.2015, 12:30 ",Сахалинские Акулы , МХК Химик ,4,2,
"12.01.2015, 13:00 ",Толпар , Ладья ,10,3,
"12.01.2015, 15:00 ",Стальные Лисы , Ирбис ,4,1,
"12.01.2015, 15:00 ",Авто , Снежные Барсы ,4,2,
"12.01.2015, 17:00 ",Белые Тигры , Реактор ,4,3,  ОТ 
"13.01.2015, 17:00 ",Белые Медведи , Челны ,4,0,
"13.01.2015, 17:00 ",Красная Армия , Беркуты Кубани ,3,6,
"13.01.2015, 18:15 ",Ред Булл , ХК Рига ,3,4,  Б 
"13.01.2015, 19:30 ",МХК Спартак , ХК МВД ,4,1,
"13.01.2015, 20:00 ",Энергия , Динамо СПб ,2,1,  Б 
"14.01.2015, 13:00 ",Кузнецкие Медведи , Омские Ястребы ,1,3,
"14.01.2015, 17:00 ",Красная Армия , Беркуты Кубани ,1,6,
"14.01.2015, 18:30 ",Юность , СКА-1946 ,3,5,
"14.01.2015, 19:30 ",МХК Спартак , ХК МВД ,1,3,
"14.01.2015, 19:45 ",Ред Булл , ХК Рига ,3,1,
"14.01.2015, 20:00 ",Энергия , Динамо СПб ,6,5,  Б 
"15.01.2015, 13:00 ",Кузнецкие Медведи , Омские Ястребы ,2,3,
"15.01.2015, 14:00 ",Юность , СКА-1946 ,3,2,
"15.01.2015, 18:30 ",Челны , Толпар ,3,8,
"16.01.2015, 15:30 ",Снежные Барсы , Мамонты Югры ,3,0,
"16.01.2015, 17:00 ",Чайка , Белые Медведи ,3,4,  ОТ 
"16.01.2015, 17:00 ",Русские Витязи , Амурские Тигры ,1,5,
"16.01.2015, 17:00 ",Челны , Толпар ,2,3,
"16.01.2015, 18:30 ",Олимпия , Стальные Лисы ,4,5,  Б 
"16.01.2015, 19:00 ",Капитан , Сахалинские Акулы ,1,3,
"17.01.2015, 09:00 ",Кузнецкие Медведи , Юниор ,4,1,
"17.01.2015, 10:00 ",Кристалл , Авто ,2,3,  Б 
"17.01.2015, 13:00 ",Ирбис , Белые Тигры ,8,3,
"17.01.2015, 13:00 ",Чайка , Белые Медведи ,3,5,
"17.01.2015, 13:00 ",СКА-1946 , Локо ,1,7,
"17.01.2015, 13:00 ",Русские Витязи , Амурские Тигры ,3,2,  Б 
"17.01.2015, 13:30 ",Динамо-Шинник , Ред Булл ,2,3,  Б 
"17.01.2015, 14:00 ",Олимпия , Стальные Лисы ,5,9,
"17.01.2015, 14:00 ",Снежные Барсы , Мамонты Югры ,3,4,  ОТ 
"17.01.2015, 17:00 ",СКА-Серебряные Львы , Алмаз ,2,1,
"17.01.2015, 17:00 ",Капитан , Сахалинские Акулы ,5,1,
"18.01.2015, 09:00 ",Кузнецкие Медведи , Юниор ,3,1,
"18.01.2015, 10:00 ",Сибирские Снайперы , Омские Ястребы ,2,6,
"18.01.2015, 10:00 ",Кристалл , Авто ,1,3,
"18.01.2015, 13:00 ",Реактор , Ладья ,3,5,
"18.01.2015, 13:00 ",Ирбис , Белые Тигры ,3,2,
"18.01.2015, 13:00 ",СКА-1946 , Локо ,3,4,  Б 
"18.01.2015, 13:00 ",ХК МВД , Беркуты Кубани ,2,3,
"18.01.2015, 13:00 ",Атланты , Красная Армия ,1,0,
"18.01.2015, 13:30 ",Динамо-Шинник , Ред Булл ,6,5,
"18.01.2015, 17:00 ",СКА-Серебряные Львы , Алмаз ,5,2,
"18.01.2015, 17:00 ",МХК Химик , МХК Спартак ,2,3,
"19.01.2015, 15:00 ",Сибирские Снайперы , Омские Ястребы ,3,4,
"19.01.2015, 18:00 ",Реактор , Ладья ,4,1,
"19.01.2015, 18:00 ",Атланты , Красная Армия ,0,1,  Б 
"19.01.2015, 18:30 ",МХК Химик , МХК Спартак ,2,3,
"19.01.2015, 20:35 ",ХК Рига , Динамо СПб ,3,4,  Б 
"20.01.2015, 15:00 ",Чайка , Стальные Лисы ,4,3,
"20.01.2015, 16:00 ",Снежные Барсы , Тюменский Легион ,7,1,
"20.01.2015, 16:00 ",Русские Витязи , Сахалинские Акулы ,6,3,
"20.01.2015, 18:30 ",Ирбис , Толпар ,3,0,
"20.01.2015, 18:30 ",Олимпия , Белые Медведи ,3,7,
"20.01.2015, 18:30 ",Юность , Ред Булл ,6,2,
"20.01.2015, 18:30 ",Челны , Белые Тигры ,4,3,
"20.01.2015, 19:00 ",ХК МВД , Беркуты Кубани ,5,2,
"20.01.2015, 19:00 ",Капитан , Амурские Тигры ,4,1,
"20.01.2015, 20:35 ",ХК Рига , Динамо СПб ,7,2,
"21.01.2015, 13:00 ",Кузнецкие Медведи , Авто ,1,2,
"21.01.2015, 14:00 ",СКА-Серебряные Львы , Локо ,1,3,
"21.01.2015, 15:00 ",Кристалл , Юниор ,5,2,
"21.01.2015, 16:00 ",Снежные Барсы , Тюменский Легион ,3,1,
"21.01.2015, 17:00 ",Чайка , Стальные Лисы ,4,1,
"21.01.2015, 17:00 ",Русские Витязи , Сахалинские Акулы ,6,2,
"21.01.2015, 18:30 ",Ирбис , Толпар ,1,3,
"21.01.2015, 18:30 ",Челны , Белые Тигры ,1,6,
"21.01.2015, 18:30 ",Олимпия , Белые Медведи ,0,5,
"21.01.2015, 18:30 ",Юность , Ред Булл ,6,2,
"21.01.2015, 19:00 ",СКА-1946 , Алмаз ,6,2,
"21.01.2015, 19:00 ",Капитан , Амурские Тигры ,2,3,
"22.01.2015, 13:00 ",Кузнецкие Медведи , Авто ,1,4,
"22.01.2015, 14:00 ",СКА-Серебряные Львы , Локо ,6,7,  Б 
"22.01.2015, 15:00 ",Кристалл , Юниор ,7,2,
"22.01.2015, 18:00 ",Атланты , МХК Спартак ,1,5,
"22.01.2015, 18:30 ",МХК Химик , Красная Армия ,0,5,
"22.01.2015, 19:00 ",СКА-1946 , Алмаз ,3,5,
"23.01.2015, 18:00 ",Атланты , МХК Спартак ,2,3,
"23.01.2015, 18:30 ",МХК Химик , Красная Армия ,1,2,
"25.01.2015, 10:00 ",Омские Ястребы , Ирбис ,2,1,  Б 
"25.01.2015, 10:00 ",Сибирские Снайперы , Челны ,6,0,
"25.01.2015, 11:00 ",Авто , Белые Медведи ,5,3,
"25.01.2015, 12:30 ",Снежные Барсы , Ладья ,4,5,  Б 
"25.01.2015, 13:00 ",Юниор , Стальные Лисы ,1,2,
"25.01.2015, 15:00 ",Мамонты Югры , Чайка ,8,3,
"25.01.2015, 15:00 ",Тюменский Легион , Олимпия ,3,2,
"26.01.2015, 12:00 ",Амурские Тигры , Алмаз ,3,2,  ОТ 
"26.01.2015, 12:30 ",Сахалинские Акулы , Локо ,1,3,
"26.01.2015, 13:00 ",Кузнецкие Медведи , Толпар ,3,2,  Б 
"26.01.2015, 15:00 ",Кристалл , Белые Тигры ,4,1,
"26.01.2015, 17:00 ",Красная Армия , СКА-1946 ,5,3,
"26.01.2015, 18:30 ",МХК Химик , Динамо СПб ,3,2,
"26.01.2015, 19:00 ",Беркуты Кубани , Динамо-Шинник ,3,2,
"26.01.2015, 19:00 ",ХК МВД , Юность ,3,5,
"26.01.2015, 19:30 ",МХК Спартак , СКА-Серебряные Львы ,3,1,
"27.01.2015, 11:00 ",Мамонты Югры , Олимпия ,5,4,  ОТ 
"27.01.2015, 12:30 ",Сахалинские Акулы , Алмаз ,3,4,  Б 
"27.01.2015, 13:30 ",Омские Ястребы , Челны ,2,0,
"27.01.2015, 15:00 ",Авто , Стальные Лисы ,4,3,
"27.01.2015, 16:00 ",Снежные Барсы , Реактор ,2,7,
"27.01.2015, 16:30 ",Юниор , Белые Медведи ,1,2,  ОТ 
"27.01.2015, 18:00 ",Атланты , ХК Рига ,3,5,
"28.01.2015, 12:00 ",Амурские Тигры , Локо ,0,5,
"28.01.2015, 13:00 ",Кузнецкие Медведи , Белые Тигры ,3,4,
"28.01.2015, 15:00 ",Сибирские Снайперы , Ирбис ,4,3,  ОТ 
"28.01.2015, 15:00 ",Кристалл , Толпар ,4,2,
"28.01.2015, 16:00 ",МХК Спартак , СКА-1946 ,3,4,  ОТ 
"28.01.2015, 17:00 ",Тюменский Легион , Чайка ,4,5,  Б 
"28.01.2015, 17:00 ",Красная Армия , СКА-Серебряные Львы ,5,6,
"28.01.2015, 18:00 ",Атланты , Динамо СПб ,2,1,
"28.01.2015, 18:30 ",МХК Химик , ХК Рига ,2,4,
"28.01.2015, 19:00 ",Беркуты Кубани , Юность ,2,1,
"28.01.2015, 19:00 ",ХК МВД , Динамо-Шинник ,0,4,
"30.01.2015, 18:30 ",Динамо-Шинник , СКА-1946 ,2,1,  ОТ 
"31.01.2015, 13:00 ",Динамо-Шинник , СКА-1946 ,0,3,
"02.02.2015, 14:00 ",СКА-Серебряные Львы , Беркуты Кубани ,2,1,
"02.02.2015, 15:00 ",Стальные Лисы , Тюменский Легион ,2,3,
"02.02.2015, 16:30 ",Толпар , Юниор ,2,1,
"02.02.2015, 17:00 ",Белые Медведи , Мамонты Югры ,5,1,
"02.02.2015, 17:00 ",Белые Тигры , Авто ,2,3,
"02.02.2015, 17:00 ",Чайка , Омские Ястребы ,1,0,  Б 
"02.02.2015, 18:00 ",Ладья , Кристалл ,3,4,
"02.02.2015, 18:00 ",Реактор , Кузнецкие Медведи ,3,2,  Б 
"02.02.2015, 18:30 ",Ирбис , Снежные Барсы ,7,2,
"02.02.2015, 18:30 ",Олимпия , Сибирские Снайперы ,6,3,
"02.02.2015, 18:30 ",Алмаз , МХК Спартак ,3,7,
"02.02.2015, 18:30 ",Динамо-Шинник , МХК Химик ,3,2,  ОТ 
"02.02.2015, 18:30 ",Юность , Атланты ,2,3,
"02.02.2015, 19:00 ",СКА-1946 , ХК МВД ,3,2,
"02.02.2015, 19:30 ",Локо , Красная Армия ,4,1,
"02.02.2015, 21:00 ",Ред Булл , Амурские Тигры ,7,1,
"03.02.2015, 18:30 ",Динамо СПб , Русские Витязи ,4,5,
"03.02.2015, 20:35 ",ХК Рига , Капитан ,4,2,
"04.02.2015, 13:00 ",Толпар , Авто ,5,2,
"04.02.2015, 14:00 ",СКА-Серебряные Львы , ХК МВД ,2,1,
"04.02.2015, 14:30 ",Стальные Лисы , Мамонты Югры ,4,1,
"04.02.2015, 17:00 ",Белые Медведи , Тюменский Легион ,0,1,  Б 
"04.02.2015, 17:00 ",Белые Тигры , Юниор ,4,1,
"04.02.2015, 17:00 ",Чайка , Сибирские Снайперы ,4,2,
"04.02.2015, 18:00 ",Ладья , Кузнецкие Медведи ,2,3,
"04.02.2015, 18:00 ",Реактор , Кристалл ,3,4,  ОТ 
"04.02.2015, 18:30 ",Челны , Снежные Барсы ,2,3,
"04.02.2015, 18:30 ",Олимпия , Омские Ястребы ,2,0,
"04.02.2015, 18:30 ",Алмаз , Красная Армия ,4,5,  Б 
"04.02.2015, 18:30 ",Динамо-Шинник , Атланты ,4,5,
"04.02.2015, 18:30 ",Юность , МХК Химик ,3,0,
"04.02.2015, 19:00 ",СКА-1946 , Беркуты Кубани ,2,6,
"04.02.2015, 19:30 ",Локо , МХК Спартак ,1,2,  Б 
"04.02.2015, 19:45 ",Ред Булл , Сахалинские Акулы ,2,3,
"05.02.2015, 18:30 ",Динамо СПб , Капитан ,2,3,
"05.02.2015, 20:35 ",ХК Рига , Русские Витязи ,4,3,
"07.02.2015, 11:00 ",Стальные Лисы , Сибирские Снайперы ,3,0,
"07.02.2015, 11:00 ",Толпар , Тюменский Легион ,5,2,
"07.02.2015, 12:00 ",Белые Медведи , Омские Ястребы ,3,2,  Б 
"07.02.2015, 13:00 ",Ирбис , Кристалл ,3,5,
"07.02.2015, 13:00 ",Чайка , Снежные Барсы ,1,5,
"07.02.2015, 13:00 ",СКА-1946 , Атланты ,3,2,  Б 
"07.02.2015, 14:00 ",Алмаз , Беркуты Кубани ,6,1,
"07.02.2015, 14:00 ",Локо , ХК МВД ,2,1,
"07.02.2015, 15:00 ",Белые Тигры , Мамонты Югры ,4,5,
"07.02.2015, 17:00 ",Челны , Кузнецкие Медведи ,1,5,
"07.02.2015, 17:00 ",СКА-Серебряные Львы , МХК Химик ,1,0,
"07.02.2015, 18:30 ",Ред Булл , МХК Спартак ,3,2,
"08.02.2015, 13:00 ",Реактор , Юниор ,5,1,
"08.02.2015, 13:00 ",Юность , Капитан ,6,2,
"08.02.2015, 16:00 ",Ладья , Авто ,6,1,
"08.02.2015, 17:00 ",Динамо СПб , Амурские Тигры ,5,2,
"08.02.2015, 17:00 ",Динамо-Шинник , Русские Витязи ,3,5,
"08.02.2015, 18:05 ",ХК Рига , Сахалинские Акулы ,4,3,
"09.02.2015, 11:00 ",Стальные Лисы , Омские Ястребы ,4,2,
"09.02.2015, 14:00 ",СКА-Серебряные Львы , Атланты ,3,4,  ОТ 
"09.02.2015, 16:30 ",Толпар , Мамонты Югры ,2,3,  ОТ 
"09.02.2015, 17:00 ",Белые Медведи , Сибирские Снайперы ,6,0,
"09.02.2015, 17:00 ",Белые Тигры , Тюменский Легион ,3,2,
"09.02.2015, 18:30 ",Ирбис , Кузнецкие Медведи ,2,3,  ОТ 
"09.02.2015, 18:30 ",Челны , Кристалл ,2,3,  ОТ 
"09.02.2015, 18:30 ",Олимпия , Снежные Барсы ,5,1,
"09.02.2015, 18:30 ",Алмаз , ХК МВД ,1,4,
"09.02.2015, 19:00 ",СКА-1946 , МХК Химик ,3,1,
"09.02.2015, 21:00 ",Ред Булл , Красная Армия ,4,2,
"10.02.2015, 18:00 ",Ладья , Юниор ,5,3,
"10.02.2015, 18:00 ",Реактор , Авто ,5,1,
"10.02.2015, 18:00 ",Локо , Беркуты Кубани ,1,2,  Б 
"10.02.2015, 18:30 ",Динамо СПб , Сахалинские Акулы ,5,3,
"10.02.2015, 18:30 ",Динамо-Шинник , Капитан ,3,1,
"10.02.2015, 18:30 ",Юность , Русские Витязи ,6,2,
"10.02.2015, 20:35 ",ХК Рига , Амурские Тигры ,2,5,
"11.02.2015, 13:00 ",Сахалинские Акулы , Атланты ,2,8,
"11.02.2015, 17:00 ",Белые Тигры , Снежные Барсы ,3,4,
"12.02.2015, 19:00 ",СКА-1946 , Динамо СПб ,4,2,
"13.02.2015, 17:00 ",Мамонты Югры , Кузнецкие Медведи ,+,- ,
"13.02.2015, 19:00 ",СКА-1946 , Динамо СПб ,7,1,
"14.02.2015, 06:00 ",Амурские Тигры , Динамо-Шинник ,0,3,
"14.02.2015, 10:00 ",Сахалинские Акулы , Юность ,3,1,
"14.02.2015, 13:00 ",Красная Армия , ХК Рига ,4,5,
"14.02.2015, 13:00 ",Беркуты Кубани , Ред Булл ,5,1,
"14.02.2015, 15:00 ",Мамонты Югры , Кузнецкие Медведи ,+,- ,
"15.02.2015, 13:00 ",Атланты , Локо ,7,0,
"15.02.2015, 13:00 ",Русские Витязи , СКА-Серебряные Львы ,2,3,
"15.02.2015, 17:00 ",МХК Химик , Алмаз ,1,2,  Б 
"15.02.2015, 17:00 ",Капитан , СКА-1946 ,1,3,
"16.02.2015, 13:00 ",Кузнецкие Медведи , Олимпия ,2,0,
"16.02.2015, 14:00 ",Омские Ястребы , Белые Тигры ,7,2,
"16.02.2015, 15:00 ",Авто , Ирбис ,5,4,
"16.02.2015, 15:00 ",Сибирские Снайперы , Толпар ,2,5,
"16.02.2015, 15:00 ",Кристалл , Чайка ,4,3,  Б 
"16.02.2015, 16:00 ",Снежные Барсы , Белые Медведи ,0,6,
"16.02.2015, 16:30 ",Юниор , Челны ,4,1,
"16.02.2015, 17:00 ",Мамонты Югры , Ладья ,3,6,
"16.02.2015, 17:00 ",Тюменский Легион , Реактор ,0,6,
"16.02.2015, 17:00 ",Красная Армия , Динамо СПб ,9,5,
"16.02.2015, 19:00 ",ХК МВД , Ред Булл ,4,3,
"16.02.2015, 19:30 ",МХК Спартак , ХК Рига ,4,3,
"17.02.2015, 12:00 ",Амурские Тигры , Юность ,2,1,
"17.02.2015, 12:30 ",Сахалинские Акулы , Динамо-Шинник ,6,3,
"17.02.2015, 16:00 ",Русские Витязи , СКА-1946 ,1,4,
"17.02.2015, 18:00 ",Атланты , Алмаз ,4,1,
"17.02.2015, 18:30 ",МХК Химик , Локо ,0,7,
"17.02.2015, 19:00 ",Капитан , СКА-Серебряные Львы ,4,2,
"18.02.2015, 10:00 ",Омские Ястребы , Толпар ,3,2,
"18.02.2015, 13:00 ",Кузнецкие Медведи , Чайка ,1,3,
"18.02.2015, 15:00 ",Авто , Челны ,9,1,
"18.02.2015, 15:00 ",Сибирские Снайперы , Белые Тигры ,2,1,
"18.02.2015, 15:00 ",Кристалл , Олимпия ,4,3,
"18.02.2015, 16:00 ",Снежные Барсы , Стальные Лисы ,3,0,
"18.02.2015, 16:30 ",Юниор , Ирбис ,5,6,
"18.02.2015, 17:00 ",Мамонты Югры , Реактор ,1,0,
"18.02.2015, 17:00 ",Тюменский Легион , Ладья ,7,3,
"18.02.2015, 19:30 ",МХК Спартак , Динамо СПб ,3,5,
"19.02.2015, 18:00 ",Атланты , Ред Булл ,7,5,
"20.02.2015, 12:00 ",Снежные Барсы , Толпар ,4,2,
"20.02.2015, 17:00 ",Красная Армия , МХК Спартак ,1,2,
"20.02.2015, 19:00 ",Капитан , Ред Булл ,4,5,
"21.02.2015, 10:00 ",Омские Ястребы , Реактор ,5,0,
"21.02.2015, 10:00 ",Сибирские Снайперы , Ладья ,4,3,  ОТ 
"21.02.2015, 13:00 ",Красная Армия , МХК Спартак ,4,3,
"21.02.2015, 13:00 ",МХК Химик , Ред Булл ,5,3,
"23.02.2015, 06:00 ",Амурские Тигры , СКА-Серебряные Львы ,2,1,
"23.02.2015, 09:00 ",Кузнецкие Медведи , Стальные Лисы ,0,2,
"23.02.2015, 10:00 ",Омские Ястребы , Ладья ,3,2,  ОТ 
"23.02.2015, 10:00 ",Сибирские Снайперы , Реактор ,2,3,  Б 
"23.02.2015, 10:00 ",Кристалл , Белые Медведи ,2,6,
"23.02.2015, 10:00 ",Сахалинские Акулы , СКА-1946 ,1,2,  Б 
"23.02.2015, 11:00 ",Авто , Чайка ,0,3,
"23.02.2015, 13:00 ",Юниор , Олимпия ,2,1,  Б 
"23.02.2015, 13:00 ",Красная Армия , Юность ,2,3,
"23.02.2015, 13:00 ",Беркуты Кубани , Динамо СПб ,1,2,  Б 
"23.02.2015, 13:00 ",ХК МВД , ХК Рига ,3,4,
"23.02.2015, 13:00 ",Русские Витязи , Алмаз ,4,5,  Б 
"23.02.2015, 14:00 ",МХК Спартак , Динамо-Шинник ,5,3,
"23.02.2015, 15:00 ",Мамонты Югры , Ирбис ,3,5,
"23.02.2015, 17:00 ",Капитан , Локо ,1,4,
"25.02.2015, 12:00 ",Амурские Тигры , СКА-1946 ,4,3,
"25.02.2015, 12:30 ",Сахалинские Акулы , СКА-Серебряные Львы ,2,3,
"25.02.2015, 13:00 ",Кузнецкие Медведи , Белые Медведи ,1,4,
"25.02.2015, 15:00 ",Авто , Олимпия ,5,6,  ОТ 
"25.02.2015, 15:00 ",Кристалл , Стальные Лисы ,6,4,
"25.02.2015, 16:30 ",Юниор , Чайка ,1,3,
"25.02.2015, 17:00 ",Мамонты Югры , Челны ,8,3,
"25.02.2015, 17:00 ",Тюменский Легион , Ирбис ,0,2,
"25.02.2015, 17:00 ",Красная Армия , Динамо-Шинник ,10,2,
"25.02.2015, 17:00 ",Русские Витязи , Локо ,1,4,
"25.02.2015, 19:00 ",Беркуты Кубани , ХК Рига ,1,4,
"25.02.2015, 19:00 ",ХК МВД , Динамо СПб ,3,2,
"25.02.2015, 19:00 ",Капитан , Алмаз ,3,2,  ОТ 
"25.02.2015, 19:30 ",МХК Спартак , Юность ,0,1,
"26.02.2015, 12:00 ",Тюменский Легион , Челны ,5,4,
