"24.08.2015, 19:30 ",СКА , ЦСКА ,3,4,  ОТ 
"25.08.2015, 16:30 ",Авангард , Салават Юлаев ,4,2,
"25.08.2015, 16:30 ",Барыс , Металлург Мг ,1,2,
"25.08.2015, 18:30 ",Йокерит , Северсталь ,3,2,
"25.08.2015, 19:00 ",Торпедо , Локомотив ,3,2,  Б 
"25.08.2015, 19:30 ",Спартак , Динамо Мн ,4,3,  ОТ 
"25.08.2015, 19:30 ",ХК Сочи , Лада ,4,2,
"25.08.2015, 19:30 ",Динамо Р , Ак Барс ,3,1,
"26.08.2015, 17:00 ",Трактор , Автомобилист ,2,1,  Б 
"26.08.2015, 19:30 ",Нефтехимик , Югра ,2,1,
"26.08.2015, 19:30 ",Витязь , Металлург Нк ,2,1,  Б 
"26.08.2015, 19:30 ",Динамо М , Сибирь ,4,3,  ОТ 
"26.08.2015, 20:30 ",Слован , Адмирал ,1,3,
"26.08.2015, 20:30 ",Медвешчак , Амур ,2,3,  Б 
"27.08.2015, 16:30 ",Авангард , Металлург Мг ,3,4,  Б 
"27.08.2015, 16:30 ",Барыс , Салават Юлаев ,5,3,
"27.08.2015, 18:30 ",Йокерит , Торпедо ,5,1,
"27.08.2015, 19:00 ",Локомотив , Лада ,2,0,
"27.08.2015, 19:30 ",СКА , Динамо Мн ,2,1,
"27.08.2015, 19:30 ",ХК Сочи , Ак Барс ,0,1,
"27.08.2015, 19:30 ",ЦСКА , Спартак ,5,2,
"27.08.2015, 19:30 ",Динамо Р , Северсталь ,2,3,  ОТ 
"28.08.2015, 17:00 ",Трактор , Югра ,3,5,
"28.08.2015, 19:30 ",Нефтехимик , Автомобилист ,1,2,
"28.08.2015, 19:30 ",Витязь , Сибирь ,1,5,
"28.08.2015, 19:30 ",Динамо М , Металлург Нк ,4,3,
"28.08.2015, 20:30 ",Слован , Амур ,0,1,
"28.08.2015, 20:30 ",Медвешчак , Адмирал ,3,1,
"29.08.2015, 16:00 ",Йокерит , ЦСКА ,3,0,
"29.08.2015, 17:00 ",Локомотив , Ак Барс ,3,1,
"29.08.2015, 17:00 ",СКА , Торпедо ,1,3,
"29.08.2015, 17:00 ",Спартак , Лада ,1,3,
"30.08.2015, 14:30 ",Металлург Мг , Автомобилист ,1,2,
"30.08.2015, 14:30 ",Салават Юлаев , Югра ,4,2,
"30.08.2015, 14:30 ",Трактор , Авангард ,1,2,
"30.08.2015, 17:00 ",Нефтехимик , Барыс ,5,2,
"30.08.2015, 17:00 ",Витязь , Адмирал ,5,4,  ОТ 
"30.08.2015, 17:00 ",Динамо Мн , Динамо Р ,0,4,
"30.08.2015, 17:00 ",Динамо М , Амур ,7,2,
"30.08.2015, 18:30 ",Слован , Металлург Нк ,6,0,
"30.08.2015, 18:30 ",Медвешчак , Сибирь ,4,2,
"31.08.2015, 18:00 ",Лада , Ак Барс ,1,4,
"31.08.2015, 19:30 ",Северсталь , СКА ,0,3,
"31.08.2015, 19:30 ",Спартак , Торпедо ,2,5,
"31.08.2015, 19:30 ",ХК Сочи , Локомотив ,2,1,
"01.09.2015, 17:00 ",Металлург Мг , Югра ,6,2,
"01.09.2015, 17:00 ",Салават Юлаев , Автомобилист ,4,5,
"01.09.2015, 17:00 ",Трактор , Барыс ,2,1,
"01.09.2015, 18:00 ",Слован , Сибирь ,2,3,
"01.09.2015, 19:30 ",Нефтехимик , Авангард ,1,4,
"01.09.2015, 19:30 ",Витязь , Амур ,2,1,
"01.09.2015, 19:30 ",Динамо М , Адмирал ,3,4,  Б 
"01.09.2015, 19:30 ",ЦСКА , Динамо Р ,5,0,
"01.09.2015, 20:30 ",Медвешчак , Металлург Нк ,4,3,  Б 
"02.09.2015, 18:30 ",Йокерит , Динамо Мн ,0,1,
"02.09.2015, 19:30 ",Северсталь , Торпедо ,4,3,  Б 
"03.09.2015, 17:00 ",Металлург Мг , Барыс ,3,2,  Б 
"03.09.2015, 17:00 ",Салават Юлаев , Авангард ,2,3,
"03.09.2015, 19:30 ",Локомотив , ХК Сочи ,3,0,
"03.09.2015, 20:30 ",Медвешчак , Динамо Р ,2,1,  ОТ 
"04.09.2015, 15:00 ",Металлург Нк , Спартак ,2,1,
"04.09.2015, 16:30 ",Сибирь , СКА ,5,2,
"04.09.2015, 17:00 ",Автомобилист , Ак Барс ,5,3,
"04.09.2015, 17:00 ",Югра , Лада ,3,2,  ОТ 
"04.09.2015, 19:30 ",Северсталь , Трактор ,0,3,
"04.09.2015, 19:30 ",Динамо М , Витязь ,2,3,
"04.09.2015, 19:30 ",ЦСКА , Нефтехимик ,4,1,
"05.09.2015, 10:00 ",Амур , Адмирал ,2,4,
"05.09.2015, 14:30 ",Металлург Мг , Авангард ,3,2,  Б 
"06.09.2015, 13:00 ",Металлург Нк , СКА ,4,3,
"06.09.2015, 14:30 ",Автомобилист , Лада ,4,1,
"06.09.2015, 14:30 ",Барыс , Локомотив ,4,3,
"06.09.2015, 14:30 ",Сибирь , Спартак ,2,1,
"06.09.2015, 14:30 ",Югра , Ак Барс ,2,3,
"06.09.2015, 17:00 ",Северсталь , Нефтехимик ,1,4,
"06.09.2015, 17:00 ",Торпедо , Витязь ,1,0,
"06.09.2015, 17:00 ",ЦСКА , Трактор ,3,0,
"06.09.2015, 18:30 ",Слован , Медвешчак ,3,2,
"08.09.2015, 12:30 ",Амур , СКА ,0,3,
"08.09.2015, 12:30 ",Адмирал , Спартак ,4,1,
"08.09.2015, 15:00 ",Металлург Нк , Динамо Р ,1,4,
"08.09.2015, 16:30 ",Авангард , Ак Барс ,2,3,  Б 
"08.09.2015, 16:30 ",Барыс , Лада ,0,6,
"08.09.2015, 16:30 ",Сибирь , Йокерит ,0,2,
"08.09.2015, 17:00 ",Автомобилист , Локомотив ,2,3,  ОТ 
"08.09.2015, 17:00 ",Югра , ХК Сочи ,3,2,
"08.09.2015, 19:00 ",Торпедо , Нефтехимик ,1,2,  ОТ 
"08.09.2015, 19:30 ",Динамо Мн , Трактор ,4,0,
"08.09.2015, 19:30 ",Динамо М , Медвешчак ,2,1,
"09.09.2015, 19:30 ",ЦСКА , Салават Юлаев ,5,2,
"10.09.2015, 12:30 ",Амур , Спартак ,1,2,
"10.09.2015, 12:30 ",Адмирал , СКА ,1,5,
"10.09.2015, 15:00 ",Металлург Нк , Йокерит ,2,3,
"10.09.2015, 16:30 ",Авангард , Лада ,6,1,
"10.09.2015, 16:30 ",Барыс , Ак Барс ,3,1,
"10.09.2015, 16:30 ",Сибирь , Динамо Р ,4,1,
"10.09.2015, 17:00 ",Автомобилист , ХК Сочи ,1,4,
"10.09.2015, 17:00 ",Югра , Локомотив ,2,1,
"10.09.2015, 19:30 ",Витязь , Медвешчак ,4,3,  Б 
"10.09.2015, 19:30 ",Динамо Мн , Нефтехимик ,2,3,  Б 
"10.09.2015, 19:30 ",Динамо М , Слован ,1,2,
"10.09.2015, 19:30 ",Торпедо , Трактор ,3,0,
"11.09.2015, 19:30 ",Северсталь , Салават Юлаев ,1,2,
"11.09.2015, 19:30 ",ЦСКА , Металлург Мг ,1,3,
"12.09.2015, 10:00 ",Амур , Динамо Р ,3,2,
"12.09.2015, 10:00 ",Адмирал , Йокерит ,1,6,
"12.09.2015, 14:30 ",Авангард , Локомотив ,3,0,
"12.09.2015, 14:30 ",Барыс , ХК Сочи ,3,2,  ОТ 
"12.09.2015, 17:00 ",Витязь , Слован ,2,5,
"13.09.2015, 16:00 ",Лада , Югра ,1,2,
"13.09.2015, 17:00 ",Северсталь , Металлург Мг ,3,4,
"13.09.2015, 17:00 ",Ак Барс , Салават Юлаев ,3,4,  Б 
"13.09.2015, 17:00 ",ЦСКА , Автомобилист ,4,1,
"14.09.2015, 12:30 ",Амур , Йокерит ,2,3,
"14.09.2015, 12:30 ",Адмирал , Динамо Р ,2,4,
"14.09.2015, 16:30 ",Авангард , ХК Сочи ,5,1,
"14.09.2015, 17:00 ",Трактор , Сибирь ,1,2,  ОТ 
"14.09.2015, 19:00 ",Нефтехимик , Металлург Нк ,1,0,
"14.09.2015, 19:30 ",Витязь , Торпедо ,1,0,  ОТ 
"14.09.2015, 19:30 ",Спартак , Динамо Мн ,1,4,
"14.09.2015, 20:30 ",Медвешчак , Слован ,2,3,  ОТ 
"15.09.2015, 19:00 ",Локомотив , Металлург Мг ,3,0,
"15.09.2015, 19:30 ",Северсталь , Автомобилист ,4,1,
"15.09.2015, 19:30 ",СКА , Динамо М ,2,4,
"15.09.2015, 19:30 ",ЦСКА , Югра ,4,0,
"16.09.2015, 17:00 ",Салават Юлаев , Барыс ,2,1,  Б 
"16.09.2015, 17:00 ",Трактор , Металлург Нк ,2,3,
"16.09.2015, 18:00 ",Лада , Торпедо ,1,2,
"16.09.2015, 19:00 ",Нефтехимик , Сибирь ,1,2,  Б 
"16.09.2015, 19:30 ",Ак Барс , Динамо Мн ,4,5,
"17.09.2015, 18:30 ",Йокерит , Динамо М ,2,1,
"17.09.2015, 19:30 ",Динамо Р , Витязь ,1,4,
"17.09.2015, 20:30 ",Слован , СКА ,1,2,  ОТ 
"17.09.2015, 20:30 ",Медвешчак , Спартак ,1,7,
"18.09.2015, 17:00 ",Автомобилист , Авангард ,3,2,  ОТ 
"18.09.2015, 17:00 ",Металлург Мг , Сибирь ,3,2,  Б 
"18.09.2015, 17:00 ",Салават Юлаев , Металлург Нк ,4,1,
"18.09.2015, 17:00 ",Трактор , Адмирал ,2,1,  Б 
"18.09.2015, 17:00 ",Югра , Барыс ,1,0,
"18.09.2015, 18:00 ",Лада , Северсталь ,0,2,
"18.09.2015, 19:00 ",Нефтехимик , Амур ,3,2,
"18.09.2015, 19:00 ",Ак Барс , ЦСКА ,6,3,
"18.09.2015, 19:30 ",Локомотив , Динамо Мн ,4,0,
"18.09.2015, 19:30 ",ХК Сочи , Торпедо ,0,1,
"19.09.2015, 16:00 ",Йокерит , Витязь ,1,2,  Б 
"19.09.2015, 18:30 ",Слован , Спартак ,2,5,
"19.09.2015, 18:30 ",Медвешчак , СКА ,3,4,
"20.09.2015, 14:30 ",Автомобилист , Барыс ,2,1,  Б 
"20.09.2015, 14:30 ",Металлург Мг , Металлург Нк ,5,2,
"20.09.2015, 14:30 ",Салават Юлаев , Сибирь ,2,1,
"20.09.2015, 14:30 ",Трактор , Амур ,2,1,  Б 
"20.09.2015, 14:30 ",Югра , Авангард ,3,0,
"20.09.2015, 16:00 ",Лада , ЦСКА ,2,4,
"20.09.2015, 17:00 ",Нефтехимик , Адмирал ,2,3,
"20.09.2015, 17:00 ",Ак Барс , Северсталь ,3,1,
"20.09.2015, 17:00 ",Локомотив , Торпедо ,3,1,
"20.09.2015, 17:00 ",ХК Сочи , Динамо Мн ,4,1,
"21.09.2015, 19:30 ",Динамо М , СКА ,3,2,
"21.09.2015, 20:30 ",Слован , Динамо Р ,3,2,  ОТ 
"21.09.2015, 20:30 ",Медвешчак , Витязь ,3,1,
"22.09.2015, 16:30 ",Барыс , Авангард ,1,4,
"22.09.2015, 17:00 ",Металлург Мг , Адмирал ,0,2,
"22.09.2015, 17:00 ",Салават Юлаев , Амур ,1,4,
"22.09.2015, 19:30 ",Спартак , Северсталь ,2,1,
"23.09.2015, 15:00 ",Металлург Нк , ХК Сочи ,3,4,  Б 
"23.09.2015, 16:30 ",Сибирь , Локомотив ,1,0,
"23.09.2015, 18:30 ",Йокерит , Слован ,4,1,
"23.09.2015, 19:00 ",Торпедо , Автомобилист ,2,4,
"23.09.2015, 19:30 ",Динамо Мн , Югра ,0,3,
"23.09.2015, 19:30 ",ЦСКА , СКА ,1,2,
"23.09.2015, 19:30 ",Динамо Р , Медвешчак ,1,2,
"24.09.2015, 19:30 ",Витязь , Нефтехимик ,1,0,
"24.09.2015, 19:30 ",Динамо М , Трактор ,3,1,
"25.09.2015, 12:30 ",Амур , Локомотив ,0,1,
"25.09.2015, 12:30 ",Адмирал , ХК Сочи ,0,2,
"25.09.2015, 15:00 ",Металлург Нк , Лада ,2,0,
"25.09.2015, 16:30 ",Авангард , Барыс ,2,4,
"25.09.2015, 16:30 ",Сибирь , Ак Барс ,5,4,  ОТ 
"25.09.2015, 19:00 ",Торпедо , Югра ,6,0,
"25.09.2015, 19:30 ",Динамо Мн , Автомобилист ,5,1,
"25.09.2015, 19:30 ",СКА , Йокерит ,6,3,
"25.09.2015, 19:30 ",Спартак , Медвешчак ,1,2,
"25.09.2015, 19:30 ",Динамо Р , Слован ,1,2,  Б 
"26.09.2015, 17:00 ",Витязь , Трактор ,1,4,
"26.09.2015, 17:00 ",Динамо М , Нефтехимик ,3,0,
"27.09.2015, 10:00 ",Амур , ХК Сочи ,1,0,
"27.09.2015, 10:00 ",Адмирал , Локомотив ,0,3,
"27.09.2015, 13:00 ",Металлург Нк , Ак Барс ,3,4,  Б 
"27.09.2015, 14:30 ",Сибирь , Лада ,5,4,  Б 
"27.09.2015, 17:00 ",Северсталь , Югра ,3,0,
"27.09.2015, 17:00 ",Спартак , Динамо Р ,3,2,
"27.09.2015, 17:00 ",ЦСКА , Йокерит ,5,2,
"28.09.2015, 19:30 ",Витязь , Металлург Мг ,2,7,
"28.09.2015, 19:30 ",Динамо М , Салават Юлаев ,6,3,
"28.09.2015, 20:30 ",Слован , Нефтехимик ,0,3,
"28.09.2015, 20:30 ",Медвешчак , Трактор ,2,1,
"29.09.2015, 12:30 ",Амур , Ак Барс ,1,0,  Б 
"29.09.2015, 12:30 ",Адмирал , Лада ,1,0,
"29.09.2015, 15:00 ",Металлург Нк , Локомотив ,1,4,
"29.09.2015, 16:30 ",Сибирь , ХК Сочи ,3,2,  Б 
"29.09.2015, 17:00 ",Автомобилист , Динамо Мн ,1,4,
"29.09.2015, 17:00 ",Югра , Торпедо ,3,2,
"29.09.2015, 19:30 ",Северсталь , Барыс ,5,4,  ОТ 
"29.09.2015, 19:30 ",СКА , Динамо Р ,1,4,
"29.09.2015, 19:30 ",ЦСКА , Авангард ,2,0,
"30.09.2015, 19:30 ",Витязь , Салават Юлаев ,3,0,
"30.09.2015, 19:30 ",Динамо М , Металлург Мг ,2,1,
"30.09.2015, 20:30 ",Слован , Трактор ,1,3,
"30.09.2015, 20:30 ",Медвешчак , Нефтехимик ,3,2,  ОТ 
"01.10.2015, 12:30 ",Амур , Лада ,3,2,
"01.10.2015, 12:30 ",Адмирал , Ак Барс ,1,0,
"01.10.2015, 17:00 ",Автомобилист , Торпедо ,3,2,
"01.10.2015, 17:00 ",Югра , Динамо Мн ,2,1,  ОТ 
"01.10.2015, 18:30 ",Йокерит , СКА ,3,2,
"01.10.2015, 19:30 ",Северсталь , Авангард ,3,4,
"01.10.2015, 19:30 ",ЦСКА , Барыс ,4,3,  ОТ 
"01.10.2015, 19:30 ",Динамо Р , Спартак ,4,3,  Б 
"02.10.2015, 20:30 ",Слован , Салават Юлаев ,3,4,  ОТ 
"02.10.2015, 20:30 ",Медвешчак , Металлург Мг ,4,1,
"03.10.2015, 14:30 ",Трактор , СКА ,2,1,  ОТ 
"03.10.2015, 17:00 ",Нефтехимик , Спартак ,3,0,
"03.10.2015, 17:00 ",Динамо Мн , Авангард ,4,2,
"03.10.2015, 17:00 ",Локомотив , Динамо М ,3,2,  Б 
"03.10.2015, 17:00 ",Торпедо , Барыс ,2,0,
"03.10.2015, 17:00 ",ХК Сочи , Витязь ,5,0,
"04.10.2015, 10:00 ",Адмирал , Амур ,2,0,
"04.10.2015, 14:30 ",Автомобилист , Сибирь ,2,3,  Б 
"04.10.2015, 14:30 ",Югра , Металлург Нк ,3,2,  Б 
"04.10.2015, 16:00 ",Йокерит , ЦСКА ,1,3,
"04.10.2015, 18:30 ",Слован , Металлург Мг ,2,5,
"04.10.2015, 18:30 ",Медвешчак , Салават Юлаев ,2,3,
"05.10.2015, 17:00 ",Трактор , Спартак ,2,1,  ОТ 
"05.10.2015, 18:00 ",Лада , Динамо Р ,1,2,  Б 
"05.10.2015, 19:00 ",Нефтехимик , СКА ,3,4,  Б 
"05.10.2015, 19:00 ",Локомотив , Витязь ,3,1,
"05.10.2015, 19:00 ",Торпедо , Авангард ,3,2,  Б 
"05.10.2015, 19:30 ",Динамо Мн , Барыс ,6,2,
"05.10.2015, 19:30 ",ХК Сочи , Динамо М ,4,3,
"06.10.2015, 17:00 ",Автомобилист , Металлург Нк ,2,1,
"06.10.2015, 17:00 ",Югра , Сибирь ,2,1,  Б 
"06.10.2015, 19:30 ",Северсталь , ЦСКА ,2,1,
"07.10.2015, 17:00 ",Металлург Мг , Медвешчак ,3,2,  ОТ 
"07.10.2015, 17:00 ",Салават Юлаев , Слован ,3,2,
"07.10.2015, 17:00 ",Трактор , Йокерит ,5,3,
"07.10.2015, 18:00 ",Лада , Витязь ,1,0,
"07.10.2015, 19:00 ",Нефтехимик , Динамо Р ,3,1,
"07.10.2015, 19:30 ",Ак Барс , Динамо М ,3,2,
"07.10.2015, 19:30 ",ХК Сочи , Спартак ,2,6,
"08.10.2015, 16:00 ",Авангард , Сибирь ,3,2,  Б 
"08.10.2015, 16:30 ",Барыс , Металлург Нк ,4,2,
"08.10.2015, 17:00 ",Автомобилист , Адмирал ,1,3,
"08.10.2015, 17:00 ",Югра , Амур ,0,1,
"08.10.2015, 19:30 ",Динамо Мн , Северсталь ,1,3,
"09.10.2015, 17:00 ",Металлург Мг , Слован ,2,3,
"09.10.2015, 17:00 ",Салават Юлаев , Медвешчак ,2,5,
"09.10.2015, 17:00 ",Трактор , Динамо Р ,3,2,  Б 
"09.10.2015, 18:00 ",Лада , Динамо М ,0,5,
"09.10.2015, 19:00 ",Нефтехимик , Йокерит ,0,3,
"09.10.2015, 19:00 ",Ак Барс , Витязь ,2,4,
"09.10.2015, 19:30 ",ЦСКА , Торпедо ,1,4,
"10.10.2015, 14:00 ",Авангард , Металлург Нк ,1,4,
"10.10.2015, 14:30 ",Автомобилист , Амур ,2,0,
"10.10.2015, 14:30 ",Барыс , Сибирь ,3,6,
"10.10.2015, 14:30 ",Югра , Адмирал ,3,0,
"10.10.2015, 17:00 ",СКА , Локомотив ,0,3,
"10.10.2015, 17:00 ",Спартак , ХК Сочи ,4,3,
"11.10.2015, 16:00 ",Лада , Слован ,2,1,
"11.10.2015, 17:00 ",Северсталь , Торпедо ,1,2,  ОТ 
"11.10.2015, 17:00 ",Ак Барс , Медвешчак ,2,0,
"11.10.2015, 17:00 ",ЦСКА , Динамо Мн ,2,1,
"12.10.2015, 16:00 ",Авангард , Амур ,2,1,  Б 
"12.10.2015, 16:30 ",Барыс , Адмирал ,5,3,
"12.10.2015, 17:00 ",Трактор , Нефтехимик ,1,3,
"12.10.2015, 19:00 ",Йокерит , Салават Юлаев ,1,5,
"12.10.2015, 19:30 ",СКА , ХК Сочи ,1,2,
"12.10.2015, 19:30 ",Спартак , Локомотив ,0,2,
"12.10.2015, 19:30 ",Динамо Р , Металлург Мг ,1,2,
"13.10.2015, 18:00 ",Лада , Медвешчак ,5,2,
"13.10.2015, 19:00 ",Ак Барс , Слован ,0,1,
"13.10.2015, 19:00 ",Торпедо , Динамо Мн ,2,1,
"13.10.2015, 19:30 ",Витязь , Югра ,1,0,
"13.10.2015, 19:30 ",Динамо М , Автомобилист ,3,2,  ОТ 
"14.10.2015, 16:00 ",Авангард , Адмирал ,6,5,  Б 
"14.10.2015, 16:30 ",Барыс , Амур ,2,3,
"14.10.2015, 19:00 ",Йокерит , Металлург Мг ,4,2,
"14.10.2015, 19:00 ",Локомотив , Трактор ,3,0,
"14.10.2015, 19:30 ",Спартак , СКА ,1,3,
"14.10.2015, 19:30 ",ХК Сочи , Нефтехимик ,2,1,  Б 
"14.10.2015, 19:30 ",Динамо Р , Салават Юлаев ,3,5,
"15.10.2015, 15:00 ",Металлург Нк , ЦСКА ,0,1,
"15.10.2015, 16:30 ",Сибирь , Северсталь ,3,2,
"15.10.2015, 19:30 ",Витязь , Автомобилист ,1,2,  Б 
"15.10.2015, 19:30 ",Динамо М , Югра ,2,0,
"16.10.2015, 17:00 ",Металлург Мг , Салават Юлаев ,4,6,
"16.10.2015, 19:00 ",Локомотив , Нефтехимик ,4,2,
"16.10.2015, 19:30 ",СКА , Ак Барс ,1,3,
"16.10.2015, 19:30 ",ХК Сочи , Трактор ,2,3,  Б 
"17.10.2015, 10:00 ",Амур , ЦСКА ,3,2,
"17.10.2015, 10:00 ",Адмирал , Северсталь ,1,4,
"17.10.2015, 13:00 ",Металлург Нк , Торпедо ,3,4,  ОТ 
"17.10.2015, 14:30 ",Сибирь , Динамо Мн ,2,3,  ОТ 
"17.10.2015, 17:00 ",Витязь , Барыс ,4,3,  Б 
"17.10.2015, 17:00 ",Динамо М , Авангард ,2,1,  ОТ 
"17.10.2015, 18:00 ",Слован , Югра ,6,0,
"17.10.2015, 18:30 ",Медвешчак , Автомобилист ,2,3,  ОТ 
"18.10.2015, 14:30 ",Металлург Мг , Трактор ,4,3,  ОТ 
"18.10.2015, 17:00 ",Локомотив , Йокерит ,3,1,
"18.10.2015, 17:00 ",СКА , Лада ,2,1,
"18.10.2015, 17:00 ",Спартак , Ак Барс ,3,2,
"19.10.2015, 12:30 ",Амур , Северсталь ,2,3,
"19.10.2015, 12:30 ",Адмирал , ЦСКА ,0,2,
"19.10.2015, 15:00 ",Металлург Нк , Динамо Мн ,3,4,  Б 
"19.10.2015, 16:30 ",Сибирь , Торпедо ,4,1,
"19.10.2015, 19:30 ",Витязь , Авангард ,3,1,
"19.10.2015, 19:30 ",Динамо М , Барыс ,1,2,
"19.10.2015, 20:00 ",Слован , Автомобилист ,4,3,  Б 
"19.10.2015, 20:30 ",Медвешчак , Югра ,6,7,  Б 
"20.10.2015, 17:00 ",Салават Юлаев , Ак Барс ,2,1,
"20.10.2015, 19:00 ",Нефтехимик , Лада ,1,2,  Б 
"20.10.2015, 19:00 ",Локомотив , Динамо Р ,3,1,
"20.10.2015, 19:30 ",ХК Сочи , Йокерит ,3,0,
"21.10.2015, 12:30 ",Амур , Динамо Мн ,4,2,
"21.10.2015, 12:30 ",Адмирал , Торпедо ,3,8,
"21.10.2015, 15:00 ",Металлург Нк , Северсталь ,4,5,  ОТ 
"21.10.2015, 16:30 ",Сибирь , ЦСКА ,0,1,  Б 
"21.10.2015, 20:00 ",Слован , Барыс ,5,3,
"21.10.2015, 20:30 ",Медвешчак , Авангард ,0,1,
"22.10.2015, 17:00 ",Автомобилист , СКА ,4,2,
"22.10.2015, 17:00 ",Металлург Мг , Йокерит ,2,3,
"22.10.2015, 17:00 ",Салават Юлаев , Динамо Р ,3,1,
"22.10.2015, 17:00 ",Югра , Спартак ,2,5,
"23.10.2015, 12:30 ",Амур , Торпедо ,1,3,
"23.10.2015, 12:30 ",Адмирал , Динамо Мн ,5,2,
"23.10.2015, 18:00 ",Лада , Нефтехимик ,3,2,
"23.10.2015, 19:00 ",Ак Барс , Трактор ,5,1,
"23.10.2015, 19:30 ",Витязь , ХК Сочи ,3,1,
"23.10.2015, 19:30 ",Динамо М , Локомотив ,2,4,
"23.10.2015, 20:00 ",Слован , Авангард ,0,3,
"23.10.2015, 20:30 ",Медвешчак , Барыс ,3,0,
"24.10.2015, 14:30 ",Металлург Мг , Динамо Р ,1,3,
"24.10.2015, 14:30 ",Салават Юлаев , Йокерит ,4,0,
"24.10.2015, 14:30 ",Югра , СКА ,2,4,
"24.10.2015, 14:30 ",Автомобилист , Спартак ,2,3,  ОТ 
"25.10.2015, 16:00 ",Лада , Трактор ,4,2,
"25.10.2015, 17:00 ",Ак Барс , Нефтехимик ,2,1,  Б 
"25.10.2015, 17:00 ",Витязь , Локомотив ,2,3,
"25.10.2015, 17:00 ",Динамо М , ХК Сочи ,2,4,
"26.10.2015, 15:00 ",Металлург Нк , Сибирь ,1,2,
"26.10.2015, 16:00 ",Авангард , СКА ,1,4,
"26.10.2015, 16:30 ",Барыс , Спартак ,4,3,  ОТ 
"26.10.2015, 17:00 ",Металлург Мг , Амур ,3,0,
"26.10.2015, 17:00 ",Салават Юлаев , Адмирал ,5,6,
"26.10.2015, 19:30 ",Динамо Мн , Слован ,3,4,  Б 
"26.10.2015, 19:30 ",ЦСКА , Северсталь ,7,1,
"27.10.2015, 17:00 ",Трактор , Локомотив ,2,1,
"27.10.2015, 19:00 ",Нефтехимик , ХК Сочи ,2,1,  Б 
"27.10.2015, 19:30 ",Йокерит , Автомобилист ,4,1,
"27.10.2015, 20:30 ",Динамо Р , Югра ,7,1,
"28.10.2015, 15:00 ",Металлург Нк , Амур ,2,3,  Б 
"28.10.2015, 16:00 ",Авангард , Спартак ,2,3,  ОТ 
"28.10.2015, 16:30 ",Барыс , СКА ,4,2,
"28.10.2015, 16:30 ",Сибирь , Адмирал ,2,0,
"28.10.2015, 19:00 ",Торпедо , Салават Юлаев ,2,3,  ОТ 
"28.10.2015, 19:30 ",Северсталь , Витязь ,2,3,
"28.10.2015, 19:30 ",Динамо Мн , Металлург Мг ,6,4,
"28.10.2015, 19:30 ",ЦСКА , Динамо М ,3,2,
"28.10.2015, 21:00 ",Слован , Лада ,2,5,
"28.10.2015, 21:30 ",Медвешчак , Ак Барс ,3,4,
"29.10.2015, 17:00 ",Трактор , ХК Сочи ,5,3,
"29.10.2015, 19:00 ",Нефтехимик , Локомотив ,4,3,
"29.10.2015, 19:30 ",Йокерит , Югра ,6,1,
"29.10.2015, 20:30 ",Динамо Р , Автомобилист ,5,4,  ОТ 
"30.10.2015, 15:00 ",Металлург Нк , Адмирал ,3,4,  Б 
"30.10.2015, 16:30 ",Сибирь , Амур ,2,1,
"30.10.2015, 19:00 ",Торпедо , Металлург Мг ,2,4,
"30.10.2015, 19:30 ",Северсталь , Динамо М ,4,2,
"30.10.2015, 19:30 ",Динамо Мн , Салават Юлаев ,1,5,
"30.10.2015, 20:30 ",Медвешчак , Лада ,1,4,
"30.10.2015, 21:00 ",Слован , Ак Барс ,1,2,  Б 
"31.10.2015, 17:00 ",Йокерит , Динамо Р ,5,6,  Б 
"01.11.2015, 17:00 ",Динамо М , Спартак ,5,4,  Б 
"01.11.2015, 19:30 ",Медвешчак , Слован ,6,2,
"02.11.2015, 19:30 ",Динамо Мн , Динамо Р ,2,0,
"10.11.2015, 16:00 ",Авангард , Йокерит ,0,1,
"10.11.2015, 16:30 ",Барыс , Динамо Р ,5,1,
"10.11.2015, 16:30 ",Сибирь , Металлург Нк ,6,4,
"10.11.2015, 17:00 ",Автомобилист , Трактор ,5,2,
"10.11.2015, 17:00 ",Югра , Нефтехимик ,2,1,
"10.11.2015, 18:00 ",Лада , Металлург Мг ,1,7,
"10.11.2015, 19:00 ",Ак Барс , Салават Юлаев ,3,2,
"10.11.2015, 19:00 ",Локомотив , Северсталь ,1,2,  Б 
"10.11.2015, 19:00 ",Торпедо , Слован ,5,3,
"10.11.2015, 19:30 ",Динамо Мн , Медвешчак ,1,4,
"10.11.2015, 19:30 ",СКА , Динамо М ,3,2,
"10.11.2015, 19:30 ",Спартак , Витязь ,2,1,
"10.11.2015, 19:30 ",ХК Сочи , ЦСКА ,2,4,
"12.11.2015, 15:00 ",Металлург Нк , Адмирал ,0,2,
"12.11.2015, 16:00 ",Авангард , Динамо Р ,2,3,  Б 
"12.11.2015, 16:30 ",Барыс , Йокерит ,2,0,
"12.11.2015, 16:30 ",Сибирь , Амур ,0,7,
"12.11.2015, 17:00 ",Автомобилист , Нефтехимик ,0,4,
"12.11.2015, 17:00 ",Югра , Трактор ,3,1,
"12.11.2015, 18:00 ",Лада , Салават Юлаев ,3,0,
"12.11.2015, 19:00 ",Ак Барс , Металлург Мг ,2,3,  Б 
"12.11.2015, 19:00 ",Локомотив , ЦСКА ,0,2,
"12.11.2015, 19:00 ",Торпедо , Медвешчак ,5,2,
"12.11.2015, 19:30 ",Динамо Мн , Слован ,2,1,
"12.11.2015, 19:30 ",СКА , Витязь ,5,3,
"12.11.2015, 19:30 ",Спартак , Динамо М ,0,3,
"12.11.2015, 19:30 ",ХК Сочи , Северсталь ,4,1,
"14.11.2015, 14:00 ",Авангард , Амур ,3,0,
"14.11.2015, 14:30 ",Автомобилист , Йокерит ,3,4,  Б 
"14.11.2015, 14:30 ",Барыс , Адмирал ,4,3,
"14.11.2015, 14:30 ",Югра , Динамо Р ,2,1,
"14.11.2015, 17:00 ",Динамо Мн , Динамо М ,1,2,
"14.11.2015, 17:00 ",Торпедо , Витязь ,3,1,
"14.11.2015, 19:30 ",Слован , ЦСКА ,3,2,  Б 
"14.11.2015, 19:30 ",Медвешчак , Северсталь ,4,2,
"15.11.2015, 13:00 ",Металлург Нк , Сибирь ,3,1,
"15.11.2015, 14:30 ",Металлург Мг , Локомотив ,4,1,
"15.11.2015, 14:30 ",Трактор , Ак Барс ,1,2,
"15.11.2015, 17:00 ",Нефтехимик , Лада ,2,5,
"15.11.2015, 17:00 ",Спартак , ХК Сочи ,2,3,
"16.11.2015, 17:00 ",Автомобилист , Динамо Р ,2,3,  Б 
"16.11.2015, 17:00 ",Югра , Йокерит ,2,4,
"16.11.2015, 19:00 ",Торпедо , Динамо М ,2,3,  Б 
"16.11.2015, 19:30 ",Динамо Мн , Витязь ,3,2,
"16.11.2015, 21:30 ",Слован , Северсталь ,5,4,
"16.11.2015, 21:30 ",Медвешчак , ЦСКА ,1,0,  ОТ 
"17.11.2015, 12:30 ",Амур , Металлург Нк ,3,4,
"17.11.2015, 12:30 ",Адмирал , Сибирь ,4,2,
"17.11.2015, 17:00 ",Металлург Мг , ХК Сочи ,3,2,
"17.11.2015, 17:00 ",Салават Юлаев , Локомотив ,2,4,
"17.11.2015, 17:00 ",Трактор , Лада ,3,2,  Б 
"17.11.2015, 19:00 ",Нефтехимик , Ак Барс ,3,2,  Б 
"17.11.2015, 19:30 ",СКА , Авангард ,1,3,
"17.11.2015, 19:30 ",Спартак , Барыс ,2,5,
"19.11.2015, 12:30 ",Амур , Сибирь ,0,3,
"19.11.2015, 12:30 ",Адмирал , Металлург Нк ,2,1,
"19.11.2015, 17:00 ",Металлург Мг , Ак Барс ,1,2,  Б 
"19.11.2015, 17:00 ",Салават Юлаев , Лада ,5,1,
"19.11.2015, 19:00 ",Локомотив , Автомобилист ,7,4,
"19.11.2015, 19:30 ",Северсталь , Медвешчак ,4,0,
"19.11.2015, 19:30 ",Йокерит , Авангард ,2,3,  ОТ 
"19.11.2015, 19:30 ",СКА , Барыс ,5,1,
"19.11.2015, 19:30 ",ХК Сочи , Югра ,5,1,
"19.11.2015, 19:30 ",ЦСКА , Слован ,0,2,
"20.11.2015, 12:30 ",Амур , Сибирь ,1,2,  Б 
"20.11.2015, 12:30 ",Адмирал , Металлург Нк ,2,0,
"20.11.2015, 17:00 ",Трактор , Нефтехимик ,2,1,  Б 
"20.11.2015, 19:30 ",Витязь , Торпедо ,3,4,  Б 
"20.11.2015, 19:30 ",Динамо М , Динамо Мн ,4,0,
"21.11.2015, 14:30 ",Металлург Мг , Лада ,3,2,  Б 
"21.11.2015, 14:30 ",Салават Юлаев , Ак Барс ,4,2,
"21.11.2015, 17:00 ",Северсталь , Слован ,1,2,
"21.11.2015, 17:00 ",Йокерит , Барыс ,2,0,
"21.11.2015, 17:00 ",Локомотив , Югра ,3,1,
"21.11.2015, 17:00 ",Спартак , Авангард ,3,1,
"21.11.2015, 17:00 ",ХК Сочи , Автомобилист ,5,6,  ОТ 
"21.11.2015, 17:00 ",ЦСКА , Медвешчак ,3,1,
"22.11.2015, 17:00 ",Нефтехимик , Трактор ,3,0,
"22.11.2015, 17:00 ",Витязь , Динамо Мн ,2,4,
"22.11.2015, 17:00 ",Динамо М , Торпедо ,2,3,  ОТ 
"23.11.2015, 16:00 ",Сибирь , Авангард ,2,1,  ОТ 
"23.11.2015, 17:00 ",Автомобилист , Югра ,3,1,
"24.11.2015, 18:00 ",Лада , Спартак ,1,2,
"24.11.2015, 19:00 ",Ак Барс , СКА ,3,2,
"24.11.2015, 19:30 ",Северсталь , Амур ,1,4,
"24.11.2015, 19:30 ",Йокерит , Локомотив ,3,1,
"24.11.2015, 19:30 ",ЦСКА , Адмирал ,5,1,
"24.11.2015, 20:30 ",Динамо Р , ХК Сочи ,1,2,
"24.11.2015, 21:00 ",Слован , Динамо Мн ,4,1,
"24.11.2015, 21:30 ",Медвешчак , Торпедо ,2,1,
"25.11.2015, 15:00 ",Металлург Нк , Салават Юлаев ,2,4,
"25.11.2015, 17:00 ",Автомобилист , Витязь ,3,2,
"25.11.2015, 17:30 ",Трактор , Металлург Мг ,1,4,
"25.11.2015, 19:00 ",Нефтехимик , Динамо М ,5,3,
"26.11.2015, 18:00 ",Лада , СКА ,2,3,  ОТ 
"26.11.2015, 19:00 ",Ак Барс , Спартак ,6,1,
"26.11.2015, 19:30 ",Северсталь , Адмирал ,4,5,  Б 
"26.11.2015, 19:30 ",Йокерит , ХК Сочи ,2,5,
"26.11.2015, 19:30 ",ЦСКА , Амур ,2,0,
"26.11.2015, 20:30 ",Динамо Р , Локомотив ,0,3,
"27.11.2015, 16:30 ",Барыс , Салават Юлаев ,1,4,
"27.11.2015, 17:00 ",Автомобилист , Динамо М ,1,4,
"27.11.2015, 17:00 ",Трактор , Витязь ,4,1,
"27.11.2015, 19:00 ",Нефтехимик , Металлург Мг ,2,3,  ОТ 
"28.11.2015, 17:00 ",Северсталь , Металлург Нк ,1,3,
"28.11.2015, 17:00 ",Динамо Мн , Адмирал ,5,3,
"28.11.2015, 17:00 ",Локомотив , СКА ,2,3,
"28.11.2015, 17:00 ",Торпедо , Амур ,2,1,  Б 
"28.11.2015, 17:00 ",ХК Сочи , Спартак ,2,1,
"28.11.2015, 17:00 ",ЦСКА , Сибирь ,3,1,
"29.11.2015, 14:00 ",Авангард , Динамо М ,3,2,  Б 
"29.11.2015, 14:30 ",Автомобилист , Медвешчак ,0,1,
"29.11.2015, 14:30 ",Барыс , Витязь ,4,1,
"29.11.2015, 14:30 ",Трактор , Салават Юлаев ,1,3,
"29.11.2015, 14:30 ",Югра , Слован ,1,3,
"29.11.2015, 17:00 ",Йокерит , Ак Барс ,2,1,
"29.11.2015, 18:00 ",Динамо Р , Лада ,2,0,
"30.11.2015, 16:30 ",Металлург Мг , Нефтехимик ,5,0,
"30.11.2015, 19:00 ",Торпедо , Адмирал ,2,3,  Б 
"30.11.2015, 19:30 ",Северсталь , Сибирь ,1,2,
"30.11.2015, 19:30 ",Динамо Мн , Амур ,3,1,
"30.11.2015, 19:30 ",Локомотив , Спартак ,4,3,  Б 
"30.11.2015, 19:30 ",ХК Сочи , СКА ,2,3,  ОТ 
"30.11.2015, 19:30 ",ЦСКА , Металлург Нк ,3,0,
"01.12.2015, 14:30 ",Барыс , Динамо М ,2,1,  Б 
"01.12.2015, 16:00 ",Авангард , Витязь ,3,1,
"01.12.2015, 17:00 ",Автомобилист , Слован ,4,3,
"01.12.2015, 17:00 ",Югра , Медвешчак ,4,1,
"01.12.2015, 19:30 ",Йокерит , Лада ,1,3,
"02.12.2015, 17:00 ",Салават Юлаев , Металлург Мг ,6,2,
"02.12.2015, 19:00 ",Торпедо , Металлург Нк ,2,4,
"02.12.2015, 19:30 ",Динамо Мн , Сибирь ,2,3,  ОТ 
"02.12.2015, 19:30 ",СКА , Спартак ,5,0,
"03.12.2015, 16:00 ",Авангард , Медвешчак ,6,3,
"03.12.2015, 16:30 ",Барыс , Слован ,5,4,  ОТ 
"03.12.2015, 19:00 ",Ак Барс , Йокерит ,4,1,
"03.12.2015, 19:00 ",Локомотив , Северсталь ,3,1,
"03.12.2015, 19:30 ",ХК Сочи , Динамо Р ,1,2,  ОТ 
"04.12.2015, 12:30 ",Амур , Автомобилист ,2,1,
"04.12.2015, 12:30 ",Адмирал , Югра ,4,3,
"04.12.2015, 19:00 ",Торпедо , Сибирь ,3,2,  Б 
"04.12.2015, 19:30 ",Динамо Мн , Металлург Нк ,5,4,  Б 
"04.12.2015, 19:30 ",СКА , Трактор ,3,2,  ОТ 
"04.12.2015, 19:30 ",Спартак , Нефтехимик ,3,5,
"05.12.2015, 14:00 ",Авангард , Слован ,5,3,
"05.12.2015, 14:30 ",Барыс , Медвешчак ,6,1,
"05.12.2015, 16:00 ",Лада , Йокерит ,1,3,
"05.12.2015, 17:00 ",Ак Барс , Динамо Р ,2,3,
"05.12.2015, 17:00 ",Витязь , Северсталь ,3,2,  ОТ 
"05.12.2015, 17:00 ",Динамо М , ЦСКА ,2,1,  Б 
"05.12.2015, 17:00 ",ХК Сочи , Салават Юлаев ,7,5,
"06.12.2015, 10:00 ",Амур , Югра ,3,2,  ОТ 
"06.12.2015, 10:00 ",Адмирал , Автомобилист ,3,2,
"06.12.2015, 17:00 ",СКА , Нефтехимик ,2,1,  ОТ 
"06.12.2015, 17:00 ",Спартак , Трактор ,5,1,
"07.12.2015, 19:00 ",Ак Барс , Торпедо ,2,1,
"07.12.2015, 19:00 ",Локомотив , Салават Юлаев ,1,3,
"07.12.2015, 19:30 ",Витязь , ЦСКА ,1,2,
"07.12.2015, 19:30 ",Динамо М , Северсталь ,4,2,
"07.12.2015, 19:30 ",ХК Сочи , Металлург Мг ,2,1,
"08.12.2015, 12:30 ",Амур , Барыс ,3,2,
"08.12.2015, 12:30 ",Адмирал , Авангард ,0,1,
"08.12.2015, 15:00 ",Металлург Нк , Югра ,2,3,
"08.12.2015, 16:30 ",Сибирь , Автомобилист ,4,2,
"08.12.2015, 19:30 ",Йокерит , Нефтехимик ,6,5,  ОТ 
"08.12.2015, 20:30 ",Динамо Р , Трактор ,2,3,  Б 
"09.12.2015, 19:00 ",Торпедо , Северсталь ,3,1,
"09.12.2015, 19:30 ",Витязь , Лада ,0,2,
"09.12.2015, 19:30 ",Динамо Мн , ЦСКА ,1,3,
"09.12.2015, 19:30 ",Динамо М , Ак Барс ,0,2,
"09.12.2015, 19:30 ",СКА , Салават Юлаев ,5,3,
"09.12.2015, 19:30 ",Спартак , Металлург Мг ,3,2,  Б 
"09.12.2015, 21:00 ",Слован , ХК Сочи ,4,5,
"09.12.2015, 22:00 ",Медвешчак , Локомотив ,1,2,  ОТ 
"10.12.2015, 12:30 ",Амур , Авангард ,2,0,
"10.12.2015, 12:30 ",Адмирал , Барыс ,4,2,
"10.12.2015, 15:00 ",Металлург Нк , Автомобилист ,2,3,
"10.12.2015, 16:30 ",Сибирь , Югра ,5,2,
"10.12.2015, 19:30 ",Йокерит , Трактор ,5,4,  Б 
"10.12.2015, 20:30 ",Динамо Р , Нефтехимик ,4,1,
"11.12.2015, 12:30 ",Амур , Авангард ,2,4,
"11.12.2015, 12:30 ",Адмирал , Барыс ,6,3,
"11.12.2015, 19:00 ",Торпедо , ЦСКА ,0,3,
"11.12.2015, 19:30 ",Северсталь , Динамо Мн ,0,5,
"11.12.2015, 19:30 ",Витязь , Ак Барс ,3,2,
"11.12.2015, 19:30 ",Динамо М , Лада ,1,2,  Б 
"11.12.2015, 19:30 ",СКА , Металлург Мг ,5,3,
"11.12.2015, 19:30 ",Спартак , Салават Юлаев ,3,1,
"11.12.2015, 20:30 ",Медвешчак , ХК Сочи ,3,2,  Б 
"11.12.2015, 21:00 ",Слован , Локомотив ,0,1,
"13.12.2015, 18:00 ",Динамо Р , Динамо Мн ,3,5,
"14.12.2015, 19:30 ",Йокерит , Медвешчак ,4,1,
"22.12.2015, 15:00 ",Металлург Нк , Барыс ,2,6,
"22.12.2015, 16:30 ",Салават Юлаев , Динамо М ,2,0,
"22.12.2015, 16:30 ",Сибирь , Авангард ,0,3,
"22.12.2015, 17:00 ",Металлург Мг , Витязь ,4,2,
"22.12.2015, 17:00 ",Югра , Автомобилист ,3,2,
"22.12.2015, 19:00 ",Торпедо , СКА ,6,5,  ОТ 
"22.12.2015, 19:30 ",Спартак , Йокерит ,1,3,
"22.12.2015, 20:30 ",Медвешчак , Динамо Р ,0,3,
"22.12.2015, 21:30 ",Слован , Динамо Мн ,4,2,
"23.12.2015, 19:00 ",Локомотив , Амур ,4,1,
"23.12.2015, 19:30 ",Северсталь , Лада ,4,3,  Б 
"23.12.2015, 19:30 ",ХК Сочи , Адмирал ,1,4,
"23.12.2015, 19:30 ",ЦСКА , Ак Барс ,2,1,
"24.12.2015, 15:00 ",Металлург Нк , Авангард ,-,- ,
"24.12.2015, 16:30 ",Сибирь , Барыс ,-,- ,
"24.12.2015, 17:00 ",Металлург Мг , СКА ,-,- ,
"24.12.2015, 17:00 ",Югра , Витязь ,-,- ,
"24.12.2015, 17:00 ",Медвешчак , Динамо Мн ,-,- ,
"24.12.2015, 17:30 ",Салават Юлаев , Спартак ,-,- ,
"24.12.2015, 17:30 ",Трактор , Динамо М ,-,- ,
"25.12.2015, 19:00 ",Локомотив , Адмирал ,-,- ,
"25.12.2015, 19:30 ",Северсталь , Ак Барс ,-,- ,
"25.12.2015, 19:30 ",ХК Сочи , Амур ,-,- ,
"25.12.2015, 19:30 ",ЦСКА , Лада ,-,- ,
"26.12.2015, 14:30 ",Металлург Мг , Спартак ,-,- ,
"26.12.2015, 14:30 ",Салават Юлаев , СКА ,-,- ,
"26.12.2015, 14:30 ",Югра , Динамо М ,-,- ,
"26.12.2015, 17:00 ",Нефтехимик , Витязь ,-,- ,
"26.12.2015, 19:00 ",Слован , Торпедо ,-,- ,
"27.12.2015, 14:00 ",Авангард , ЦСКА ,-,- ,
"27.12.2015, 14:30 ",Барыс , Северсталь ,-,- ,
"27.12.2015, 16:00 ",Лада , Амур ,-,- ,
"27.12.2015, 17:00 ",Ак Барс , Адмирал ,-,- ,
"27.12.2015, 17:00 ",Локомотив , Сибирь ,-,- ,
"27.12.2015, 17:00 ",ХК Сочи , Металлург Нк ,-,- ,
"28.12.2015, 17:00 ",Металлург Мг , Динамо М ,-,- ,
"28.12.2015, 17:00 ",Салават Юлаев , Витязь ,-,- ,
"28.12.2015, 17:00 ",Трактор , Медвешчак ,-,- ,
"28.12.2015, 19:00 ",Нефтехимик , Слован ,-,- ,
"28.12.2015, 20:30 ",Динамо Р , Торпедо ,-,- ,
"29.12.2015, 16:00 ",Авангард , Северсталь ,-,- ,
"29.12.2015, 16:30 ",Барыс , ЦСКА ,-,- ,
"29.12.2015, 18:00 ",Лада , Адмирал ,-,- ,
"29.12.2015, 19:00 ",Ак Барс , Амур ,-,- ,
"29.12.2015, 19:00 ",Локомотив , Металлург Нк ,-,- ,
"29.12.2015, 19:30 ",ХК Сочи , Сибирь ,-,- ,
"30.12.2015, 17:00 ",Трактор , Слован ,-,- ,
"30.12.2015, 18:00 ",Нефтехимик , Медвешчак ,-,- ,
"30.12.2015, 19:30 ",Витязь , Спартак ,-,- ,
"03.01.2016, 16:30 ",Барыс , Югра ,-,- ,
"04.01.2016, 10:00 ",Амур , Металлург Мг ,-,- ,
"04.01.2016, 10:00 ",Адмирал , Салават Юлаев ,-,- ,
"04.01.2016, 13:00 ",Металлург Нк , Нефтехимик ,-,- ,
"04.01.2016, 14:30 ",Сибирь , Трактор ,-,- ,
"04.01.2016, 17:00 ",Северсталь , Локомотив ,-,- ,
"04.01.2016, 17:00 ",Динамо М , СКА ,-,- ,
"04.01.2016, 17:00 ",Торпедо , Лада ,-,- ,
"04.01.2016, 17:00 ",ЦСКА , ХК Сочи ,-,- ,
"04.01.2016, 19:30 ",Динамо Мн , Ак Барс ,-,- ,
"04.01.2016, 20:30 ",Динамо Р , Слован ,-,- ,
"04.01.2016, 21:00 ",Медвешчак , Йокерит ,-,- ,
"05.01.2016, 14:00 ",Авангард , Югра ,-,- ,
"05.01.2016, 16:30 ",Барыс , Автомобилист ,-,- ,
"06.01.2016, 10:00 ",Амур , Салават Юлаев ,-,- ,
"06.01.2016, 10:00 ",Адмирал , Металлург Мг ,-,- ,
"06.01.2016, 13:00 ",Металлург Нк , Трактор ,-,- ,
"06.01.2016, 14:30 ",Сибирь , Нефтехимик ,-,- ,
"06.01.2016, 17:00 ",Северсталь , ХК Сочи ,-,- ,
"06.01.2016, 17:00 ",Витязь , СКА ,-,- ,
"06.01.2016, 17:00 ",Торпедо , Ак Барс ,-,- ,
"06.01.2016, 17:00 ",ЦСКА , Локомотив ,-,- ,
"06.01.2016, 19:30 ",Динамо Мн , Лада ,-,- ,
"06.01.2016, 20:30 ",Динамо Р , Медвешчак ,-,- ,
"06.01.2016, 21:00 ",Слован , Йокерит ,-,- ,
"07.01.2016, 14:00 ",Авангард , Автомобилист ,-,- ,
"08.01.2016, 10:00 ",Амур , Трактор ,-,- ,
"08.01.2016, 10:00 ",Адмирал , Нефтехимик ,-,- ,
"08.01.2016, 13:00 ",Металлург Нк , Металлург Мг ,-,- ,
"08.01.2016, 14:30 ",Сибирь , Салават Юлаев ,-,- ,
"08.01.2016, 17:00 ",Витязь , Динамо Р ,-,- ,
"08.01.2016, 17:00 ",Динамо Мн , Локомотив ,-,- ,
"08.01.2016, 17:00 ",Торпедо , ХК Сочи ,-,- ,
"08.01.2016, 17:00 ",ЦСКА , СКА ,-,- ,
"08.01.2016, 19:30 ",Йокерит , Динамо М ,-,- ,
"08.01.2016, 21:00 ",Медвешчак , Спартак ,-,- ,
"09.01.2016, 14:30 ",Автомобилист , Северсталь ,-,- ,
"09.01.2016, 16:00 ",Лада , Авангард ,-,- ,
"10.01.2016, 10:00 ",Амур , Нефтехимик ,-,- ,
"10.01.2016, 10:00 ",Адмирал , Трактор ,-,- ,
"10.01.2016, 13:00 ",Металлург Нк , Салават Юлаев ,-,- ,
"10.01.2016, 14:30 ",Сибирь , Металлург Мг ,-,- ,
"10.01.2016, 17:00 ",Витязь , Йокерит ,-,- ,
"10.01.2016, 17:00 ",Динамо Мн , ХК Сочи ,-,- ,
"10.01.2016, 17:00 ",Динамо М , Динамо Р ,-,- ,
"11.01.2016, 17:00 ",Автомобилист , ЦСКА ,-,- ,
"11.01.2016, 17:00 ",Югра , Северсталь ,-,- ,
"11.01.2016, 18:00 ",Лада , Барыс ,-,- ,
"11.01.2016, 19:00 ",Ак Барс , Авангард ,-,- ,
"11.01.2016, 19:00 ",Локомотив , Торпедо ,-,- ,
"11.01.2016, 19:30 ",СКА , Медвешчак ,-,- ,
"11.01.2016, 19:30 ",Спартак , Слован ,-,- ,
"12.01.2016, 19:30 ",Динамо М , Йокерит ,-,- ,
"13.01.2016, 17:00 ",Металлург Мг , Динамо Мн ,-,- ,
"13.01.2016, 17:00 ",Салават Юлаев , Торпедо ,-,- ,
"13.01.2016, 17:00 ",Трактор , ЦСКА ,-,- ,
"13.01.2016, 18:00 ",Лада , Югра ,-,- ,
"13.01.2016, 19:00 ",Нефтехимик , Северсталь ,-,- ,
"13.01.2016, 19:00 ",Ак Барс , Автомобилист ,-,- ,
"13.01.2016, 19:00 ",Локомотив , Барыс ,-,- ,
"13.01.2016, 19:30 ",СКА , Слован ,-,- ,
"13.01.2016, 19:30 ",Спартак , Медвешчак ,-,- ,
"13.01.2016, 20:30 ",Динамо Р , Авангард ,-,- ,
"14.01.2016, 19:30 ",ХК Сочи , Витязь ,-,- ,
"15.01.2016, 17:00 ",Металлург Мг , Торпедо ,-,- ,
"15.01.2016, 17:00 ",Салават Юлаев , Динамо Мн ,-,- ,
"15.01.2016, 17:00 ",Трактор , Северсталь ,-,- ,
"15.01.2016, 18:00 ",Лада , Автомобилист ,-,- ,
"15.01.2016, 19:00 ",Нефтехимик , ЦСКА ,-,- ,
"15.01.2016, 19:00 ",Ак Барс , Югра ,-,- ,
"15.01.2016, 19:30 ",Йокерит , Сибирь ,-,- ,
"15.01.2016, 19:30 ",СКА , Амур ,-,- ,
"15.01.2016, 19:30 ",Спартак , Адмирал ,-,- ,
"15.01.2016, 20:30 ",Динамо Р , Металлург Нк ,-,- ,
"16.01.2016, 17:00 ",ХК Сочи , Локомотив ,-,- ,
"16.01.2016, 19:00 ",Слован , Витязь ,-,- ,
"16.01.2016, 19:30 ",Медвешчак , Динамо М ,-,- ,
"17.01.2016, 14:00 ",Авангард , Динамо Мн ,-,- ,
"17.01.2016, 14:30 ",Барыс , Торпедо ,-,- ,
"17.01.2016, 14:30 ",Югра , ЦСКА ,-,- ,
"17.01.2016, 17:00 ",Нефтехимик , Трактор ,-,- ,
"17.01.2016, 17:00 ",Йокерит , Амур ,-,- ,
"17.01.2016, 17:00 ",СКА , Сибирь ,-,- ,
"17.01.2016, 17:00 ",Спартак , Металлург Нк ,-,- ,
"17.01.2016, 18:00 ",Динамо Р , Адмирал ,-,- ,
"18.01.2016, 17:00 ",Автомобилист , Металлург Мг ,-,- ,
"18.01.2016, 19:30 ",Северсталь , Локомотив ,-,- ,
"18.01.2016, 21:00 ",Слован , Динамо М ,-,- ,
"19.01.2016, 16:30 ",Барыс , Динамо Мн ,-,- ,
"19.01.2016, 17:00 ",Салават Юлаев , Трактор ,-,- ,
"19.01.2016, 19:00 ",Ак Барс , Лада ,-,- ,
"19.01.2016, 19:30 ",Витязь , ХК Сочи ,-,- ,
"19.01.2016, 19:30 ",Йокерит , Адмирал ,-,- ,
"19.01.2016, 19:30 ",СКА , Металлург Нк ,-,- ,
"19.01.2016, 19:30 ",Спартак , Сибирь ,-,- ,
"19.01.2016, 20:30 ",Динамо Р , Амур ,-,- ,
"20.01.2016, 17:00 ",Автомобилист , Нефтехимик ,-,- ,
"20.01.2016, 19:00 ",Торпедо , Локомотив ,-,- ,
"20.01.2016, 19:30 ",Динамо М , ЦСКА ,-,- ,
"20.01.2016, 21:00 ",Слован , Медвешчак ,-,- ,
"21.01.2016, 16:30 ",Барыс , Авангард ,-,- ,
"21.01.2016, 17:00 ",Металлург Мг , Ак Барс ,-,- ,
"21.01.2016, 17:00 ",Салават Юлаев , ХК Сочи ,-,- ,
"21.01.2016, 17:00 ",Югра , Лада ,-,- ,
"21.01.2016, 19:30 ",Витязь , Северсталь ,-,- ,
"21.01.2016, 19:30 ",Йокерит , Металлург Нк ,-,- ,
"21.01.2016, 19:30 ",СКА , Адмирал ,-,- ,
"21.01.2016, 19:30 ",Спартак , Амур ,-,- ,
"21.01.2016, 20:30 ",Динамо Р , Сибирь ,-,- ,
"25.01.2016, 15:00 ",Металлург Нк , Витязь ,-,- ,
"25.01.2016, 16:00 ",Авангард , Трактор ,-,- ,
"25.01.2016, 16:30 ",Барыс , Нефтехимик ,-,- ,
"25.01.2016, 16:30 ",Сибирь , Динамо М ,-,- ,
"25.01.2016, 17:00 ",Металлург Мг , Автомобилист ,-,- ,
"25.01.2016, 17:00 ",Югра , Салават Юлаев ,-,- ,
"25.01.2016, 18:00 ",Лада , Ак Барс ,-,- ,
"25.01.2016, 19:00 ",Торпедо , Йокерит ,-,- ,
"25.01.2016, 19:30 ",Северсталь , Спартак ,-,- ,
"25.01.2016, 19:30 ",СКА , ЦСКА ,-,- ,
"25.01.2016, 20:30 ",Динамо Р , Динамо Мн ,-,- ,
"27.01.2016, 15:00 ",Металлург Нк , Динамо М ,-,- ,
"27.01.2016, 16:00 ",Авангард , Нефтехимик ,-,- ,
"27.01.2016, 16:30 ",Барыс , Трактор ,-,- ,
"27.01.2016, 16:30 ",Сибирь , Витязь ,-,- ,
"27.01.2016, 17:00 ",Автомобилист , Салават Юлаев ,-,- ,
"27.01.2016, 17:00 ",Югра , Металлург Мг ,-,- ,
"27.01.2016, 18:00 ",Лада , ХК Сочи ,-,- ,
"27.01.2016, 19:00 ",Ак Барс , Локомотив ,-,- ,
"27.01.2016, 19:00 ",Торпедо , Спартак ,-,- ,
"27.01.2016, 19:30 ",Северсталь , Йокерит ,-,- ,
"27.01.2016, 19:30 ",Динамо Мн , СКА ,-,- ,
"27.01.2016, 20:30 ",Динамо Р , ЦСКА ,-,- ,
"29.01.2016, 12:30 ",Амур , Динамо М ,-,- ,
"29.01.2016, 12:30 ",Адмирал , Витязь ,-,- ,
"29.01.2016, 15:00 ",Металлург Нк , Слован ,-,- ,
"29.01.2016, 16:30 ",Сибирь , Медвешчак ,-,- ,
"29.01.2016, 17:00 ",Салават Юлаев , Нефтехимик ,-,- ,
"29.01.2016, 17:00 ",Трактор , Металлург Мг ,-,- ,
"29.01.2016, 18:00 ",Лада , Локомотив ,-,- ,
"29.01.2016, 19:00 ",Ак Барс , ХК Сочи ,-,- ,
"29.01.2016, 19:30 ",Динамо Мн , Спартак ,-,- ,
"29.01.2016, 19:30 ",СКА , Северсталь ,-,- ,
"29.01.2016, 19:30 ",ЦСКА , Йокерит ,-,- ,
"30.01.2016, 14:30 ",Югра , Автомобилист ,-,- ,
"30.01.2016, 17:00 ",Торпедо , Динамо Р ,-,- ,
"31.01.2016, 10:00 ",Амур , Витязь ,-,- ,
"31.01.2016, 10:00 ",Адмирал , Динамо М ,-,- ,
"31.01.2016, 13:00 ",Металлург Нк , Медвешчак ,-,- ,
"31.01.2016, 14:30 ",Сибирь , Слован ,-,- ,
"31.01.2016, 17:00 ",Ак Барс , Металлург Мг ,-,- ,
"31.01.2016, 17:00 ",Локомотив , ХК Сочи ,-,- ,
"31.01.2016, 17:00 ",Спартак , ЦСКА ,-,- ,
"01.02.2016, 16:00 ",Авангард , Торпедо ,-,- ,
"01.02.2016, 17:00 ",Салават Юлаев , Барыс ,-,- ,
"01.02.2016, 17:00 ",Трактор , Югра ,-,- ,
"01.02.2016, 18:00 ",Лада , Динамо Мн ,-,- ,
"01.02.2016, 19:00 ",Нефтехимик , Автомобилист ,-,- ,
"01.02.2016, 19:30 ",Северсталь , Динамо Р ,-,- ,
"01.02.2016, 19:30 ",СКА , Йокерит ,-,- ,
"02.02.2016, 12:30 ",Амур , Медвешчак ,-,- ,
"02.02.2016, 12:30 ",Адмирал , Слован ,-,- ,
"03.02.2016, 17:00 ",Металлург Мг , ЦСКА ,-,- ,
"03.02.2016, 17:00 ",Салават Юлаев , Северсталь ,-,- ,
"03.02.2016, 17:00 ",Трактор , Динамо Мн ,-,- ,
"03.02.2016, 18:00 ",Лада , Металлург Нк ,-,- ,
"03.02.2016, 19:00 ",Нефтехимик , Торпедо ,-,- ,
"03.02.2016, 19:00 ",Ак Барс , Сибирь ,-,- ,
"03.02.2016, 19:00 ",Локомотив , Авангард ,-,- ,
"03.02.2016, 19:30 ",Витязь , Динамо М ,-,- ,
"03.02.2016, 19:30 ",СКА , Автомобилист ,-,- ,
"03.02.2016, 19:30 ",Спартак , Югра ,-,- ,
"03.02.2016, 19:30 ",ХК Сочи , Барыс ,-,- ,
"03.02.2016, 20:30 ",Динамо Р , Йокерит ,-,- ,
"04.02.2016, 12:30 ",Амур , Слован ,-,- ,
"04.02.2016, 12:30 ",Адмирал , Медвешчак ,-,- ,
"05.02.2016, 17:00 ",Металлург Мг , Северсталь ,-,- ,
"05.02.2016, 17:00 ",Салават Юлаев , ЦСКА ,-,- ,
"05.02.2016, 17:00 ",Трактор , Торпедо ,-,- ,
"05.02.2016, 18:00 ",Лада , Сибирь ,-,- ,
"05.02.2016, 19:00 ",Нефтехимик , Динамо Мн ,-,- ,
"05.02.2016, 19:00 ",Ак Барс , Металлург Нк ,-,- ,
"05.02.2016, 19:30 ",Динамо М , Йокерит ,-,- ,
"05.02.2016, 19:30 ",СКА , Югра ,-,- ,
"05.02.2016, 19:30 ",Спартак , Автомобилист ,-,- ,
"05.02.2016, 19:30 ",ХК Сочи , Авангард ,-,- ,
"05.02.2016, 20:30 ",Динамо Р , Барыс ,-,- ,
"07.02.2016, 17:00 ",Динамо Мн , Йокерит ,-,- ,
"08.02.2016, 21:00 ",Слован , Динамо Р ,-,- ,
"16.02.2016, 12:30 ",Амур , Адмирал ,-,- ,
"16.02.2016, 16:00 ",Авангард , Сибирь ,-,- ,
"16.02.2016, 17:00 ",Автомобилист , Югра ,-,- ,
"16.02.2016, 17:00 ",Металлург Мг , Трактор ,-,- ,
"16.02.2016, 17:00 ",Салават Юлаев , Металлург Нк ,-,- ,
"16.02.2016, 18:00 ",Лада , Нефтехимик ,-,- ,
"16.02.2016, 19:00 ",Ак Барс , Барыс ,-,- ,
"16.02.2016, 19:00 ",Локомотив , Медвешчак ,-,- ,
"16.02.2016, 19:00 ",Торпедо , Северсталь ,-,- ,
"16.02.2016, 19:30 ",Динамо Мн , Спартак ,-,- ,
"16.02.2016, 19:30 ",Йокерит , СКА ,-,- ,
"16.02.2016, 19:30 ",ХК Сочи , Слован ,-,- ,
"16.02.2016, 19:30 ",ЦСКА , Витязь ,-,- ,
"16.02.2016, 20:30 ",Динамо Р , Динамо М ,-,- ,
"18.02.2016, 12:30 ",Адмирал , Амур ,-,- ,
"18.02.2016, 16:00 ",Авангард , Барыс ,-,- ,
"18.02.2016, 16:30 ",Сибирь , Металлург Нк ,-,- ,
"18.02.2016, 17:00 ",Автомобилист , Металлург Мг ,-,- ,
"18.02.2016, 17:00 ",Югра , Трактор ,-,- ,
"18.02.2016, 19:00 ",Нефтехимик , Салават Юлаев ,-,- ,
"18.02.2016, 19:00 ",Ак Барс , Лада ,-,- ,
"18.02.2016, 19:00 ",Локомотив , Слован ,-,- ,
"18.02.2016, 19:30 ",Северсталь , Витязь ,-,- ,
"18.02.2016, 19:30 ",Динамо Мн , Торпедо ,-,- ,
"18.02.2016, 19:30 ",Йокерит , Спартак ,-,- ,
"18.02.2016, 19:30 ",ХК Сочи , Медвешчак ,-,- ,
"18.02.2016, 19:30 ",ЦСКА , Динамо М ,-,- ,
"18.02.2016, 20:30 ",Динамо Р , СКА ,-,- ,
