"08.10.2015, 02:00 ",Торонто Мэйпл Лифс , Монреаль Канадиенс ,1,3,
"08.10.2015, 03:00 ",Чикаго Блэкхоукс , Нью-Йорк Рейнджерс ,2,3,
"08.10.2015, 05:00 ",Калгари Флэймз , Ванкувер Кэнакс ,1,5,
"08.10.2015, 05:30 ",Лос-Анджелес Кингз , Сан-Хосе Шаркс ,1,5,
"09.10.2015, 02:00 ",Бостон Брюинз , Виннипег Джетс ,2,6,
"09.10.2015, 02:00 ",Баффало Сэйбрз , Оттава Сенаторз ,1,3,
"09.10.2015, 02:30 ",Тампа-Бэй Лайтнинг , Филадельфия Флайерз ,3,2,  ОТ 
"09.10.2015, 03:00 ",Сент-Луис Блюз , Эдмонтон Ойлерз ,3,1,
"09.10.2015, 03:00 ",Нэшвилл Предаторз , Каролина Харрикейнз ,2,1,
"09.10.2015, 03:30 ",Даллас Старз , Питтсбург Пингвинз ,3,0,
"09.10.2015, 04:00 ",Колорадо Эвеланш , Миннесота Уайлд ,4,5,
"10.10.2015, 02:00 ",Нью-Джерси Дэвилз , Виннипег Джетс ,1,3,
"10.10.2015, 02:00 ",Коламбус Блю Джекетс , Нью-Йорк Рейнджерс ,2,4,
"10.10.2015, 02:30 ",Детройт Ред Уингз , Торонто Мэйпл Лифс ,4,0,
"10.10.2015, 02:30 ",Нью-Йорк Айлендерс , Чикаго Блэкхоукс ,2,3,  ОТ 
"10.10.2015, 05:30 ",Лос-Анджелес Кингз , Аризона Койотс ,1,4,
"10.10.2015, 20:00 ",Баффало Сэйбрз , Тампа-Бэй Лайтнинг ,1,4,
"11.10.2015, 02:00 ",Бостон Брюинз , Монреаль Канадиенс ,2,4,
"11.10.2015, 02:00 ",Торонто Мэйпл Лифс , Оттава Сенаторз ,4,5,  Б 
"11.10.2015, 02:00 ",Флорида Пантерз , Филадельфия Флайерз ,7,1,
"11.10.2015, 02:00 ",Нью-Йорк Рейнджерс , Коламбус Блю Джекетс ,5,2,
"11.10.2015, 02:00 ",Вашингтон Кэпиталз , Нью-Джерси Дэвилз ,5,3,
"11.10.2015, 02:00 ",Каролина Харрикейнз , Детройт Ред Уингз ,3,4,
"11.10.2015, 02:00 ",Нэшвилл Предаторз , Эдмонтон Ойлерз ,2,0,
"11.10.2015, 03:00 ",Миннесота Уайлд , Сент-Луис Блюз ,3,2,
"11.10.2015, 03:30 ",Чикаго Блэкхоукс , Нью-Йорк Айлендерс ,4,1,
"11.10.2015, 04:00 ",Колорадо Эвеланш , Даллас Старз ,6,3,
"11.10.2015, 05:00 ",Ванкувер Кэнакс , Калгари Флэймз ,2,3,  ОТ 
"11.10.2015, 05:00 ",Аризона Койотс , Питтсбург Пингвинз ,2,1,
"11.10.2015, 05:30 ",Сан-Хосе Шаркс , Анахайм Дакс ,2,0,
"12.10.2015, 02:00 ",Оттава Сенаторз , Монреаль Канадиенс ,1,3,
"12.10.2015, 20:00 ",Бостон Брюинз , Тампа-Бэй Лайтнинг ,3,6,
"12.10.2015, 20:00 ",Нью-Йорк Айлендерс , Виннипег Джетс ,4,2,
"12.10.2015, 22:00 ",Баффало Сэйбрз , Коламбус Блю Джекетс ,4,2,
"13.10.2015, 02:00 ",Филадельфия Флайерз , Флорида Пантерз ,1,0,
"13.10.2015, 05:00 ",Анахайм Дакс , Ванкувер Кэнакс ,1,2,  Б 
"14.10.2015, 02:00 ",Нью-Джерси Дэвилз , Нэшвилл Предаторз ,1,3,
"14.10.2015, 02:00 ",Нью-Йорк Рейнджерс , Виннипег Джетс ,1,4,
"14.10.2015, 02:00 ",Питтсбург Пингвинз , Монреаль Канадиенс ,2,3,
"14.10.2015, 02:00 ",Вашингтон Кэпиталз , Сан-Хосе Шаркс ,0,5,
"14.10.2015, 02:00 ",Каролина Харрикейнз , Флорида Пантерз ,1,4,
"14.10.2015, 02:30 ",Детройт Ред Уингз , Тампа-Бэй Лайтнинг ,3,1,
"14.10.2015, 03:30 ",Даллас Старз , Эдмонтон Ойлерз ,4,2,
"14.10.2015, 04:00 ",Калгари Флэймз , Сент-Луис Блюз ,3,4,
"14.10.2015, 05:30 ",Лос-Анджелес Кингз , Ванкувер Кэнакс ,0,3,
"15.10.2015, 02:00 ",Коламбус Блю Джекетс , Оттава Сенаторз ,3,7,
"15.10.2015, 03:00 ",Филадельфия Флайерз , Чикаго Блэкхоукс ,3,0,
"15.10.2015, 05:00 ",Колорадо Эвеланш , Бостон Брюинз ,2,6,
"15.10.2015, 05:30 ",Анахайм Дакс , Аризона Койотс ,0,4,
"16.10.2015, 02:00 ",Нью-Йорк Айлендерс , Нэшвилл Предаторз ,4,3,
"16.10.2015, 02:00 ",Питтсбург Пингвинз , Оттава Сенаторз ,2,0,
"16.10.2015, 02:00 ",Вашингтон Кэпиталз , Чикаго Блэкхоукс ,4,1,
"16.10.2015, 02:30 ",Монреаль Канадиенс , Нью-Йорк Рейнджерс ,3,0,
"16.10.2015, 02:30 ",Тампа-Бэй Лайтнинг , Даллас Старз ,3,5,
"16.10.2015, 02:30 ",Флорида Пантерз , Баффало Сэйбрз ,3,2,
"16.10.2015, 04:00 ",Эдмонтон Ойлерз , Сент-Луис Блюз ,2,4,
"16.10.2015, 05:00 ",Аризона Койотс , Миннесота Уайлд ,3,4,
"17.10.2015, 02:00 ",Нью-Джерси Дэвилз , Сан-Хосе Шаркс ,1,2,  Б 
"17.10.2015, 02:00 ",Коламбус Блю Джекетс , Торонто Мэйпл Лифс ,3,6,
"17.10.2015, 02:30 ",Детройт Ред Уингз , Каролина Харрикейнз ,3,5,
"17.10.2015, 03:00 ",Виннипег Джетс , Калгари Флэймз ,3,1,
"17.10.2015, 05:00 ",Ванкувер Кэнакс , Сент-Луис Блюз ,3,4,
"17.10.2015, 05:00 ",Анахайм Дакс , Колорадо Эвеланш ,0,3,
"17.10.2015, 05:30 ",Лос-Анджелес Кингз , Миннесота Уайлд ,2,1,  ОТ 
"18.10.2015, 02:00 ",Монреаль Канадиенс , Детройт Ред Уингз ,4,1,
"18.10.2015, 02:00 ",Оттава Сенаторз , Нэшвилл Предаторз ,3,4,  Б 
"18.10.2015, 02:00 ",Тампа-Бэй Лайтнинг , Баффало Сэйбрз ,2,1,
"18.10.2015, 02:00 ",Флорида Пантерз , Даллас Старз ,2,4,
"18.10.2015, 02:00 ",Питтсбург Пингвинз , Торонто Мэйпл Лифс ,2,1,
"18.10.2015, 02:00 ",Вашингтон Кэпиталз , Каролина Харрикейнз ,4,1,
"18.10.2015, 02:30 ",Нью-Йорк Айлендерс , Сан-Хосе Шаркс ,6,3,
"18.10.2015, 03:30 ",Чикаго Блэкхоукс , Коламбус Блю Джекетс ,4,1,
"18.10.2015, 05:00 ",Калгари Флэймз , Эдмонтон Ойлерз ,2,5,
"18.10.2015, 05:00 ",Аризона Койотс , Бостон Брюинз ,3,5,
"18.10.2015, 20:00 ",Нью-Йорк Рейнджерс , Нью-Джерси Дэвилз ,1,2,  ОТ 
"18.10.2015, 22:00 ",Виннипег Джетс , Сент-Луис Блюз ,2,4,
"19.10.2015, 03:00 ",Анахайм Дакс , Миннесота Уайлд ,4,1,
"19.10.2015, 04:00 ",Ванкувер Кэнакс , Эдмонтон Ойлерз ,1,2,  ОТ 
"19.10.2015, 05:00 ",Лос-Анджелес Кингз , Колорадо Эвеланш ,2,1,
"20.10.2015, 02:00 ",Нью-Йорк Рейнджерс , Сан-Хосе Шаркс ,4,0,
"21.10.2015, 02:00 ",Нью-Джерси Дэвилз , Аризона Койотс ,3,2,  ОТ 
"21.10.2015, 02:00 ",Питтсбург Пингвинз , Флорида Пантерз ,3,2,  ОТ 
"21.10.2015, 02:00 ",Коламбус Блю Джекетс , Нью-Йорк Айлендерс ,0,4,
"21.10.2015, 02:30 ",Филадельфия Флайерз , Даллас Старз ,1,2,
"21.10.2015, 02:30 ",Монреаль Канадиенс , Сент-Луис Блюз ,3,0,
"21.10.2015, 03:00 ",Нэшвилл Предаторз , Тампа-Бэй Лайтнинг ,5,4,  Б 
"21.10.2015, 04:00 ",Калгари Флэймз , Вашингтон Кэпиталз ,2,6,
"22.10.2015, 02:00 ",Баффало Сэйбрз , Торонто Мэйпл Лифс ,2,1,  Б 
"22.10.2015, 03:00 ",Бостон Брюинз , Филадельфия Флайерз ,4,5,  ОТ 
"22.10.2015, 04:30 ",Эдмонтон Ойлерз , Детройт Ред Уингз ,3,1,
"22.10.2015, 05:00 ",Колорадо Эвеланш , Каролина Харрикейнз ,0,1,  ОТ 
"23.10.2015, 02:00 ",Нью-Йорк Рейнджерс , Аризона Койотс ,4,1,
"23.10.2015, 02:00 ",Питтсбург Пингвинз , Даллас Старз ,1,4,
"23.10.2015, 02:30 ",Оттава Сенаторз , Нью-Джерси Дэвилз ,4,5,  Б 
"23.10.2015, 03:00 ",Нэшвилл Предаторз , Анахайм Дакс ,5,1,
"23.10.2015, 03:00 ",Миннесота Уайлд , Коламбус Блю Джекетс ,3,2,
"23.10.2015, 03:30 ",Чикаго Блэкхоукс , Флорида Пантерз ,3,2,
"23.10.2015, 05:00 ",Ванкувер Кэнакс , Вашингтон Кэпиталз ,2,3,
"23.10.2015, 05:30 ",Сан-Хосе Шаркс , Лос-Анджелес Кингз ,1,4,
"24.10.2015, 02:00 ",Баффало Сэйбрз , Монреаль Канадиенс ,2,7,
"24.10.2015, 02:30 ",Нью-Йорк Айлендерс , Бостон Брюинз ,3,5,
"24.10.2015, 03:00 ",Виннипег Джетс , Тампа-Бэй Лайтнинг ,3,4,  ОТ 
"24.10.2015, 04:00 ",Калгари Флэймз , Детройт Ред Уингз ,3,2,  ОТ 
"24.10.2015, 04:00 ",Эдмонтон Ойлерз , Вашингтон Кэпиталз ,4,7,
"24.10.2015, 05:30 ",Лос-Анджелес Кингз , Каролина Харрикейнз ,3,0,
"25.10.2015, 01:00 ",Миннесота Уайлд , Анахайм Дакс ,3,0,
"25.10.2015, 02:00 ",Баффало Сэйбрз , Нью-Джерси Дэвилз ,3,4,
"25.10.2015, 02:00 ",Монреаль Канадиенс , Торонто Мэйпл Лифс ,5,3,
"25.10.2015, 02:00 ",Оттава Сенаторз , Аризона Койотс ,1,4,
"25.10.2015, 02:00 ",Филадельфия Флайерз , Нью-Йорк Рейнджерс ,3,2,  Б 
"25.10.2015, 03:00 ",Сент-Луис Блюз , Нью-Йорк Айлендерс ,2,3,  ОТ 
"25.10.2015, 03:00 ",Нэшвилл Предаторз , Питтсбург Пингвинз ,1,2,  ОТ 
"25.10.2015, 03:00 ",Даллас Старз , Флорида Пантерз ,2,6,
"25.10.2015, 03:30 ",Чикаго Блэкхоукс , Тампа-Бэй Лайтнинг ,1,0,  ОТ 
"25.10.2015, 04:00 ",Колорадо Эвеланш , Коламбус Блю Джекетс ,3,4,
"25.10.2015, 05:00 ",Ванкувер Кэнакс , Детройт Ред Уингз ,2,3,  ОТ 
"25.10.2015, 05:30 ",Сан-Хосе Шаркс , Каролина Харрикейнз ,5,2,
"26.10.2015, 01:00 ",Виннипег Джетс , Миннесота Уайлд ,5,4,
"26.10.2015, 02:00 ",Нью-Йорк Рейнджерс , Калгари Флэймз ,4,1,
"26.10.2015, 04:30 ",Эдмонтон Ойлерз , Лос-Анджелес Кингз ,2,3,
"27.10.2015, 02:00 ",Нью-Йорк Айлендерс , Калгари Флэймз ,4,0,
"27.10.2015, 02:30 ",Торонто Мэйпл Лифс , Аризона Койотс ,3,4,
"27.10.2015, 03:30 ",Чикаго Блэкхоукс , Анахайм Дакс ,1,0,  ОТ 
"28.10.2015, 02:00 ",Бостон Брюинз , Аризона Койотс ,6,0,
"28.10.2015, 02:00 ",Нью-Джерси Дэвилз , Коламбус Блю Джекетс ,1,3,
"28.10.2015, 02:00 ",Филадельфия Флайерз , Баффало Сэйбрз ,3,4,  ОТ 
"28.10.2015, 02:30 ",Детройт Ред Уингз , Каролина Харрикейнз ,1,3,
"28.10.2015, 02:30 ",Флорида Пантерз , Колорадо Эвеланш ,4,1,
"28.10.2015, 03:00 ",Сент-Луис Блюз , Тампа-Бэй Лайтнинг ,2,0,
"28.10.2015, 03:00 ",Миннесота Уайлд , Эдмонтон Ойлерз ,4,3,
"28.10.2015, 03:00 ",Виннипег Джетс , Лос-Анджелес Кингз ,1,4,
"28.10.2015, 03:30 ",Даллас Старз , Анахайм Дакс ,4,3,
"28.10.2015, 05:00 ",Ванкувер Кэнакс , Монреаль Канадиенс ,5,1,
"29.10.2015, 02:30 ",Оттава Сенаторз , Калгари Флэймз ,5,4,  Б 
"29.10.2015, 03:00 ",Вашингтон Кэпиталз , Питтсбург Пингвинз ,1,3,
"29.10.2015, 05:30 ",Сан-Хосе Шаркс , Нэшвилл Предаторз ,1,2,
"30.10.2015, 02:00 ",Нью-Йорк Айлендерс , Каролина Харрикейнз ,2,3,  ОТ 
"30.10.2015, 02:00 ",Филадельфия Флайерз , Нью-Джерси Дэвилз ,1,4,
"30.10.2015, 02:00 ",Питтсбург Пингвинз , Баффало Сэйбрз ,4,3,
"30.10.2015, 02:30 ",Тампа-Бэй Лайтнинг , Колорадо Эвеланш ,1,2,
"30.10.2015, 03:00 ",Сент-Луис Блюз , Анахайм Дакс ,2,1,
"30.10.2015, 03:00 ",Виннипег Джетс , Чикаго Блэкхоукс ,3,1,
"30.10.2015, 03:30 ",Даллас Старз , Ванкувер Кэнакс ,4,3,  ОТ 
"30.10.2015, 04:00 ",Эдмонтон Ойлерз , Монреаль Канадиенс ,4,3,
"31.10.2015, 02:00 ",Баффало Сэйбрз , Филадельфия Флайерз ,3,1,
"31.10.2015, 02:00 ",Нью-Йорк Рейнджерс , Торонто Мэйпл Лифс ,3,1,
"31.10.2015, 02:00 ",Вашингтон Кэпиталз , Коламбус Блю Джекетс ,2,1,
"31.10.2015, 02:00 ",Каролина Харрикейнз , Колорадо Эвеланш ,3,2,
"31.10.2015, 02:30 ",Детройт Ред Уингз , Оттава Сенаторз ,1,3,
"31.10.2015, 02:30 ",Флорида Пантерз , Бостон Брюинз ,1,3,
"31.10.2015, 03:00 ",Миннесота Уайлд , Чикаго Блэкхоукс ,5,4,
"31.10.2015, 04:00 ",Калгари Флэймз , Монреаль Канадиенс ,2,6,
"31.10.2015, 05:00 ",Аризона Койотс , Ванкувер Кэнакс ,3,4,
"31.10.2015, 20:00 ",Нью-Джерси Дэвилз , Нью-Йорк Айлендерс ,3,2,  Б 
"31.10.2015, 22:00 ",Даллас Старз , Сан-Хосе Шаркс ,5,3,
"31.10.2015, 23:00 ",Лос-Анджелес Кингз , Нэшвилл Предаторз ,4,3,  ОТ 
"01.11.2015, 02:00 ",Торонто Мэйпл Лифс , Питтсбург Пингвинз ,0,4,
"01.11.2015, 02:00 ",Оттава Сенаторз , Детройт Ред Уингз ,3,5,
"01.11.2015, 02:00 ",Тампа-Бэй Лайтнинг , Бостон Брюинз ,1,3,
"01.11.2015, 02:00 ",Флорида Пантерз , Вашингтон Кэпиталз ,1,2,  ОТ 
"01.11.2015, 02:00 ",Коламбус Блю Джекетс , Виннипег Джетс ,2,3,
"01.11.2015, 03:00 ",Сент-Луис Блюз , Миннесота Уайлд ,3,2,  ОТ 
"01.11.2015, 05:00 ",Эдмонтон Ойлерз , Калгари Флэймз ,4,5,
"01.11.2015, 23:00 ",Колорадо Эвеланш , Сан-Хосе Шаркс ,3,4,
"02.11.2015, 01:00 ",Каролина Харрикейнз , Тампа-Бэй Лайтнинг ,3,4,
"02.11.2015, 03:00 ",Монреаль Канадиенс , Виннипег Джетс ,5,1,
"02.11.2015, 03:30 ",Нью-Йорк Айлендерс , Баффало Сэйбрз ,1,2,
"02.11.2015, 04:00 ",Анахайм Дакс , Нэшвилл Предаторз ,4,2,
"03.11.2015, 03:30 ",Торонто Мэйпл Лифс , Даллас Старз ,4,1,
"03.11.2015, 04:30 ",Чикаго Блэкхоукс , Лос-Анджелес Кингз ,4,2,
"03.11.2015, 06:00 ",Ванкувер Кэнакс , Филадельфия Флайерз ,4,1,
"04.11.2015, 03:00 ",Бостон Брюинз , Даллас Старз ,3,5,
"04.11.2015, 03:00 ",Нью-Йорк Айлендерс , Нью-Джерси Дэвилз ,2,1,
"04.11.2015, 03:00 ",Нью-Йорк Рейнджерс , Вашингтон Кэпиталз ,5,2,
"04.11.2015, 03:30 ",Монреаль Канадиенс , Оттава Сенаторз ,1,2,  ОТ 
"04.11.2015, 03:30 ",Детройт Ред Уингз , Тампа-Бэй Лайтнинг ,2,1,
"04.11.2015, 04:30 ",Сент-Луис Блюз , Лос-Анджелес Кингз ,0,3,
"04.11.2015, 05:00 ",Колорадо Эвеланш , Калгари Флэймз ,6,3,
"04.11.2015, 05:00 ",Эдмонтон Ойлерз , Филадельфия Флайерз ,4,2,
"04.11.2015, 06:30 ",Сан-Хосе Шаркс , Коламбус Блю Джекетс ,2,5,
"05.11.2015, 03:00 ",Торонто Мэйпл Лифс , Виннипег Джетс ,2,4,
"05.11.2015, 04:00 ",Чикаго Блэкхоукс , Сент-Луис Блюз ,5,6,  ОТ 
"05.11.2015, 06:00 ",Ванкувер Кэнакс , Питтсбург Пингвинз ,2,3,
"05.11.2015, 06:30 ",Анахайм Дакс , Флорида Пантерз ,3,2,  Б 
"06.11.2015, 03:00 ",Баффало Сэйбрз , Тампа-Бэй Лайтнинг ,1,4,
"06.11.2015, 03:00 ",Вашингтон Кэпиталз , Бостон Брюинз ,4,1,
"06.11.2015, 03:30 ",Монреаль Канадиенс , Нью-Йорк Айлендерс ,4,1,
"06.11.2015, 03:30 ",Оттава Сенаторз , Виннипег Джетс ,3,2,  Б 
"06.11.2015, 04:00 ",Миннесота Уайлд , Нэшвилл Предаторз ,2,3,
"06.11.2015, 05:00 ",Калгари Флэймз , Филадельфия Флайерз ,2,1,  ОТ 
"06.11.2015, 05:00 ",Аризона Койотс , Колорадо Эвеланш ,4,2,
"06.11.2015, 06:30 ",Лос-Анджелес Кингз , Коламбус Блю Джекетс ,2,3,
"06.11.2015, 06:30 ",Сан-Хосе Шаркс , Флорида Пантерз ,5,2,
"07.11.2015, 03:00 ",Торонто Мэйпл Лифс , Детройт Ред Уингз ,1,2,  ОТ 
"07.11.2015, 03:00 ",Нью-Джерси Дэвилз , Чикаго Блэкхоукс ,4,2,
"07.11.2015, 03:00 ",Каролина Харрикейнз , Даллас Старз ,1,4,
"07.11.2015, 05:00 ",Колорадо Эвеланш , Нью-Йорк Рейнджерс ,1,2,
"07.11.2015, 05:00 ",Эдмонтон Ойлерз , Питтсбург Пингвинз ,1,2,
"07.11.2015, 06:00 ",Анахайм Дакс , Коламбус Блю Джекетс ,4,2,
"07.11.2015, 21:00 ",Баффало Сэйбрз , Ванкувер Кэнакс ,3,2,
"08.11.2015, 00:00 ",Лос-Анджелес Кингз , Флорида Пантерз ,4,1,
"08.11.2015, 03:00 ",Монреаль Канадиенс , Бостон Брюинз ,4,2,
"08.11.2015, 03:00 ",Вашингтон Кэпиталз , Торонто Мэйпл Лифс ,3,2,  Б 
"08.11.2015, 03:00 ",Каролина Харрикейнз , Оттава Сенаторз ,3,2,  ОТ 
"08.11.2015, 03:00 ",Виннипег Джетс , Филадельфия Флайерз ,0,3,
"08.11.2015, 04:00 ",Нэшвилл Предаторз , Сент-Луис Блюз ,0,4,
"08.11.2015, 04:00 ",Миннесота Уайлд , Тампа-Бэй Лайтнинг ,1,0,
"08.11.2015, 05:00 ",Аризона Койотс , Нью-Йорк Рейнджерс ,1,4,
"08.11.2015, 06:00 ",Калгари Флэймз , Питтсбург Пингвинз ,5,2,
"08.11.2015, 06:30 ",Сан-Хосе Шаркс , Анахайм Дакс ,0,1,
"08.11.2015, 23:00 ",Детройт Ред Уингз , Даллас Старз ,1,4,
"09.11.2015, 01:00 ",Нью-Джерси Дэвилз , Ванкувер Кэнакс ,4,3,  ОТ 
"09.11.2015, 01:00 ",Нью-Йорк Айлендерс , Бостон Брюинз ,1,2,
"09.11.2015, 04:00 ",Чикаго Блэкхоукс , Эдмонтон Ойлерз ,4,2,
"10.11.2015, 06:00 ",Анахайм Дакс , Аризона Койотс ,3,4,  ОТ 
"11.11.2015, 03:00 ",Нью-Джерси Дэвилз , Сент-Луис Блюз ,0,2,
"11.11.2015, 03:00 ",Нью-Йорк Рейнджерс , Каролина Харрикейнз ,3,0,
"11.11.2015, 03:00 ",Филадельфия Флайерз , Колорадо Эвеланш ,0,4,
"11.11.2015, 03:00 ",Коламбус Блю Джекетс , Ванкувер Кэнакс ,3,5,
"11.11.2015, 03:30 ",Детройт Ред Уингз , Вашингтон Кэпиталз ,1,0,
"11.11.2015, 03:30 ",Тампа-Бэй Лайтнинг , Баффало Сэйбрз ,1,4,
"11.11.2015, 03:30 ",Флорида Пантерз , Калгари Флэймз ,4,3,
"11.11.2015, 04:00 ",Нэшвилл Предаторз , Оттава Сенаторз ,7,5,
"11.11.2015, 04:00 ",Миннесота Уайлд , Виннипег Джетс ,5,3,
"11.11.2015, 04:30 ",Даллас Старз , Торонто Мэйпл Лифс ,2,3,
"11.11.2015, 06:30 ",Лос-Анджелес Кингз , Аризона Койотс ,2,3,
"11.11.2015, 06:30 ",Сан-Хосе Шаркс , Нью-Йорк Айлендерс ,2,4,
"12.11.2015, 03:30 ",Питтсбург Пингвинз , Монреаль Канадиенс ,4,3,  Б 
"12.11.2015, 06:00 ",Анахайм Дакс , Эдмонтон Ойлерз ,3,4,  ОТ 
"13.11.2015, 03:00 ",Бостон Брюинз , Колорадо Эвеланш ,2,3,
"13.11.2015, 03:00 ",Нью-Йорк Рейнджерс , Сент-Луис Блюз ,6,3,
"13.11.2015, 03:00 ",Филадельфия Флайерз , Вашингтон Кэпиталз ,2,5,
"13.11.2015, 03:00 ",Каролина Харрикейнз , Миннесота Уайлд ,2,3,  ОТ 
"13.11.2015, 03:30 ",Оттава Сенаторз , Ванкувер Кэнакс ,3,2,
"13.11.2015, 03:30 ",Тампа-Бэй Лайтнинг , Калгари Флэймз ,3,1,
"13.11.2015, 03:30 ",Флорида Пантерз , Баффало Сэйбрз ,2,3,
"13.11.2015, 04:00 ",Нэшвилл Предаторз , Торонто Мэйпл Лифс ,1,2,  Б 
"13.11.2015, 04:30 ",Чикаго Блэкхоукс , Нью-Джерси Дэвилз ,2,3,
"13.11.2015, 04:30 ",Даллас Старз , Виннипег Джетс ,6,3,
"13.11.2015, 05:00 ",Аризона Койотс , Эдмонтон Ойлерз ,4,1,
"13.11.2015, 06:30 ",Лос-Анджелес Кингз , Нью-Йорк Айлендерс ,2,1,
"14.11.2015, 03:00 ",Питтсбург Пингвинз , Коламбус Блю Джекетс ,1,2,
"14.11.2015, 03:00 ",Вашингтон Кэпиталз , Калгари Флэймз ,2,3,  ОТ 
"14.11.2015, 03:30 ",Детройт Ред Уингз , Сан-Хосе Шаркс ,2,3,
"14.11.2015, 06:00 ",Анахайм Дакс , Нью-Йорк Айлендерс ,1,4,
"14.11.2015, 21:00 ",Оттава Сенаторз , Нью-Йорк Рейнджерс ,1,2,  Б 
"15.11.2015, 03:00 ",Бостон Брюинз , Детройт Ред Уингз ,3,1,
"15.11.2015, 03:00 ",Баффало Сэйбрз , Сан-Хосе Шаркс ,1,2,  ОТ 
"15.11.2015, 03:00 ",Торонто Мэйпл Лифс , Ванкувер Кэнакс ,4,2,
"15.11.2015, 03:00 ",Монреаль Канадиенс , Колорадо Эвеланш ,1,6,
"15.11.2015, 03:00 ",Тампа-Бэй Лайтнинг , Флорида Пантерз ,4,5,  Б 
"15.11.2015, 03:00 ",Нью-Джерси Дэвилз , Питтсбург Пингвинз ,4,0,
"15.11.2015, 03:00 ",Каролина Харрикейнз , Филадельфия Флайерз ,2,3,  ОТ 
"15.11.2015, 03:00 ",Коламбус Блю Джекетс , Аризона Койотс ,5,2,
"15.11.2015, 03:00 ",Нэшвилл Предаторз , Виннипег Джетс ,7,0,
"15.11.2015, 04:00 ",Сент-Луис Блюз , Чикаго Блэкхоукс ,2,4,
"15.11.2015, 04:00 ",Даллас Старз , Миннесота Уайлд ,3,2,  ОТ 
"15.11.2015, 06:00 ",Лос-Анджелес Кингз , Эдмонтон Ойлерз ,4,3,
"16.11.2015, 03:00 ",Нью-Йорк Рейнджерс , Торонто Мэйпл Лифс ,4,3,
"16.11.2015, 04:30 ",Чикаго Блэкхоукс , Калгари Флэймз ,4,1,
"17.11.2015, 03:00 ",Нью-Йорк Айлендерс , Аризона Койотс ,5,2,
"17.11.2015, 03:00 ",Каролина Харрикейнз , Анахайм Дакс ,1,4,
"17.11.2015, 03:30 ",Монреаль Канадиенс , Ванкувер Кэнакс ,4,3,  ОТ 
"17.11.2015, 03:30 ",Оттава Сенаторз , Детройт Ред Уингз ,3,4,  ОТ 
"17.11.2015, 03:30 ",Флорида Пантерз , Тампа-Бэй Лайтнинг ,1,0,
"17.11.2015, 04:00 ",Сент-Луис Блюз , Виннипег Джетс ,3,2,
"18.11.2015, 03:00 ",Бостон Брюинз , Сан-Хосе Шаркс ,4,5,
"18.11.2015, 03:00 ",Баффало Сэйбрз , Даллас Старз ,1,3,
"18.11.2015, 03:00 ",Филадельфия Флайерз , Лос-Анджелес Кингз ,2,3,  Б 
"18.11.2015, 03:00 ",Коламбус Блю Джекетс , Сент-Луис Блюз ,3,1,
"18.11.2015, 03:30 ",Питтсбург Пингвинз , Миннесота Уайлд ,4,3,
"18.11.2015, 03:30 ",Торонто Мэйпл Лифс , Колорадо Эвеланш ,5,1,
"18.11.2015, 04:00 ",Нэшвилл Предаторз , Анахайм Дакс ,3,2,
"18.11.2015, 05:00 ",Калгари Флэймз , Нью-Джерси Дэвилз ,3,2,
"19.11.2015, 03:30 ",Виннипег Джетс , Ванкувер Кэнакс ,4,1,
"19.11.2015, 04:00 ",Детройт Ред Уингз , Вашингтон Кэпиталз ,1,2,  ОТ 
"19.11.2015, 05:30 ",Эдмонтон Ойлерз , Чикаго Блэкхоукс ,3,4,  ОТ 
"20.11.2015, 03:00 ",Бостон Брюинз , Миннесота Уайлд ,4,2,
"20.11.2015, 03:00 ",Филадельфия Флайерз , Сан-Хосе Шаркс ,0,1,  ОТ 
"20.11.2015, 03:00 ",Питтсбург Пингвинз , Колорадо Эвеланш ,4,3,
"20.11.2015, 03:00 ",Вашингтон Кэпиталз , Даллас Старз ,2,3,
"20.11.2015, 03:30 ",Монреаль Канадиенс , Аризона Койотс ,2,3,
"20.11.2015, 03:30 ",Оттава Сенаторз , Коламбус Блю Джекетс ,3,0,
"20.11.2015, 03:30 ",Тампа-Бэй Лайтнинг , Нью-Йорк Рейнджерс ,2,1,
"20.11.2015, 03:30 ",Флорида Пантерз , Анахайм Дакс ,1,3,
"20.11.2015, 04:00 ",Сент-Луис Блюз , Баффало Сэйбрз ,3,2,  Б 
"21.11.2015, 03:00 ",Каролина Харрикейнз , Торонто Мэйпл Лифс ,1,2,  Б 
"21.11.2015, 03:00 ",Коламбус Блю Джекетс , Нэшвилл Предаторз ,4,0,
"21.11.2015, 03:30 ",Детройт Ред Уингз , Лос-Анджелес Кингз ,3,2,
"21.11.2015, 03:30 ",Нью-Йорк Айлендерс , Монреаль Канадиенс ,3,5,
"21.11.2015, 05:00 ",Калгари Флэймз , Чикаго Блэкхоукс ,2,1,  ОТ 
"21.11.2015, 05:00 ",Эдмонтон Ойлерз , Нью-Джерси Дэвилз ,5,1,
"22.11.2015, 03:00 ",Бостон Брюинз , Торонто Мэйпл Лифс ,2,0,
"22.11.2015, 03:00 ",Оттава Сенаторз , Филадельфия Флайерз ,4,0,
"22.11.2015, 03:00 ",Тампа-Бэй Лайтнинг , Анахайм Дакс ,5,0,
"22.11.2015, 03:00 ",Флорида Пантерз , Нью-Йорк Рейнджерс ,4,5,  ОТ 
"22.11.2015, 03:00 ",Питтсбург Пингвинз , Сан-Хосе Шаркс ,1,3,
"22.11.2015, 03:00 ",Вашингтон Кэпиталз , Колорадо Эвеланш ,7,3,
"22.11.2015, 03:00 ",Виннипег Джетс , Аризона Койотс ,3,2,
"22.11.2015, 04:00 ",Сент-Луис Блюз , Детройт Ред Уингз ,3,4,  ОТ 
"22.11.2015, 04:00 ",Даллас Старз , Баффало Сэйбрз ,3,0,
"22.11.2015, 04:00 ",Миннесота Уайлд , Нэшвилл Предаторз ,4,0,
"22.11.2015, 06:00 ",Ванкувер Кэнакс , Чикаго Блэкхоукс ,6,3,
"22.11.2015, 21:00 ",Каролина Харрикейнз , Лос-Анджелес Кингз ,4,3,
"23.11.2015, 01:00 ",Коламбус Блю Джекетс , Сан-Хосе Шаркс ,3,5,
"23.11.2015, 03:00 ",Монреаль Канадиенс , Нью-Йорк Айлендерс ,4,2,
"23.11.2015, 06:00 ",Ванкувер Кэнакс , Нью-Джерси Дэвилз ,2,3,
"24.11.2015, 03:00 ",Баффало Сэйбрз , Сент-Луис Блюз ,1,2,
"24.11.2015, 03:00 ",Нью-Йорк Рейнджерс , Нэшвилл Предаторз ,3,0,
"24.11.2015, 03:00 ",Филадельфия Флайерз , Каролина Харрикейнз ,3,2,  ОТ 
"24.11.2015, 03:00 ",Вашингтон Кэпиталз , Эдмонтон Ойлерз ,1,0,
"24.11.2015, 03:30 ",Торонто Мэйпл Лифс , Бостон Брюинз ,3,4,  Б 
"24.11.2015, 03:30 ",Флорида Пантерз , Лос-Анджелес Кингз ,1,3,
"24.11.2015, 04:00 ",Виннипег Джетс , Колорадо Эвеланш ,1,4,
"25.11.2015, 04:30 ",Даллас Старз , Оттава Сенаторз ,4,7,
"25.11.2015, 06:00 ",Анахайм Дакс , Калгари Флэймз ,5,3,
"26.11.2015, 03:00 ",Баффало Сэйбрз , Нэшвилл Предаторз ,2,3,
"26.11.2015, 03:00 ",Нью-Джерси Дэвилз , Коламбус Блю Джекетс ,1,2,
"26.11.2015, 03:00 ",Нью-Йорк Рейнджерс , Монреаль Канадиенс ,1,5,
"26.11.2015, 03:00 ",Питтсбург Пингвинз , Сент-Луис Блюз ,4,3,  ОТ 
"26.11.2015, 03:00 ",Вашингтон Кэпиталз , Виннипег Джетс ,5,3,
"26.11.2015, 03:00 ",Каролина Харрикейнз , Эдмонтон Ойлерз ,4,1,
"26.11.2015, 03:00 ",Миннесота Уайлд , Ванкувер Кэнакс ,2,3,
"26.11.2015, 03:30 ",Нью-Йорк Айлендерс , Филадельфия Флайерз ,3,1,
"26.11.2015, 03:30 ",Детройт Ред Уингз , Бостон Брюинз ,2,3,  ОТ 
"26.11.2015, 03:30 ",Тампа-Бэй Лайтнинг , Лос-Анджелес Кингз ,2,1,  Б 
"26.11.2015, 05:00 ",Аризона Койотс , Анахайм Дакс ,4,2,
"26.11.2015, 05:30 ",Колорадо Эвеланш , Оттава Сенаторз ,3,5,
"26.11.2015, 06:00 ",Сан-Хосе Шаркс , Чикаго Блэкхоукс ,2,5,
"27.11.2015, 21:00 ",Бостон Брюинз , Нью-Йорк Рейнджерс ,4,3,
"27.11.2015, 23:30 ",Филадельфия Флайерз , Нэшвилл Предаторз ,3,2,  ОТ 
"28.11.2015, 00:00 ",Миннесота Уайлд , Виннипег Джетс ,1,3,
"28.11.2015, 01:00 ",Анахайм Дакс , Чикаго Блэкхоукс ,2,3,  ОТ 
"28.11.2015, 01:00 ",Вашингтон Кэпиталз , Тампа-Бэй Лайтнинг ,4,2,
"28.11.2015, 03:00 ",Баффало Сэйбрз , Каролина Харрикейнз ,4,1,
"28.11.2015, 03:00 ",Нью-Джерси Дэвилз , Монреаль Канадиенс ,2,3,  Б 
"28.11.2015, 03:00 ",Коламбус Блю Джекетс , Питтсбург Пингвинз ,2,1,  ОТ 
"28.11.2015, 03:30 ",Детройт Ред Уингз , Эдмонтон Ойлерз ,4,3,  ОТ 
"28.11.2015, 03:30 ",Флорида Пантерз , Нью-Йорк Айлендерс ,3,2,  Б 
"28.11.2015, 04:30 ",Даллас Старз , Ванкувер Кэнакс ,3,2,  Б 
"28.11.2015, 05:00 ",Аризона Койотс , Калгари Флэймз ,2,1,  ОТ 
"28.11.2015, 21:30 ",Нью-Йорк Рейнджерс , Филадельфия Флайерз ,0,3,
"29.11.2015, 03:00 ",Торонто Мэйпл Лифс , Вашингтон Кэпиталз ,2,4,
"29.11.2015, 03:00 ",Монреаль Канадиенс , Нью-Джерси Дэвилз ,2,3,  ОТ 
"29.11.2015, 03:00 ",Тампа-Бэй Лайтнинг , Нью-Йорк Айлендерс ,2,3,
"29.11.2015, 03:00 ",Питтсбург Пингвинз , Эдмонтон Ойлерз ,2,3,  Б 
"29.11.2015, 04:00 ",Сент-Луис Блюз , Коламбус Блю Джекетс ,3,1,
"29.11.2015, 04:00 ",Нэшвилл Предаторз , Баффало Сэйбрз ,1,4,
"29.11.2015, 04:00 ",Миннесота Уайлд , Даллас Старз ,3,4,  ОТ 
"29.11.2015, 06:00 ",Колорадо Эвеланш , Виннипег Джетс ,5,3,
"29.11.2015, 06:00 ",Аризона Койотс , Оттава Сенаторз ,4,3,
"29.11.2015, 06:00 ",Сан-Хосе Шаркс , Калгари Флэймз ,5,2,
"29.11.2015, 06:30 ",Лос-Анджелес Кингз , Чикаго Блэкхоукс ,3,2,  ОТ 
"29.11.2015, 22:00 ",Детройт Ред Уингз , Флорида Пантерз ,1,2,  ОТ 
"01.12.2015, 03:00 ",Нью-Йорк Айлендерс , Колорадо Эвеланш ,5,3,
"01.12.2015, 03:00 ",Нью-Йорк Рейнджерс , Каролина Харрикейнз ,4,3,
"01.12.2015, 03:30 ",Торонто Мэйпл Лифс , Эдмонтон Ойлерз ,3,0,
"01.12.2015, 06:00 ",Анахайм Дакс , Ванкувер Кэнакс ,4,0,
"02.12.2015, 03:00 ",Нью-Джерси Дэвилз , Колорадо Эвеланш ,1,2,
"02.12.2015, 03:30 ",Монреаль Канадиенс , Коламбус Блю Джекетс ,2,1,
"02.12.2015, 03:30 ",Оттава Сенаторз , Филадельфия Флайерз ,2,4,
"02.12.2015, 03:30 ",Детройт Ред Уингз , Баффало Сэйбрз ,5,4,  Б 
"02.12.2015, 04:00 ",Сент-Луис Блюз , Флорида Пантерз ,1,3,
"02.12.2015, 04:00 ",Нэшвилл Предаторз , Аризона Койотс ,5,2,
"02.12.2015, 04:00 ",Чикаго Блэкхоукс , Миннесота Уайлд ,1,2,
"02.12.2015, 05:00 ",Калгари Флэймз , Даллас Старз ,4,3,  Б 
"02.12.2015, 06:30 ",Лос-Анджелес Кингз , Ванкувер Кэнакс ,2,1,  ОТ 
"02.12.2015, 06:30 ",Сан-Хосе Шаркс , Питтсбург Пингвинз ,1,5,
"03.12.2015, 03:30 ",Виннипег Джетс , Торонто Мэйпл Лифс ,6,1,
"03.12.2015, 04:00 ",Нью-Йорк Айлендерс , Нью-Йорк Рейнджерс ,2,1,  Б 
"03.12.2015, 05:30 ",Эдмонтон Ойлерз , Бостон Брюинз ,3,2,  Б 
"03.12.2015, 06:30 ",Анахайм Дакс , Тампа-Бэй Лайтнинг ,1,2,
"04.12.2015, 03:00 ",Нью-Йорк Рейнджерс , Колорадо Эвеланш ,1,2,
"04.12.2015, 03:00 ",Каролина Харрикейнз , Нью-Джерси Дэвилз ,1,5,
"04.12.2015, 03:30 ",Монреаль Канадиенс , Вашингтон Кэпиталз ,2,3,
"04.12.2015, 03:30 ",Оттава Сенаторз , Чикаго Блэкхоукс ,4,3,  ОТ 
"04.12.2015, 03:30 ",Детройт Ред Уингз , Аризона Койотс ,5,1,
"04.12.2015, 04:00 ",Нэшвилл Предаторз , Флорида Пантерз ,1,2,
"04.12.2015, 04:00 ",Миннесота Уайлд , Торонто Мэйпл Лифс ,1,0,
"04.12.2015, 06:00 ",Ванкувер Кэнакс , Даллас Старз ,2,4,
"05.12.2015, 03:00 ",Баффало Сэйбрз , Аризона Койотс ,5,2,
"05.12.2015, 03:00 ",Нью-Джерси Дэвилз , Филадельфия Флайерз ,3,4,  ОТ 
"05.12.2015, 03:00 ",Коламбус Блю Джекетс , Флорида Пантерз ,1,2,  Б 
"05.12.2015, 03:30 ",Нью-Йорк Айлендерс , Сент-Луис Блюз ,2,1,  Б 
"05.12.2015, 05:00 ",Калгари Флэймз , Бостон Брюинз ,5,4,  ОТ 
"05.12.2015, 05:00 ",Эдмонтон Ойлерз , Даллас Старз ,2,1,  ОТ 
"05.12.2015, 06:00 ",Анахайм Дакс , Сан-Хосе Шаркс ,1,0,
"05.12.2015, 23:00 ",Виннипег Джетс , Вашингтон Кэпиталз ,2,1,  ОТ 
"06.12.2015, 00:00 ",Лос-Анджелес Кингз , Питтсбург Пингвинз ,5,3,
"06.12.2015, 03:00 ",Оттава Сенаторз , Нью-Йорк Айлендерс ,3,2,  ОТ 
"06.12.2015, 03:00 ",Детройт Ред Уингз , Нэшвилл Предаторз ,5,4,  ОТ 
"06.12.2015, 03:00 ",Каролина Харрикейнз , Монреаль Канадиенс ,3,2,
"06.12.2015, 03:00 ",Сент-Луис Блюз , Торонто Мэйпл Лифс ,1,4,
"06.12.2015, 03:30 ",Филадельфия Флайерз , Коламбус Блю Джекетс ,1,4,
"06.12.2015, 04:00 ",Миннесота Уайлд , Колорадо Эвеланш ,3,0,
"06.12.2015, 06:00 ",Ванкувер Кэнакс , Бостон Брюинз ,0,4,
"06.12.2015, 06:30 ",Сан-Хосе Шаркс , Тампа-Бэй Лайтнинг ,3,4,
"07.12.2015, 01:00 ",Каролина Харрикейнз , Аризона Койотс ,5,4,
"07.12.2015, 01:00 ",Чикаго Блэкхоукс , Виннипег Джетс ,3,1,
"07.12.2015, 03:00 ",Нью-Джерси Дэвилз , Флорида Пантерз ,4,2,
"07.12.2015, 03:00 ",Нью-Йорк Рейнджерс , Оттава Сенаторз ,4,1,
"07.12.2015, 04:00 ",Эдмонтон Ойлерз , Баффало Сэйбрз ,4,2,
"07.12.2015, 04:00 ",Анахайм Дакс , Питтсбург Пингвинз ,2,1,
"07.12.2015, 06:00 ",Лос-Анджелес Кингз , Тампа-Бэй Лайтнинг ,3,1,
"08.12.2015, 03:00 ",Бостон Брюинз , Нэшвилл Предаторз ,2,3,
"08.12.2015, 05:00 ",Колорадо Эвеланш , Миннесота Уайлд ,2,1,  ОТ 
"08.12.2015, 06:00 ",Ванкувер Кэнакс , Баффало Сэйбрз ,5,2,
"09.12.2015, 03:00 ",Филадельфия Флайерз , Нью-Йорк Айлендерс ,3,4,  Б 
"09.12.2015, 03:00 ",Коламбус Блю Джекетс , Лос-Анджелес Кингз ,2,3,  ОТ 
"09.12.2015, 03:30 ",Вашингтон Кэпиталз , Детройт Ред Уингз ,3,2,  Б 
"09.12.2015, 03:30 ",Торонто Мэйпл Лифс , Нью-Джерси Дэвилз ,3,2,  Б 
"09.12.2015, 03:30 ",Флорида Пантерз , Оттава Сенаторз ,2,4,
"09.12.2015, 04:00 ",Сент-Луис Блюз , Аризона Койотс ,4,1,
"09.12.2015, 04:30 ",Чикаго Блэкхоукс , Нэшвилл Предаторз ,4,1,
"09.12.2015, 04:30 ",Даллас Старз , Каролина Харрикейнз ,6,5,
"09.12.2015, 05:00 ",Калгари Флэймз , Сан-Хосе Шаркс ,4,2,
"10.12.2015, 03:30 ",Монреаль Канадиенс , Бостон Брюинз ,1,3,
"10.12.2015, 05:30 ",Эдмонтон Ойлерз , Сан-Хосе Шаркс ,4,3,  ОТ 
"10.12.2015, 06:00 ",Колорадо Эвеланш , Питтсбург Пингвинз ,2,4,
"10.12.2015, 06:00 ",Ванкувер Кэнакс , Нью-Йорк Рейнджерс ,2,1,
"11.12.2015, 03:30 ",Детройт Ред Уингз , Монреаль Канадиенс ,3,2,
"11.12.2015, 03:30 ",Тампа-Бэй Лайтнинг , Оттава Сенаторз ,4,1,
"11.12.2015, 03:30 ",Флорида Пантерз , Вашингтон Кэпиталз ,4,1,
"11.12.2015, 04:00 ",Сент-Луис Блюз , Филадельфия Флайерз ,2,4,
"11.12.2015, 04:00 ",Нэшвилл Предаторз , Чикаго Блэкхоукс ,5,1,
"11.12.2015, 04:00 ",Виннипег Джетс , Коламбус Блю Джекетс ,6,4,
"11.12.2015, 05:00 ",Калгари Флэймз , Баффало Сэйбрз ,4,3,
"12.12.2015, 03:00 ",Нью-Джерси Дэвилз , Детройт Ред Уингз ,3,2,  ОТ 
"12.12.2015, 03:00 ",Питтсбург Пингвинз , Лос-Анджелес Кингз ,2,3,  Б 
"12.12.2015, 04:30 ",Чикаго Блэкхоукс , Виннипег Джетс ,2,0,
"12.12.2015, 04:30 ",Даллас Старз , Филадельфия Флайерз ,3,1,
"12.12.2015, 05:00 ",Аризона Койотс , Миннесота Уайлд ,2,1,  ОТ 
"12.12.2015, 05:30 ",Эдмонтон Ойлерз , Нью-Йорк Рейнджерс ,7,5,
"12.12.2015, 06:00 ",Анахайм Дакс , Каролина Харрикейнз ,1,5,
"12.12.2015, 21:00 ",Бостон Брюинз , Флорида Пантерз ,3,1,
"13.12.2015, 03:00 ",Баффало Сэйбрз , Лос-Анджелес Кингз ,2,1,  ОТ 
"13.12.2015, 03:00 ",Монреаль Канадиенс , Оттава Сенаторз ,3,1,
"13.12.2015, 03:00 ",Тампа-Бэй Лайтнинг , Вашингтон Кэпиталз ,1,2,
"13.12.2015, 03:00 ",Коламбус Блю Джекетс , Нью-Йорк Айлендерс ,2,3,  ОТ 
"13.12.2015, 04:00 ",Сент-Луис Блюз , Даллас Старз ,3,0,
"13.12.2015, 04:00 ",Нэшвилл Предаторз , Колорадо Эвеланш ,2,3,
"13.12.2015, 05:00 ",Аризона Койотс , Каролина Харрикейнз ,4,5,  ОТ 
"13.12.2015, 06:00 ",Калгари Флэймз , Нью-Йорк Рейнджерс ,5,4,  ОТ 
"13.12.2015, 06:30 ",Сан-Хосе Шаркс , Миннесота Уайлд ,0,2,
"14.12.2015, 01:00 ",Нью-Йорк Айлендерс , Нью-Джерси Дэвилз ,4,0,
"14.12.2015, 02:00 ",Сент-Луис Блюз , Колорадо Эвеланш ,1,3,
"14.12.2015, 03:00 ",Чикаго Блэкхоукс , Ванкувер Кэнакс ,4,0,
"15.12.2015, 03:00 ",Бостон Брюинз , Эдмонтон Ойлерз ,2,3,  ОТ 
"15.12.2015, 03:00 ",Питтсбург Пингвинз , Вашингтон Кэпиталз ,1,4,
"15.12.2015, 03:00 ",Коламбус Блю Джекетс , Тампа-Бэй Лайтнинг ,1,2,
"15.12.2015, 03:30 ",Оттава Сенаторз , Лос-Анджелес Кингз ,5,3,
"15.12.2015, 03:30 ",Детройт Ред Уингз , Баффало Сэйбрз ,1,2,
"16.12.2015, 03:00 ",Баффало Сэйбрз , Нью-Джерси Дэвилз ,0,2,
"16.12.2015, 03:00 ",Нью-Йорк Айлендерс , Флорида Пантерз ,1,5,
"16.12.2015, 03:00 ",Нью-Йорк Рейнджерс , Эдмонтон Ойлерз ,4,2,
"16.12.2015, 03:00 ",Филадельфия Флайерз , Каролина Харрикейнз ,4,3,  ОТ 
"16.12.2015, 03:30 ",Торонто Мэйпл Лифс , Тампа-Бэй Лайтнинг ,4,5,  ОТ 
"16.12.2015, 03:30 ",Монреаль Канадиенс , Сан-Хосе Шаркс ,1,3,
"16.12.2015, 04:00 ",Нэшвилл Предаторз , Калгари Флэймз ,1,2,  ОТ 
"16.12.2015, 04:00 ",Миннесота Уайлд , Ванкувер Кэнакс ,6,2,
"16.12.2015, 04:00 ",Виннипег Джетс , Сент-Луис Блюз ,3,4,
"16.12.2015, 04:30 ",Чикаго Блэкхоукс , Колорадо Эвеланш ,0,3,
"16.12.2015, 04:30 ",Даллас Старз , Коламбус Блю Джекетс ,5,1,
"17.12.2015, 03:00 ",Вашингтон Кэпиталз , Оттава Сенаторз ,2,1,
"17.12.2015, 04:00 ",Бостон Брюинз , Питтсбург Пингвинз ,3,0,
"18.12.2015, 03:00 ",Баффало Сэйбрз , Анахайм Дакс ,3,0,
"18.12.2015, 03:00 ",Нью-Джерси Дэвилз , Флорида Пантерз ,1,5,
"18.12.2015, 03:00 ",Филадельфия Флайерз , Ванкувер Кэнакс ,2,0,
"18.12.2015, 03:30 ",Торонто Мэйпл Лифс , Сан-Хосе Шаркс ,4,5,  ОТ 
"18.12.2015, 03:30 ",Монреаль Канадиенс , Лос-Анджелес Кингз ,0,3,
"18.12.2015, 04:00 ",Сент-Луис Блюз , Нэшвилл Предаторз ,2,1,
"18.12.2015, 04:00 ",Миннесота Уайлд , Нью-Йорк Рейнджерс ,5,2,
"18.12.2015, 04:30 ",Чикаго Блэкхоукс , Эдмонтон Ойлерз ,4,0,
"18.12.2015, 04:30 ",Даллас Старз , Калгари Флэймз ,1,3,
"18.12.2015, 05:00 ",Колорадо Эвеланш , Нью-Йорк Айлендерс ,2,1,
"18.12.2015, 05:00 ",Аризона Койотс , Коламбус Блю Джекетс ,5,7,
"19.12.2015, 03:00 ",Питтсбург Пингвинз , Бостон Брюинз ,2,6,
"19.12.2015, 03:00 ",Вашингтон Кэпиталз , Тампа-Бэй Лайтнинг ,5,3,
"19.12.2015, 03:00 ",Каролина Харрикейнз , Флорида Пантерз ,0,2,
"19.12.2015, 03:30 ",Оттава Сенаторз , Сан-Хосе Шаркс ,4,2,
"19.12.2015, 03:30 ",Детройт Ред Уингз , Ванкувер Кэнакс ,3,4,  Б 
"19.12.2015, 04:00 ",Виннипег Джетс , Нью-Йорк Рейнджерс ,5,2,
"19.12.2015, 21:00 ",Баффало Сэйбрз , Чикаго Блэкхоукс ,2,3,  Б 
"19.12.2015, 23:00 ",Сент-Луис Блюз , Калгари Флэймз ,3,2,
"20.12.2015, 03:00 ",Торонто Мэйпл Лифс , Лос-Анджелес Кингз ,5,0,
"20.12.2015, 03:00 ",Нью-Джерси Дэвилз , Анахайм Дакс ,1,2,
"20.12.2015, 03:00 ",Питтсбург Пингвинз , Каролина Харрикейнз ,1,2,
"20.12.2015, 03:00 ",Коламбус Блю Джекетс , Филадельфия Флайерз ,3,2,  Б 
"20.12.2015, 03:00 ",Даллас Старз , Монреаль Канадиенс ,6,2,
"20.12.2015, 04:00 ",Нэшвилл Предаторз , Миннесота Уайлд ,3,2,
"20.12.2015, 05:00 ",Аризона Койотс , Нью-Йорк Айлендерс ,1,0,
"20.12.2015, 06:00 ",Колорадо Эвеланш , Эдмонтон Ойлерз ,5,1,
"21.12.2015, 00:00 ",Флорида Пантерз , Ванкувер Кэнакс ,5,4,  Б 
"21.12.2015, 01:00 ",Бостон Брюинз , Нью-Джерси Дэвилз ,2,1,  Б 
"21.12.2015, 01:00 ",Тампа-Бэй Лайтнинг , Оттава Сенаторз ,5,2,
"21.12.2015, 03:00 ",Детройт Ред Уингз , Калгари Флэймз ,4,2,
"21.12.2015, 03:00 ",Нью-Йорк Рейнджерс , Вашингтон Кэпиталз ,3,7,
"21.12.2015, 03:00 ",Чикаго Блэкхоукс , Сан-Хосе Шаркс ,4,3,  ОТ 
"22.12.2015, 03:00 ",Нью-Йорк Айлендерс , Анахайм Дакс ,5,2,
"22.12.2015, 03:00 ",Филадельфия Флайерз , Сент-Луис Блюз ,4,3,
"22.12.2015, 03:00 ",Питтсбург Пингвинз , Коламбус Блю Джекетс ,5,2,
"22.12.2015, 03:00 ",Каролина Харрикейнз , Вашингтон Кэпиталз ,1,2,
"22.12.2015, 04:00 ",Нэшвилл Предаторз , Монреаль Канадиенс ,5,1,
"22.12.2015, 04:00 ",Миннесота Уайлд , Даллас Старз ,3,6,
"22.12.2015, 05:00 ",Колорадо Эвеланш , Торонто Мэйпл Лифс ,4,7,
"22.12.2015, 05:00 ",Эдмонтон Ойлерз , Виннипег Джетс ,3,1,
"23.12.2015, 03:00 ",Бостон Брюинз , Сент-Луис Блюз ,0,2,
"23.12.2015, 03:00 ",Нью-Йорк Рейнджерс , Анахайм Дакс ,3,2,  ОТ 
"23.12.2015, 03:30 ",Детройт Ред Уингз , Нью-Джерси Дэвилз ,3,4,
"23.12.2015, 03:30 ",Тампа-Бэй Лайтнинг , Ванкувер Кэнакс ,1,2,
"23.12.2015, 03:30 ",Флорида Пантерз , Оттава Сенаторз ,2,1,  Б 
"23.12.2015, 04:00 ",Миннесота Уайлд , Монреаль Канадиенс ,2,1,
"23.12.2015, 04:30 ",Даллас Старз , Чикаго Блэкхоукс ,4,0,
"23.12.2015, 05:00 ",Калгари Флэймз , Виннипег Джетс ,4,1,
"23.12.2015, 05:00 ",Аризона Койотс , Торонто Мэйпл Лифс ,3,2,
"23.12.2015, 06:30 ",Лос-Анджелес Кингз , Сан-Хосе Шаркс ,3,5,
"27.12.2015, 03:00 ",Бостон Брюинз , Баффало Сэйбрз ,-,- ,
"27.12.2015, 03:00 ",Тампа-Бэй Лайтнинг , Коламбус Блю Джекетс ,-,- ,
"27.12.2015, 03:00 ",Вашингтон Кэпиталз , Монреаль Канадиенс ,-,- ,
"27.12.2015, 03:00 ",Каролина Харрикейнз , Нью-Джерси Дэвилз ,-,- ,
"27.12.2015, 04:00 ",Сент-Луис Блюз , Даллас Старз ,-,- ,
"27.12.2015, 04:00 ",Нэшвилл Предаторз , Детройт Ред Уингз ,-,- ,
"27.12.2015, 04:00 ",Миннесота Уайлд , Питтсбург Пингвинз ,-,- ,
"27.12.2015, 05:00 ",Аризона Койотс , Лос-Анджелес Кингз ,-,- ,
"27.12.2015, 06:00 ",Ванкувер Кэнакс , Эдмонтон Ойлерз ,-,- ,
"28.12.2015, 01:00 ",Оттава Сенаторз , Бостон Брюинз ,-,- ,
"28.12.2015, 02:00 ",Флорида Пантерз , Коламбус Блю Джекетс ,-,- ,
"28.12.2015, 02:00 ",Нью-Йорк Айлендерс , Торонто Мэйпл Лифс ,-,- ,
"28.12.2015, 02:00 ",Даллас Старз , Сент-Луис Блюз ,-,- ,
"28.12.2015, 03:00 ",Чикаго Блэкхоукс , Каролина Харрикейнз ,-,- ,
"28.12.2015, 04:00 ",Виннипег Джетс , Питтсбург Пингвинз ,-,- ,
"28.12.2015, 04:00 ",Колорадо Эвеланш , Аризона Койотс ,-,- ,
"28.12.2015, 04:00 ",Анахайм Дакс , Филадельфия Флайерз ,-,- ,
"28.12.2015, 05:00 ",Калгари Флэймз , Эдмонтон Ойлерз ,-,- ,
"29.12.2015, 03:00 ",Баффало Сэйбрз , Вашингтон Кэпиталз ,-,- ,
"29.12.2015, 03:30 ",Тампа-Бэй Лайтнинг , Монреаль Канадиенс ,-,- ,
"29.12.2015, 04:00 ",Нэшвилл Предаторз , Нью-Йорк Рейнджерс ,-,- ,
"29.12.2015, 04:00 ",Миннесота Уайлд , Детройт Ред Уингз ,-,- ,
"29.12.2015, 06:00 ",Ванкувер Кэнакс , Лос-Анджелес Кингз ,-,- ,
"29.12.2015, 06:30 ",Сан-Хосе Шаркс , Колорадо Эвеланш ,-,- ,
"30.12.2015, 03:00 ",Бостон Брюинз , Оттава Сенаторз ,-,- ,
"30.12.2015, 03:00 ",Торонто Мэйпл Лифс , Нью-Йорк Айлендерс ,-,- ,
"30.12.2015, 03:00 ",Нью-Джерси Дэвилз , Каролина Харрикейнз ,-,- ,
"30.12.2015, 03:00 ",Коламбус Блю Джекетс , Даллас Старз ,-,- ,
"30.12.2015, 03:30 ",Флорида Пантерз , Монреаль Канадиенс ,-,- ,
"30.12.2015, 04:00 ",Сент-Луис Блюз , Нэшвилл Предаторз ,-,- ,
"30.12.2015, 04:00 ",Виннипег Джетс , Детройт Ред Уингз ,-,- ,
"30.12.2015, 05:00 ",Калгари Флэймз , Анахайм Дакс ,-,- ,
"30.12.2015, 05:00 ",Эдмонтон Ойлерз , Лос-Анджелес Кингз ,-,- ,
"30.12.2015, 05:00 ",Аризона Койотс , Чикаго Блэкхоукс ,-,- ,
"31.12.2015, 03:00 ",Питтсбург Пингвинз , Торонто Мэйпл Лифс ,-,- ,
"31.12.2015, 03:00 ",Вашингтон Кэпиталз , Баффало Сэйбрз ,-,- ,
"31.12.2015, 03:30 ",Оттава Сенаторз , Нью-Джерси Дэвилз ,-,- ,
"31.12.2015, 04:00 ",Тампа-Бэй Лайтнинг , Нью-Йорк Рейнджерс ,-,- ,
"31.12.2015, 06:30 ",Сан-Хосе Шаркс , Филадельфия Флайерз ,-,- ,
"01.01.2016, 02:00 ",Баффало Сэйбрз , Нью-Йорк Айлендерс ,-,- ,
"01.01.2016, 02:00 ",Детройт Ред Уингз , Питтсбург Пингвинз ,-,- ,
"01.01.2016, 02:00 ",Каролина Харрикейнз , Вашингтон Кэпиталз ,-,- ,
"01.01.2016, 04:00 ",Сент-Луис Блюз , Миннесота Уайлд ,-,- ,
"01.01.2016, 04:00 ",Колорадо Эвеланш , Чикаго Блэкхоукс ,-,- ,
"01.01.2016, 04:30 ",Даллас Старз , Нэшвилл Предаторз ,-,- ,
"01.01.2016, 05:00 ",Калгари Флэймз , Лос-Анджелес Кингз ,-,- ,
"01.01.2016, 05:00 ",Эдмонтон Ойлерз , Анахайм Дакс ,-,- ,
"01.01.2016, 05:00 ",Аризона Койотс , Виннипег Джетс ,-,- ,
"01.01.2016, 21:00 ",Бостон Брюинз , Монреаль Канадиенс ,-,- ,
"02.01.2016, 06:00 ",Ванкувер Кэнакс , Анахайм Дакс ,-,- ,
"02.01.2016, 21:00 ",Баффало Сэйбрз , Детройт Ред Уингз ,-,- ,
"03.01.2016, 00:00 ",Эдмонтон Ойлерз , Аризона Койотс ,-,- ,
"03.01.2016, 00:00 ",Лос-Анджелес Кингз , Филадельфия Флайерз ,-,- ,
"03.01.2016, 03:00 ",Торонто Мэйпл Лифс , Сент-Луис Блюз ,-,- ,
"03.01.2016, 03:00 ",Тампа-Бэй Лайтнинг , Миннесота Уайлд ,-,- ,
"03.01.2016, 03:00 ",Флорида Пантерз , Нью-Йорк Рейнджерс ,-,- ,
"03.01.2016, 03:00 ",Нью-Джерси Дэвилз , Даллас Старз ,-,- ,
"03.01.2016, 03:00 ",Питтсбург Пингвинз , Нью-Йорк Айлендерс ,-,- ,
"03.01.2016, 03:00 ",Каролина Харрикейнз , Нэшвилл Предаторз ,-,- ,
"03.01.2016, 03:00 ",Коламбус Блю Джекетс , Вашингтон Кэпиталз ,-,- ,
"03.01.2016, 06:00 ",Колорадо Эвеланш , Калгари Флэймз ,-,- ,
"03.01.2016, 06:00 ",Сан-Хосе Шаркс , Виннипег Джетс ,-,- ,
"04.01.2016, 01:00 ",Нью-Йорк Айлендерс , Даллас Старз ,-,- ,
"04.01.2016, 02:00 ",Флорида Пантерз , Миннесота Уайлд ,-,- ,
"04.01.2016, 03:00 ",Чикаго Блэкхоукс , Оттава Сенаторз ,-,- ,
"04.01.2016, 05:00 ",Анахайм Дакс , Виннипег Джетс ,-,- ,
"05.01.2016, 03:00 ",Нью-Джерси Дэвилз , Детройт Ред Уингз ,-,- ,
"05.01.2016, 04:00 ",Сент-Луис Блюз , Оттава Сенаторз ,-,- ,
"05.01.2016, 05:00 ",Колорадо Эвеланш , Лос-Анджелес Кингз ,-,- ,
"05.01.2016, 05:00 ",Эдмонтон Ойлерз , Каролина Харрикейнз ,-,- ,
"05.01.2016, 06:00 ",Ванкувер Кэнакс , Аризона Койотс ,-,- ,
"06.01.2016, 03:00 ",Бостон Брюинз , Вашингтон Кэпиталз ,-,- ,
"06.01.2016, 03:00 ",Баффало Сэйбрз , Флорида Пантерз ,-,- ,
"06.01.2016, 03:00 ",Нью-Йорк Рейнджерс , Даллас Старз ,-,- ,
"06.01.2016, 03:00 ",Питтсбург Пингвинз , Чикаго Блэкхоукс ,-,- ,
"06.01.2016, 03:00 ",Коламбус Блю Джекетс , Миннесота Уайлд ,-,- ,
"06.01.2016, 03:30 ",Филадельфия Флайерз , Монреаль Канадиенс ,-,- ,
"06.01.2016, 04:00 ",Нэшвилл Предаторз , Виннипег Джетс ,-,- ,
"06.01.2016, 05:00 ",Калгари Флэймз , Тампа-Бэй Лайтнинг ,-,- ,
"07.01.2016, 03:00 ",Монреаль Канадиенс , Нью-Джерси Дэвилз ,-,- ,
"07.01.2016, 04:00 ",Чикаго Блэкхоукс , Питтсбург Пингвинз ,-,- ,
"07.01.2016, 06:00 ",Колорадо Эвеланш , Сент-Луис Блюз ,-,- ,
"07.01.2016, 06:00 ",Ванкувер Кэнакс , Каролина Харрикейнз ,-,- ,
"07.01.2016, 06:00 ",Анахайм Дакс , Торонто Мэйпл Лифс ,-,- ,
"08.01.2016, 03:00 ",Нью-Йорк Айлендерс , Вашингтон Кэпиталз ,-,- ,
"08.01.2016, 03:30 ",Оттава Сенаторз , Флорида Пантерз ,-,- ,
"08.01.2016, 04:00 ",Миннесота Уайлд , Филадельфия Флайерз ,-,- ,
"08.01.2016, 04:30 ",Даллас Старз , Виннипег Джетс ,-,- ,
"08.01.2016, 05:00 ",Калгари Флэймз , Аризона Койотс ,-,- ,
"08.01.2016, 06:30 ",Лос-Анджелес Кингз , Торонто Мэйпл Лифс ,-,- ,
"08.01.2016, 06:30 ",Сан-Хосе Шаркс , Детройт Ред Уингз ,-,- ,
"09.01.2016, 03:00 ",Нью-Джерси Дэвилз , Бостон Брюинз ,-,- ,
"09.01.2016, 03:00 ",Каролина Харрикейнз , Коламбус Блю Джекетс ,-,- ,
"09.01.2016, 04:30 ",Чикаго Блэкхоукс , Баффало Сэйбрз ,-,- ,
"09.01.2016, 05:00 ",Колорадо Эвеланш , Нэшвилл Предаторз ,-,- ,
"09.01.2016, 05:00 ",Эдмонтон Ойлерз , Тампа-Бэй Лайтнинг ,-,- ,
"09.01.2016, 06:00 ",Анахайм Дакс , Сент-Луис Блюз ,-,- ,
"09.01.2016, 21:00 ",Нью-Йорк Рейнджерс , Вашингтон Кэпиталз ,-,- ,
"09.01.2016, 21:00 ",Филадельфия Флайерз , Нью-Йорк Айлендерс ,-,- ,
"10.01.2016, 03:00 ",Монреаль Канадиенс , Питтсбург Пингвинз ,-,- ,
"10.01.2016, 03:00 ",Оттава Сенаторз , Бостон Брюинз ,-,- ,
"10.01.2016, 03:00 ",Коламбус Блю Джекетс , Каролина Харрикейнз ,-,- ,
"10.01.2016, 03:00 ",Сан-Хосе Шаркс , Торонто Мэйпл Лифс ,-,- ,
"10.01.2016, 04:00 ",Даллас Старз , Миннесота Уайлд ,-,- ,
"10.01.2016, 05:00 ",Аризона Койотс , Нэшвилл Предаторз ,-,- ,
"10.01.2016, 06:00 ",Ванкувер Кэнакс , Тампа-Бэй Лайтнинг ,-,- ,
"10.01.2016, 06:30 ",Лос-Анджелес Кингз , Сент-Луис Блюз ,-,- ,
"10.01.2016, 23:00 ",Виннипег Джетс , Баффало Сэйбрз ,-,- ,
"11.01.2016, 03:00 ",Вашингтон Кэпиталз , Оттава Сенаторз ,-,- ,
"11.01.2016, 03:00 ",Чикаго Блэкхоукс , Колорадо Эвеланш ,-,- ,
"11.01.2016, 04:00 ",Миннесота Уайлд , Нью-Джерси Дэвилз ,-,- ,
"11.01.2016, 04:00 ",Анахайм Дакс , Детройт Ред Уингз ,-,- ,
"11.01.2016, 05:30 ",Эдмонтон Ойлерз , Флорида Пантерз ,-,- ,
"12.01.2016, 03:00 ",Нью-Йорк Рейнджерс , Бостон Брюинз ,-,- ,
"12.01.2016, 05:00 ",Калгари Флэймз , Сан-Хосе Шаркс ,-,- ,
"12.01.2016, 06:00 ",Ванкувер Кэнакс , Флорида Пантерз ,-,- ,
"12.01.2016, 06:30 ",Лос-Анджелес Кингз , Детройт Ред Уингз ,-,- ,
"13.01.2016, 03:00 ",Нью-Йорк Айлендерс , Коламбус Блю Джекетс ,-,- ,
"13.01.2016, 03:00 ",Каролина Харрикейнз , Питтсбург Пингвинз ,-,- ,
"13.01.2016, 04:00 ",Сент-Луис Блюз , Нью-Джерси Дэвилз ,-,- ,
"13.01.2016, 04:00 ",Миннесота Уайлд , Баффало Сэйбрз ,-,- ,
"13.01.2016, 04:00 ",Виннипег Джетс , Сан-Хосе Шаркс ,-,- ,
"13.01.2016, 04:30 ",Чикаго Блэкхоукс , Нэшвилл Предаторз ,-,- ,
"13.01.2016, 05:00 ",Колорадо Эвеланш , Тампа-Бэй Лайтнинг ,-,- ,
"13.01.2016, 05:00 ",Аризона Койотс , Эдмонтон Ойлерз ,-,- ,
"14.01.2016, 03:00 ",Торонто Мэйпл Лифс , Коламбус Блю Джекетс ,-,- ,
"14.01.2016, 04:00 ",Филадельфия Флайерз , Бостон Брюинз ,-,- ,
"14.01.2016, 05:30 ",Калгари Флэймз , Флорида Пантерз ,-,- ,
"14.01.2016, 06:00 ",Анахайм Дакс , Оттава Сенаторз ,-,- ,
"15.01.2016, 03:00 ",Нью-Йорк Айлендерс , Нью-Йорк Рейнджерс ,-,- ,
"15.01.2016, 03:00 ",Вашингтон Кэпиталз , Ванкувер Кэнакс ,-,- ,
"15.01.2016, 03:30 ",Монреаль Канадиенс , Чикаго Блэкхоукс ,-,- ,
"15.01.2016, 04:00 ",Сент-Луис Блюз , Каролина Харрикейнз ,-,- ,
"15.01.2016, 04:00 ",Виннипег Джетс , Нэшвилл Предаторз ,-,- ,
"15.01.2016, 05:00 ",Колорадо Эвеланш , Нью-Джерси Дэвилз ,-,- ,
"15.01.2016, 05:00 ",Аризона Койотс , Детройт Ред Уингз ,-,- ,
"15.01.2016, 06:30 ",Сан-Хосе Шаркс , Эдмонтон Ойлерз ,-,- ,
"16.01.2016, 03:00 ",Баффало Сэйбрз , Бостон Брюинз ,-,- ,
"16.01.2016, 03:00 ",Торонто Мэйпл Лифс , Чикаго Блэкхоукс ,-,- ,
"16.01.2016, 03:00 ",Каролина Харрикейнз , Ванкувер Кэнакс ,-,- ,
"16.01.2016, 03:30 ",Тампа-Бэй Лайтнинг , Питтсбург Пингвинз ,-,- ,
"16.01.2016, 04:00 ",Миннесота Уайлд , Виннипег Джетс ,-,- ,
"16.01.2016, 06:00 ",Анахайм Дакс , Даллас Старз ,-,- ,
"16.01.2016, 21:00 ",Филадельфия Флайерз , Нью-Йорк Рейнджерс ,-,- ,
"17.01.2016, 00:00 ",Лос-Анджелес Кингз , Оттава Сенаторз ,-,- ,
"17.01.2016, 03:00 ",Бостон Брюинз , Торонто Мэйпл Лифс ,-,- ,
"17.01.2016, 03:00 ",Баффало Сэйбрз , Вашингтон Кэпиталз ,-,- ,
"17.01.2016, 03:00 ",Коламбус Блю Джекетс , Колорадо Эвеланш ,-,- ,
"17.01.2016, 03:00 ",Сент-Луис Блюз , Монреаль Канадиенс ,-,- ,
"17.01.2016, 04:00 ",Нэшвилл Предаторз , Миннесота Уайлд ,-,- ,
"17.01.2016, 05:00 ",Аризона Койотс , Нью-Джерси Дэвилз ,-,- ,
"17.01.2016, 06:00 ",Эдмонтон Ойлерз , Калгари Флэймз ,-,- ,
"17.01.2016, 06:30 ",Сан-Хосе Шаркс , Даллас Старз ,-,- ,
"17.01.2016, 23:00 ",Питтсбург Пингвинз , Каролина Харрикейнз ,-,- ,
"18.01.2016, 00:00 ",Нью-Йорк Айлендерс , Ванкувер Кэнакс ,-,- ,
"18.01.2016, 01:00 ",Тампа-Бэй Лайтнинг , Флорида Пантерз ,-,- ,
"18.01.2016, 01:00 ",Вашингтон Кэпиталз , Нью-Йорк Рейнджерс ,-,- ,
"18.01.2016, 03:00 ",Чикаго Блэкхоукс , Монреаль Канадиенс ,-,- ,
"18.01.2016, 03:30 ",Детройт Ред Уингз , Филадельфия Флайерз ,-,- ,
"18.01.2016, 05:00 ",Анахайм Дакс , Лос-Анджелес Кингз ,-,- ,
"19.01.2016, 03:30 ",Флорида Пантерз , Эдмонтон Ойлерз ,-,- ,
"19.01.2016, 04:00 ",Сент-Луис Блюз , Питтсбург Пингвинз ,-,- ,
"19.01.2016, 04:00 ",Виннипег Джетс , Колорадо Эвеланш ,-,- ,
"19.01.2016, 05:00 ",Аризона Койотс , Баффало Сэйбрз ,-,- ,
"19.01.2016, 06:30 ",Сан-Хосе Шаркс , Оттава Сенаторз ,-,- ,
"20.01.2016, 03:00 ",Нью-Джерси Дэвилз , Калгари Флэймз ,-,- ,
"20.01.2016, 03:00 ",Нью-Йорк Рейнджерс , Ванкувер Кэнакс ,-,- ,
"20.01.2016, 03:00 ",Филадельфия Флайерз , Торонто Мэйпл Лифс ,-,- ,
"20.01.2016, 03:00 ",Коламбус Блю Джекетс , Вашингтон Кэпиталз ,-,- ,
"20.01.2016, 03:30 ",Монреаль Канадиенс , Бостон Брюинз ,-,- ,
"20.01.2016, 03:30 ",Тампа-Бэй Лайтнинг , Эдмонтон Ойлерз ,-,- ,
"20.01.2016, 04:00 ",Нэшвилл Предаторз , Чикаго Блэкхоукс ,-,- ,
"20.01.2016, 06:30 ",Лос-Анджелес Кингз , Даллас Старз ,-,- ,
"21.01.2016, 04:00 ",Детройт Ред Уингз , Сент-Луис Блюз ,-,- ,
"21.01.2016, 06:00 ",Колорадо Эвеланш , Баффало Сэйбрз ,-,- ,
"21.01.2016, 06:30 ",Анахайм Дакс , Миннесота Уайлд ,-,- ,
"22.01.2016, 03:00 ",Бостон Брюинз , Ванкувер Кэнакс ,-,- ,
"22.01.2016, 03:00 ",Нью-Джерси Дэвилз , Оттава Сенаторз ,-,- ,
"22.01.2016, 03:00 ",Питтсбург Пингвинз , Филадельфия Флайерз ,-,- ,
"22.01.2016, 03:00 ",Коламбус Блю Джекетс , Калгари Флэймз ,-,- ,
"22.01.2016, 03:30 ",Торонто Мэйпл Лифс , Каролина Харрикейнз ,-,- ,
"22.01.2016, 03:30 ",Тампа-Бэй Лайтнинг , Чикаго Блэкхоукс ,-,- ,
"22.01.2016, 04:00 ",Виннипег Джетс , Нэшвилл Предаторз ,-,- ,
"22.01.2016, 04:30 ",Даллас Старз , Эдмонтон Ойлерз ,-,- ,
"22.01.2016, 05:00 ",Аризона Койотс , Сан-Хосе Шаркс ,-,- ,
"22.01.2016, 06:30 ",Лос-Анджелес Кингз , Миннесота Уайлд ,-,- ,
"23.01.2016, 03:00 ",Баффало Сэйбрз , Детройт Ред Уингз ,-,- ,
"23.01.2016, 03:00 ",Вашингтон Кэпиталз , Анахайм Дакс ,-,- ,
"23.01.2016, 03:00 ",Каролина Харрикейнз , Нью-Йорк Рейнджерс ,-,- ,
"23.01.2016, 03:30 ",Оттава Сенаторз , Нью-Йорк Айлендерс ,-,- ,
"23.01.2016, 03:30 ",Флорида Пантерз , Чикаго Блэкхоукс ,-,- ,
"23.01.2016, 05:00 ",Колорадо Эвеланш , Сент-Луис Блюз ,-,- ,
"23.01.2016, 20:30 ",Питтсбург Пингвинз , Ванкувер Кэнакс ,-,- ,
"24.01.2016, 00:00 ",Сан-Хосе Шаркс , Миннесота Уайлд ,-,- ,
"24.01.2016, 03:00 ",Бостон Брюинз , Коламбус Блю Джекетс ,-,- ,
"24.01.2016, 03:00 ",Торонто Мэйпл Лифс , Монреаль Канадиенс ,-,- ,
"24.01.2016, 03:00 ",Детройт Ред Уингз , Анахайм Дакс ,-,- ,
"24.01.2016, 03:00 ",Флорида Пантерз , Тампа-Бэй Лайтнинг ,-,- ,
"24.01.2016, 03:00 ",Виннипег Джетс , Нью-Джерси Дэвилз ,-,- ,
"24.01.2016, 03:30 ",Нью-Йорк Айлендерс , Филадельфия Флайерз ,-,- ,
"24.01.2016, 04:00 ",Даллас Старз , Колорадо Эвеланш ,-,- ,
"24.01.2016, 05:00 ",Аризона Койотс , Лос-Анджелес Кингз ,-,- ,
"24.01.2016, 06:00 ",Эдмонтон Ойлерз , Нэшвилл Предаторз ,-,- ,
"24.01.2016, 20:30 ",Вашингтон Кэпиталз , Питтсбург Пингвинз ,-,- ,
"24.01.2016, 23:00 ",Оттава Сенаторз , Нью-Йорк Рейнджерс ,-,- ,
"25.01.2016, 02:00 ",Каролина Харрикейнз , Калгари Флэймз ,-,- ,
"25.01.2016, 03:00 ",Чикаго Блэкхоукс , Сент-Луис Блюз ,-,- ,
"25.01.2016, 06:00 ",Сан-Хосе Шаркс , Лос-Анджелес Кингз ,-,- ,
"26.01.2016, 03:00 ",Нью-Йорк Айлендерс , Детройт Ред Уингз ,-,- ,
"26.01.2016, 03:00 ",Филадельфия Флайерз , Бостон Брюинз ,-,- ,
"26.01.2016, 03:00 ",Коламбус Блю Джекетс , Монреаль Канадиенс ,-,- ,
"26.01.2016, 03:30 ",Нью-Йорк Рейнджерс , Баффало Сэйбрз ,-,- ,
"26.01.2016, 04:30 ",Даллас Старз , Калгари Флэймз ,-,- ,
"26.01.2016, 04:30 ",Миннесота Уайлд , Аризона Койотс ,-,- ,
"27.01.2016, 03:00 ",Бостон Брюинз , Анахайм Дакс ,-,- ,
"27.01.2016, 03:00 ",Питтсбург Пингвинз , Нью-Джерси Дэвилз ,-,- ,
"27.01.2016, 03:30 ",Каролина Харрикейнз , Чикаго Блэкхоукс ,-,- ,
"27.01.2016, 03:30 ",Монреаль Канадиенс , Коламбус Блю Джекетс ,-,- ,
"27.01.2016, 03:30 ",Оттава Сенаторз , Баффало Сэйбрз ,-,- ,
"27.01.2016, 03:30 ",Флорида Пантерз , Торонто Мэйпл Лифс ,-,- ,
"27.01.2016, 04:00 ",Виннипег Джетс , Аризона Койотс ,-,- ,
"27.01.2016, 06:00 ",Ванкувер Кэнакс , Нэшвилл Предаторз ,-,- ,
"27.01.2016, 06:00 ",Сан-Хосе Шаркс , Колорадо Эвеланш ,-,- ,
"28.01.2016, 03:00 ",Тампа-Бэй Лайтнинг , Торонто Мэйпл Лифс ,-,- ,
"28.01.2016, 04:00 ",Вашингтон Кэпиталз , Филадельфия Флайерз ,-,- ,
"28.01.2016, 05:30 ",Калгари Флэймз , Нэшвилл Предаторз ,-,- ,
"28.01.2016, 06:30 ",Лос-Анджелес Кингз , Колорадо Эвеланш ,-,- ,
"03.02.2016, 03:00 ",Бостон Брюинз , Торонто Мэйпл Лифс ,-,- ,
"03.02.2016, 03:00 ",Нью-Джерси Дэвилз , Нью-Йорк Рейнджерс ,-,- ,
"03.02.2016, 03:00 ",Нью-Йорк Айлендерс , Миннесота Уайлд ,-,- ,
"03.02.2016, 03:00 ",Филадельфия Флайерз , Монреаль Канадиенс ,-,- ,
"03.02.2016, 03:00 ",Питтсбург Пингвинз , Оттава Сенаторз ,-,- ,
"03.02.2016, 03:30 ",Вашингтон Кэпиталз , Флорида Пантерз ,-,- ,
"03.02.2016, 04:00 ",Нэшвилл Предаторз , Сент-Луис Блюз ,-,- ,
"03.02.2016, 04:00 ",Виннипег Джетс , Даллас Старз ,-,- ,
"03.02.2016, 05:00 ",Колорадо Эвеланш , Чикаго Блэкхоукс ,-,- ,
"03.02.2016, 05:00 ",Эдмонтон Ойлерз , Коламбус Блю Джекетс ,-,- ,
"03.02.2016, 05:00 ",Аризона Койотс , Лос-Анджелес Кингз ,-,- ,
"03.02.2016, 06:00 ",Анахайм Дакс , Сан-Хосе Шаркс ,-,- ,
"04.02.2016, 03:00 ",Монреаль Канадиенс , Баффало Сэйбрз ,-,- ,
"04.02.2016, 04:00 ",Тампа-Бэй Лайтнинг , Детройт Ред Уингз ,-,- ,
"04.02.2016, 05:30 ",Калгари Флэймз , Каролина Харрикейнз ,-,- ,
"05.02.2016, 03:00 ",Баффало Сэйбрз , Бостон Брюинз ,-,- ,
"05.02.2016, 03:00 ",Нью-Йорк Рейнджерс , Миннесота Уайлд ,-,- ,
"05.02.2016, 03:30 ",Вашингтон Кэпиталз , Нью-Йорк Айлендерс ,-,- ,
"05.02.2016, 03:30 ",Торонто Мэйпл Лифс , Нью-Джерси Дэвилз ,-,- ,
"05.02.2016, 03:30 ",Оттава Сенаторз , Эдмонтон Ойлерз ,-,- ,
"05.02.2016, 03:30 ",Флорида Пантерз , Детройт Ред Уингз ,-,- ,
"05.02.2016, 04:00 ",Сент-Луис Блюз , Сан-Хосе Шаркс ,-,- ,
"05.02.2016, 04:00 ",Нэшвилл Предаторз , Филадельфия Флайерз ,-,- ,
"05.02.2016, 05:00 ",Колорадо Эвеланш , Даллас Старз ,-,- ,
"05.02.2016, 05:00 ",Аризона Койотс , Чикаго Блэкхоукс ,-,- ,
"05.02.2016, 06:00 ",Ванкувер Кэнакс , Коламбус Блю Джекетс ,-,- ,
"05.02.2016, 06:00 ",Лос-Анджелес Кингз , Анахайм Дакс ,-,- ,
"06.02.2016, 03:30 ",Тампа-Бэй Лайтнинг , Питтсбург Пингвинз ,-,- ,
"06.02.2016, 04:00 ",Виннипег Джетс , Каролина Харрикейнз ,-,- ,
"06.02.2016, 05:00 ",Калгари Флэймз , Коламбус Блю Джекетс ,-,- ,
"06.02.2016, 06:00 ",Анахайм Дакс , Аризона Койотс ,-,- ,
"06.02.2016, 21:00 ",Нью-Джерси Дэвилз , Вашингтон Кэпиталз ,-,- ,
"06.02.2016, 21:00 ",Филадельфия Флайерз , Нью-Йорк Рейнджерс ,-,- ,
"06.02.2016, 22:00 ",Монреаль Канадиенс , Эдмонтон Ойлерз ,-,- ,
"06.02.2016, 22:00 ",Детройт Ред Уингз , Нью-Йорк Айлендерс ,-,- ,
"07.02.2016, 03:00 ",Бостон Брюинз , Баффало Сэйбрз ,-,- ,
"07.02.2016, 03:00 ",Оттава Сенаторз , Торонто Мэйпл Лифс ,-,- ,
"07.02.2016, 03:00 ",Флорида Пантерз , Питтсбург Пингвинз ,-,- ,
"07.02.2016, 04:00 ",Сент-Луис Блюз , Миннесота Уайлд ,-,- ,
"07.02.2016, 04:00 ",Нэшвилл Предаторз , Сан-Хосе Шаркс ,-,- ,
"07.02.2016, 04:00 ",Даллас Старз , Чикаго Блэкхоукс ,-,- ,
"07.02.2016, 06:00 ",Колорадо Эвеланш , Виннипег Джетс ,-,- ,
"07.02.2016, 06:00 ",Ванкувер Кэнакс , Калгари Флэймз ,-,- ,
"07.02.2016, 20:00 ",Вашингтон Кэпиталз , Филадельфия Флайерз ,-,- ,
"07.02.2016, 22:30 ",Монреаль Канадиенс , Каролина Харрикейнз ,-,- ,
"07.02.2016, 22:30 ",Нью-Йорк Айлендерс , Эдмонтон Ойлерз ,-,- ,
"09.02.2016, 03:00 ",Нью-Йорк Рейнджерс , Нью-Джерси Дэвилз ,-,- ,
"09.02.2016, 03:00 ",Питтсбург Пингвинз , Анахайм Дакс ,-,- ,
"09.02.2016, 03:30 ",Оттава Сенаторз , Тампа-Бэй Лайтнинг ,-,- ,
"09.02.2016, 03:30 ",Детройт Ред Уингз , Флорида Пантерз ,-,- ,
"10.02.2016, 03:00 ",Бостон Брюинз , Лос-Анджелес Кингз ,-,- ,
"10.02.2016, 03:00 ",Баффало Сэйбрз , Флорида Пантерз ,-,- ,
"10.02.2016, 03:00 ",Нью-Джерси Дэвилз , Эдмонтон Ойлерз ,-,- ,
"10.02.2016, 03:00 ",Филадельфия Флайерз , Анахайм Дакс ,-,- ,
"10.02.2016, 03:00 ",Коламбус Блю Джекетс , Нью-Йорк Айлендерс ,-,- ,
"10.02.2016, 03:30 ",Монреаль Канадиенс , Тампа-Бэй Лайтнинг ,-,- ,
"10.02.2016, 04:00 ",Сент-Луис Блюз , Виннипег Джетс ,-,- ,
"10.02.2016, 04:00 ",Нэшвилл Предаторз , Вашингтон Кэпиталз ,-,- ,
"10.02.2016, 04:00 ",Миннесота Уайлд , Даллас Старз ,-,- ,
"10.02.2016, 04:30 ",Чикаго Блэкхоукс , Сан-Хосе Шаркс ,-,- ,
"10.02.2016, 05:00 ",Колорадо Эвеланш , Ванкувер Кэнакс ,-,- ,
"10.02.2016, 05:00 ",Калгари Флэймз , Торонто Мэйпл Лифс ,-,- ,
"11.02.2016, 03:00 ",Детройт Ред Уингз , Оттава Сенаторз ,-,- ,
"11.02.2016, 04:00 ",Питтсбург Пингвинз , Нью-Йорк Рейнджерс ,-,- ,
"11.02.2016, 05:30 ",Аризона Койотс , Ванкувер Кэнакс ,-,- ,
"12.02.2016, 03:00 ",Нью-Йорк Айлендерс , Лос-Анджелес Кингз ,-,- ,
"12.02.2016, 03:00 ",Филадельфия Флайерз , Баффало Сэйбрз ,-,- ,
"12.02.2016, 03:00 ",Коламбус Блю Джекетс , Анахайм Дакс ,-,- ,
"12.02.2016, 03:30 ",Оттава Сенаторз , Колорадо Эвеланш ,-,- ,
"12.02.2016, 04:00 ",Миннесота Уайлд , Вашингтон Кэпиталз ,-,- ,
"12.02.2016, 04:00 ",Виннипег Джетс , Бостон Брюинз ,-,- ,
"12.02.2016, 04:30 ",Чикаго Блэкхоукс , Даллас Старз ,-,- ,
"12.02.2016, 05:00 ",Эдмонтон Ойлерз , Торонто Мэйпл Лифс ,-,- ,
"12.02.2016, 06:30 ",Сан-Хосе Шаркс , Калгари Флэймз ,-,- ,
"13.02.2016, 03:00 ",Баффало Сэйбрз , Монреаль Канадиенс ,-,- ,
"13.02.2016, 03:00 ",Нью-Йорк Рейнджерс , Лос-Анджелес Кингз ,-,- ,
"13.02.2016, 03:00 ",Каролина Харрикейнз , Питтсбург Пингвинз ,-,- ,
"13.02.2016, 03:30 ",Детройт Ред Уингз , Колорадо Эвеланш ,-,- ,
"13.02.2016, 03:30 ",Тампа-Бэй Лайтнинг , Нэшвилл Предаторз ,-,- ,
"13.02.2016, 03:30 ",Флорида Пантерз , Сент-Луис Блюз ,-,- ,
"13.02.2016, 05:00 ",Аризона Койотс , Калгари Флэймз ,-,- ,
"13.02.2016, 21:00 ",Филадельфия Флайерз , Нью-Джерси Дэвилз ,-,- ,
"13.02.2016, 22:00 ",Миннесота Уайлд , Бостон Брюинз ,-,- ,
"14.02.2016, 03:00 ",Флорида Пантерз , Нэшвилл Предаторз ,-,- ,
"14.02.2016, 03:00 ",Каролина Харрикейнз , Нью-Йорк Айлендерс ,-,- ,
"14.02.2016, 03:00 ",Коламбус Блю Джекетс , Оттава Сенаторз ,-,- ,
"14.02.2016, 03:00 ",Ванкувер Кэнакс , Торонто Мэйпл Лифс ,-,- ,
"14.02.2016, 04:00 ",Даллас Старз , Вашингтон Кэпиталз ,-,- ,
"14.02.2016, 04:30 ",Чикаго Блэкхоукс , Анахайм Дакс ,-,- ,
"14.02.2016, 06:00 ",Эдмонтон Ойлерз , Виннипег Джетс ,-,- ,
"14.02.2016, 06:30 ",Сан-Хосе Шаркс , Аризона Койотс ,-,- ,
"14.02.2016, 20:30 ",Баффало Сэйбрз , Колорадо Эвеланш ,-,- ,
"14.02.2016, 20:30 ",Нью-Джерси Дэвилз , Лос-Анджелес Кингз ,-,- ,
"14.02.2016, 23:00 ",Детройт Ред Уингз , Бостон Брюинз ,-,- ,
"15.02.2016, 02:00 ",Тампа-Бэй Лайтнинг , Сент-Луис Блюз ,-,- ,
"15.02.2016, 03:30 ",Нью-Йорк Рейнджерс , Филадельфия Флайерз ,-,- ,
"15.02.2016, 21:00 ",Нью-Йорк Айлендерс , Детройт Ред Уингз ,-,- ,
"16.02.2016, 00:00 ",Калгари Флэймз , Анахайм Дакс ,-,- ,
"16.02.2016, 03:30 ",Флорида Пантерз , Питтсбург Пингвинз ,-,- ,
"16.02.2016, 04:00 ",Нэшвилл Предаторз , Даллас Старз ,-,- ,
"16.02.2016, 04:30 ",Чикаго Блэкхоукс , Торонто Мэйпл Лифс ,-,- ,
"16.02.2016, 05:00 ",Аризона Койотс , Монреаль Канадиенс ,-,- ,
"16.02.2016, 06:00 ",Ванкувер Кэнакс , Миннесота Уайлд ,-,- ,
"17.02.2016, 03:00 ",Нью-Джерси Дэвилз , Филадельфия Флайерз ,-,- ,
"17.02.2016, 03:00 ",Вашингтон Кэпиталз , Лос-Анджелес Кингз ,-,- ,
"17.02.2016, 03:00 ",Каролина Харрикейнз , Виннипег Джетс ,-,- ,
"17.02.2016, 03:00 ",Коламбус Блю Джекетс , Бостон Брюинз ,-,- ,
"17.02.2016, 03:30 ",Оттава Сенаторз , Баффало Сэйбрз ,-,- ,
"17.02.2016, 03:30 ",Тампа-Бэй Лайтнинг , Сан-Хосе Шаркс ,-,- ,
"17.02.2016, 04:00 ",Сент-Луис Блюз , Даллас Старз ,-,- ,
"17.02.2016, 05:00 ",Эдмонтон Ойлерз , Анахайм Дакс ,-,- ,
"18.02.2016, 04:00 ",Нью-Йорк Рейнджерс , Чикаго Блэкхоукс ,-,- ,
"18.02.2016, 04:00 ",Колорадо Эвеланш , Монреаль Канадиенс ,-,- ,
"18.02.2016, 06:00 ",Калгари Флэймз , Миннесота Уайлд ,-,- ,
"19.02.2016, 03:00 ",Нью-Йорк Айлендерс , Вашингтон Кэпиталз ,-,- ,
"19.02.2016, 03:00 ",Питтсбург Пингвинз , Детройт Ред Уингз ,-,- ,
"19.02.2016, 03:30 ",Торонто Мэйпл Лифс , Нью-Йорк Рейнджерс ,-,- ,
"19.02.2016, 03:30 ",Оттава Сенаторз , Каролина Харрикейнз ,-,- ,
"19.02.2016, 03:30 ",Тампа-Бэй Лайтнинг , Виннипег Джетс ,-,- ,
"19.02.2016, 03:30 ",Флорида Пантерз , Сан-Хосе Шаркс ,-,- ,
"19.02.2016, 04:00 ",Сент-Луис Блюз , Лос-Анджелес Кингз ,-,- ,
"19.02.2016, 04:00 ",Нэшвилл Предаторз , Бостон Брюинз ,-,- ,
"19.02.2016, 05:00 ",Эдмонтон Ойлерз , Миннесота Уайлд ,-,- ,
"19.02.2016, 05:00 ",Аризона Койотс , Даллас Старз ,-,- ,
"19.02.2016, 06:00 ",Ванкувер Кэнакс , Анахайм Дакс ,-,- ,
"20.02.2016, 03:00 ",Нью-Джерси Дэвилз , Нью-Йорк Айлендерс ,-,- ,
"20.02.2016, 03:00 ",Каролина Харрикейнз , Сан-Хосе Шаркс ,-,- ,
"20.02.2016, 03:00 ",Коламбус Блю Джекетс , Баффало Сэйбрз ,-,- ,
"20.02.2016, 03:30 ",Монреаль Канадиенс , Филадельфия Флайерз ,-,- ,
"20.02.2016, 05:00 ",Калгари Флэймз , Ванкувер Кэнакс ,-,- ,
"20.02.2016, 20:30 ",Питтсбург Пингвинз , Тампа-Бэй Лайтнинг ,-,- ,
"21.02.2016, 03:00 ",Торонто Мэйпл Лифс , Филадельфия Флайерз ,-,- ,
"21.02.2016, 03:00 ",Оттава Сенаторз , Детройт Ред Уингз ,-,- ,
"21.02.2016, 03:00 ",Флорида Пантерз , Виннипег Джетс ,-,- ,
"21.02.2016, 03:00 ",Вашингтон Кэпиталз , Нью-Джерси Дэвилз ,-,- ,
"21.02.2016, 04:00 ",Нэшвилл Предаторз , Лос-Анджелес Кингз ,-,- ,
"21.02.2016, 04:00 ",Даллас Старз , Бостон Брюинз ,-,- ,
"21.02.2016, 05:00 ",Аризона Койотс , Сент-Луис Блюз ,-,- ,
"21.02.2016, 06:00 ",Эдмонтон Ойлерз , Колорадо Эвеланш ,-,- ,
"21.02.2016, 20:30 ",Баффало Сэйбрз , Питтсбург Пингвинз ,-,- ,
"21.02.2016, 23:30 ",Миннесота Уайлд , Чикаго Блэкхоукс ,-,- ,
"22.02.2016, 03:00 ",Нью-Йорк Рейнджерс , Детройт Ред Уингз ,-,- ,
"22.02.2016, 03:00 ",Каролина Харрикейнз , Тампа-Бэй Лайтнинг ,-,- ,
"22.02.2016, 03:00 ",Анахайм Дакс , Калгари Флэймз ,-,- ,
"22.02.2016, 06:00 ",Ванкувер Кэнакс , Колорадо Эвеланш ,-,- ,
"23.02.2016, 03:00 ",Бостон Брюинз , Коламбус Блю Джекетс ,-,- ,
"23.02.2016, 03:00 ",Вашингтон Кэпиталз , Аризона Койотс ,-,- ,
"23.02.2016, 03:30 ",Монреаль Канадиенс , Нэшвилл Предаторз ,-,- ,
"23.02.2016, 04:00 ",Сент-Луис Блюз , Сан-Хосе Шаркс ,-,- ,
"24.02.2016, 03:00 ",Нью-Джерси Дэвилз , Нью-Йорк Рейнджерс ,-,- ,
"24.02.2016, 03:00 ",Каролина Харрикейнз , Филадельфия Флайерз ,-,- ,
"24.02.2016, 03:30 ",Торонто Мэйпл Лифс , Нэшвилл Предаторз ,-,- ,
"24.02.2016, 03:30 ",Детройт Ред Уингз , Коламбус Блю Джекетс ,-,- ,
"24.02.2016, 03:30 ",Тампа-Бэй Лайтнинг , Аризона Койотс ,-,- ,
"24.02.2016, 04:00 ",Миннесота Уайлд , Нью-Йорк Айлендерс ,-,- ,
"24.02.2016, 04:00 ",Виннипег Джетс , Даллас Старз ,-,- ,
"24.02.2016, 05:00 ",Эдмонтон Ойлерз , Оттава Сенаторз ,-,- ,
"24.02.2016, 06:30 ",Лос-Анджелес Кингз , Калгари Флэймз ,-,- ,
"25.02.2016, 03:00 ",Вашингтон Кэпиталз , Монреаль Канадиенс ,-,- ,
"25.02.2016, 03:30 ",Бостон Брюинз , Питтсбург Пингвинз ,-,- ,
"25.02.2016, 06:00 ",Колорадо Эвеланш , Сан-Хосе Шаркс ,-,- ,
"25.02.2016, 06:30 ",Анахайм Дакс , Баффало Сэйбрз ,-,- ,
"26.02.2016, 03:00 ",Филадельфия Флайерз , Миннесота Уайлд ,-,- ,
"26.02.2016, 03:00 ",Коламбус Блю Джекетс , Нью-Джерси Дэвилз ,-,- ,
"26.02.2016, 03:30 ",Торонто Мэйпл Лифс , Каролина Харрикейнз ,-,- ,
"26.02.2016, 03:30 ",Флорида Пантерз , Аризона Койотс ,-,- ,
"26.02.2016, 04:00 ",Сент-Луис Блюз , Нью-Йорк Рейнджерс ,-,- ,
"26.02.2016, 04:00 ",Чикаго Блэкхоукс , Нэшвилл Предаторз ,-,- ,
"26.02.2016, 04:30 ",Даллас Старз , Виннипег Джетс ,-,- ,
"26.02.2016, 05:00 ",Калгари Флэймз , Нью-Йорк Айлендерс ,-,- ,
"26.02.2016, 06:00 ",Ванкувер Кэнакс , Оттава Сенаторз ,-,- ,
"26.02.2016, 06:30 ",Лос-Анджелес Кингз , Эдмонтон Ойлерз ,-,- ,
"27.02.2016, 03:00 ",Нью-Джерси Дэвилз , Тампа-Бэй Лайтнинг ,-,- ,
"27.02.2016, 03:00 ",Вашингтон Кэпиталз , Миннесота Уайлд ,-,- ,
"27.02.2016, 03:00 ",Каролина Харрикейнз , Бостон Брюинз ,-,- ,
"27.02.2016, 06:00 ",Анахайм Дакс , Эдмонтон Ойлерз ,-,- ,
"27.02.2016, 06:30 ",Сан-Хосе Шаркс , Баффало Сэйбрз ,-,- ,
"27.02.2016, 21:00 ",Филадельфия Флайерз , Аризона Койотс ,-,- ,
"27.02.2016, 23:00 ",Питтсбург Пингвинз , Виннипег Джетс ,-,- ,
"27.02.2016, 23:00 ",Коламбус Блю Джекетс , Флорида Пантерз ,-,- ,
"27.02.2016, 23:00 ",Нэшвилл Предаторз , Сент-Луис Блюз ,-,- ,
"28.02.2016, 00:00 ",Даллас Старз , Нью-Йорк Рейнджерс ,-,- ,
"28.02.2016, 03:00 ",Монреаль Канадиенс , Торонто Мэйпл Лифс ,-,- ,
"28.02.2016, 04:00 ",Колорадо Эвеланш , Детройт Ред Уингз ,-,- ,
"28.02.2016, 06:00 ",Калгари Флэймз , Оттава Сенаторз ,-,- ,
"28.02.2016, 07:00 ",Лос-Анджелес Кингз , Баффало Сэйбрз ,-,- ,
"28.02.2016, 20:30 ",Чикаго Блэкхоукс , Вашингтон Кэпиталз ,-,- ,
"28.02.2016, 23:00 ",Каролина Харрикейнз , Сент-Луис Блюз ,-,- ,
"28.02.2016, 23:00 ",Миннесота Уайлд , Флорида Пантерз ,-,- ,
"29.02.2016, 02:30 ",Бостон Брюинз , Тампа-Бэй Лайтнинг ,-,- ,
"29.02.2016, 03:00 ",Ванкувер Кэнакс , Сан-Хосе Шаркс ,-,- ,
"29.02.2016, 05:00 ",Анахайм Дакс , Лос-Анджелес Кингз ,-,- ,
"29.02.2016, 05:30 ",Эдмонтон Ойлерз , Нью-Йорк Айлендерс ,-,- ,
"01.03.2016, 03:00 ",Нью-Йорк Рейнджерс , Коламбус Блю Джекетс ,-,- ,
"01.03.2016, 03:00 ",Филадельфия Флайерз , Калгари Флэймз ,-,- ,
"01.03.2016, 03:00 ",Питтсбург Пингвинз , Аризона Койотс ,-,- ,
"01.03.2016, 03:30 ",Торонто Мэйпл Лифс , Тампа-Бэй Лайтнинг ,-,- ,
"01.03.2016, 04:30 ",Даллас Старз , Детройт Ред Уингз ,-,- ,
"01.03.2016, 06:30 ",Сан-Хосе Шаркс , Монреаль Канадиенс ,-,- ,
"02.03.2016, 03:00 ",Бостон Брюинз , Калгари Флэймз ,-,- ,
"02.03.2016, 03:00 ",Нью-Джерси Дэвилз , Каролина Харрикейнз ,-,- ,
"02.03.2016, 03:30 ",Баффало Сэйбрз , Эдмонтон Ойлерз ,-,- ,
"02.03.2016, 03:30 ",Оттава Сенаторз , Сент-Луис Блюз ,-,- ,
"02.03.2016, 04:00 ",Нэшвилл Предаторз , Даллас Старз ,-,- ,
"02.03.2016, 04:00 ",Миннесота Уайлд , Колорадо Эвеланш ,-,- ,
"02.03.2016, 04:00 ",Виннипег Джетс , Флорида Пантерз ,-,- ,
"02.03.2016, 06:00 ",Ванкувер Кэнакс , Нью-Йорк Айлендерс ,-,- ,
"03.03.2016, 03:00 ",Вашингтон Кэпиталз , Торонто Мэйпл Лифс ,-,- ,
"03.03.2016, 04:00 ",Детройт Ред Уингз , Чикаго Блэкхоукс ,-,- ,
"03.03.2016, 06:00 ",Анахайм Дакс , Монреаль Канадиенс ,-,- ,
"04.03.2016, 03:00 ",Бостон Брюинз , Чикаго Блэкхоукс ,-,- ,
"04.03.2016, 03:00 ",Баффало Сэйбрз , Калгари Флэймз ,-,- ,
"04.03.2016, 03:00 ",Филадельфия Флайерз , Эдмонтон Ойлерз ,-,- ,
"04.03.2016, 03:00 ",Питтсбург Пингвинз , Нью-Йорк Рейнджерс ,-,- ,
"04.03.2016, 03:30 ",Торонто Мэйпл Лифс , Миннесота Уайлд ,-,- ,
"04.03.2016, 03:30 ",Оттава Сенаторз , Тампа-Бэй Лайтнинг ,-,- ,
"04.03.2016, 04:00 ",Нэшвилл Предаторз , Нью-Джерси Дэвилз ,-,- ,
"04.03.2016, 04:00 ",Виннипег Джетс , Нью-Йорк Айлендерс ,-,- ,
"04.03.2016, 05:00 ",Колорадо Эвеланш , Флорида Пантерз ,-,- ,
"04.03.2016, 05:00 ",Аризона Койотс , Анахайм Дакс ,-,- ,
"04.03.2016, 06:00 ",Ванкувер Кэнакс , Сан-Хосе Шаркс ,-,- ,
"04.03.2016, 06:30 ",Лос-Анджелес Кингз , Монреаль Канадиенс ,-,- ,
"05.03.2016, 03:00 ",Вашингтон Кэпиталз , Нью-Йорк Рейнджерс ,-,- ,
"05.03.2016, 03:00 ",Коламбус Блю Джекетс , Эдмонтон Ойлерз ,-,- ,
"05.03.2016, 04:30 ",Даллас Старз , Нью-Джерси Дэвилз ,-,- ,
"05.03.2016, 21:00 ",Баффало Сэйбрз , Миннесота Уайлд ,-,- ,
"05.03.2016, 23:00 ",Питтсбург Пингвинз , Калгари Флэймз ,-,- ,
"05.03.2016, 23:00 ",Колорадо Эвеланш , Нэшвилл Предаторз ,-,- ,
"06.03.2016, 00:00 ",Лос-Анджелес Кингз , Анахайм Дакс ,-,- ,
"06.03.2016, 03:00 ",Бостон Брюинз , Вашингтон Кэпиталз ,-,- ,
"06.03.2016, 03:00 ",Торонто Мэйпл Лифс , Оттава Сенаторз ,-,- ,
"06.03.2016, 03:00 ",Тампа-Бэй Лайтнинг , Каролина Харрикейнз ,-,- ,
"06.03.2016, 03:00 ",Филадельфия Флайерз , Коламбус Блю Джекетс ,-,- ,
"06.03.2016, 03:00 ",Виннипег Джетс , Монреаль Канадиенс ,-,- ,
"06.03.2016, 05:00 ",Аризона Койотс , Флорида Пантерз ,-,- ,
"06.03.2016, 06:00 ",Сан-Хосе Шаркс , Ванкувер Кэнакс ,-,- ,
"07.03.2016, 01:00 ",Оттава Сенаторз , Даллас Старз ,-,- ,
"07.03.2016, 01:00 ",Нью-Джерси Дэвилз , Питтсбург Пингвинз ,-,- ,
"07.03.2016, 01:00 ",Нью-Йорк Рейнджерс , Нью-Йорк Айлендерс ,-,- ,
"07.03.2016, 01:00 ",Чикаго Блэкхоукс , Детройт Ред Уингз ,-,- ,
"07.03.2016, 03:00 ",Виннипег Джетс , Эдмонтон Ойлерз ,-,- ,
"07.03.2016, 04:00 ",Миннесота Уайлд , Сент-Луис Блюз ,-,- ,
"08.03.2016, 03:00 ",Филадельфия Флайерз , Тампа-Бэй Лайтнинг ,-,- ,
"08.03.2016, 03:30 ",Торонто Мэйпл Лифс , Баффало Сэйбрз ,-,- ,
"08.03.2016, 03:30 ",Флорида Пантерз , Бостон Брюинз ,-,- ,
"08.03.2016, 05:00 ",Колорадо Эвеланш , Аризона Койотс ,-,- ,
"08.03.2016, 05:00 ",Калгари Флэймз , Сан-Хосе Шаркс ,-,- ,
"08.03.2016, 06:00 ",Анахайм Дакс , Вашингтон Кэпиталз ,-,- ,
"08.03.2016, 06:30 ",Лос-Анджелес Кингз , Ванкувер Кэнакс ,-,- ,
"09.03.2016, 03:00 ",Баффало Сэйбрз , Нью-Йорк Рейнджерс ,-,- ,
"09.03.2016, 03:00 ",Каролина Харрикейнз , Оттава Сенаторз ,-,- ,
"09.03.2016, 03:00 ",Коламбус Блю Джекетс , Детройт Ред Уингз ,-,- ,
"09.03.2016, 03:30 ",Нью-Йорк Айлендерс , Питтсбург Пингвинз ,-,- ,
"09.03.2016, 03:30 ",Монреаль Канадиенс , Даллас Старз ,-,- ,
"09.03.2016, 03:30 ",Тампа-Бэй Лайтнинг , Бостон Брюинз ,-,- ,
"09.03.2016, 04:00 ",Виннипег Джетс , Нэшвилл Предаторз ,-,- ,
"09.03.2016, 05:00 ",Эдмонтон Ойлерз , Сан-Хосе Шаркс ,-,- ,
"10.03.2016, 03:00 ",Торонто Мэйпл Лифс , Нью-Йорк Айлендерс ,-,- ,
"10.03.2016, 04:00 ",Сент-Луис Блюз , Чикаго Блэкхоукс ,-,- ,
"10.03.2016, 05:30 ",Калгари Флэймз , Нэшвилл Предаторз ,-,- ,
"10.03.2016, 06:00 ",Колорадо Эвеланш , Анахайм Дакс ,-,- ,
"10.03.2016, 06:00 ",Ванкувер Кэнакс , Аризона Койотс ,-,- ,
"10.03.2016, 06:30 ",Лос-Анджелес Кингз , Вашингтон Кэпиталз ,-,- ,
"11.03.2016, 03:00 ",Бостон Брюинз , Каролина Харрикейнз ,-,- ,
"11.03.2016, 03:30 ",Монреаль Канадиенс , Баффало Сэйбрз ,-,- ,
"11.03.2016, 03:30 ",Детройт Ред Уингз , Виннипег Джетс ,-,- ,
"11.03.2016, 03:30 ",Флорида Пантерз , Оттава Сенаторз ,-,- ,
"11.03.2016, 04:00 ",Миннесота Уайлд , Эдмонтон Ойлерз ,-,- ,
"11.03.2016, 06:30 ",Сан-Хосе Шаркс , Нью-Джерси Дэвилз ,-,- ,
"12.03.2016, 03:00 ",Коламбус Блю Джекетс , Питтсбург Пингвинз ,-,- ,
"12.03.2016, 03:30 ",Тампа-Бэй Лайтнинг , Филадельфия Флайерз ,-,- ,
"12.03.2016, 04:00 ",Сент-Луис Блюз , Анахайм Дакс ,-,- ,
"12.03.2016, 04:30 ",Даллас Старз , Чикаго Блэкхоукс ,-,- ,
"12.03.2016, 05:00 ",Калгари Флэймз , Аризона Койотс ,-,- ,
"12.03.2016, 21:00 ",Бостон Брюинз , Нью-Йорк Айлендерс ,-,- ,
"12.03.2016, 21:00 ",Баффало Сэйбрз , Каролина Харрикейнз ,-,- ,
"12.03.2016, 22:00 ",Детройт Ред Уингз , Нью-Йорк Рейнджерс ,-,- ,
"13.03.2016, 03:00 ",Монреаль Канадиенс , Миннесота Уайлд ,-,- ,
"13.03.2016, 03:00 ",Оттава Сенаторз , Торонто Мэйпл Лифс ,-,- ,
"13.03.2016, 03:00 ",Флорида Пантерз , Филадельфия Флайерз ,-,- ,
"13.03.2016, 03:00 ",Виннипег Джетс , Колорадо Эвеланш ,-,- ,
"13.03.2016, 05:00 ",Даллас Старз , Сент-Луис Блюз ,-,- ,
"13.03.2016, 06:00 ",Эдмонтон Ойлерз , Аризона Койотс ,-,- ,
"13.03.2016, 06:00 ",Ванкувер Кэнакс , Нэшвилл Предаторз ,-,- ,
"13.03.2016, 06:30 ",Лос-Анджелес Кингз , Нью-Джерси Дэвилз ,-,- ,
"13.03.2016, 06:30 ",Сан-Хосе Шаркс , Вашингтон Кэпиталз ,-,- ,
"13.03.2016, 19:30 ",Нью-Йорк Рейнджерс , Питтсбург Пингвинз ,-,- ,
"13.03.2016, 22:00 ",Коламбус Блю Джекетс , Тампа-Бэй Лайтнинг ,-,- ,
"14.03.2016, 02:30 ",Детройт Ред Уингз , Торонто Мэйпл Лифс ,-,- ,
"15.03.2016, 02:00 ",Нью-Йорк Айлендерс , Флорида Пантерз ,-,- ,
"15.03.2016, 03:00 ",Чикаго Блэкхоукс , Лос-Анджелес Кингз ,-,- ,
"15.03.2016, 04:00 ",Калгари Флэймз , Сент-Луис Блюз ,-,- ,
"15.03.2016, 04:00 ",Эдмонтон Ойлерз , Нэшвилл Предаторз ,-,- ,
"15.03.2016, 05:00 ",Ванкувер Кэнакс , Виннипег Джетс ,-,- ,
"15.03.2016, 05:00 ",Анахайм Дакс , Нью-Джерси Дэвилз ,-,- ,
"16.03.2016, 02:00 ",Питтсбург Пингвинз , Нью-Йорк Айлендерс ,-,- ,
"16.03.2016, 02:00 ",Вашингтон Кэпиталз , Каролина Харрикейнз ,-,- ,
"16.03.2016, 02:30 ",Филадельфия Флайерз , Детройт Ред Уингз ,-,- ,
"16.03.2016, 02:30 ",Торонто Мэйпл Лифс , Тампа-Бэй Лайтнинг ,-,- ,
"16.03.2016, 02:30 ",Монреаль Канадиенс , Флорида Пантерз ,-,- ,
"16.03.2016, 02:30 ",Оттава Сенаторз , Миннесота Уайлд ,-,- ,
"16.03.2016, 03:30 ",Даллас Старз , Лос-Анджелес Кингз ,-,- ,
"16.03.2016, 05:00 ",Сан-Хосе Шаркс , Бостон Брюинз ,-,- ,
"17.03.2016, 02:00 ",Баффало Сэйбрз , Монреаль Канадиенс ,-,- ,
"17.03.2016, 03:00 ",Чикаго Блэкхоукс , Филадельфия Флайерз ,-,- ,
"17.03.2016, 04:30 ",Эдмонтон Ойлерз , Сент-Луис Блюз ,-,- ,
"17.03.2016, 05:00 ",Калгари Флэймз , Виннипег Джетс ,-,- ,
"17.03.2016, 05:00 ",Ванкувер Кэнакс , Колорадо Эвеланш ,-,- ,
"17.03.2016, 05:30 ",Анахайм Дакс , Нью-Йорк Рейнджерс ,-,- ,
"18.03.2016, 02:00 ",Нью-Джерси Дэвилз , Миннесота Уайлд ,-,- ,
"18.03.2016, 02:00 ",Питтсбург Пингвинз , Каролина Харрикейнз ,-,- ,
"18.03.2016, 02:00 ",Коламбус Блю Джекетс , Детройт Ред Уингз ,-,- ,
"18.03.2016, 02:30 ",Торонто Мэйпл Лифс , Флорида Пантерз ,-,- ,
"18.03.2016, 03:00 ",Нэшвилл Предаторз , Нью-Йорк Айлендерс ,-,- ,
"18.03.2016, 03:30 ",Даллас Старз , Тампа-Бэй Лайтнинг ,-,- ,
"18.03.2016, 05:00 ",Аризона Койотс , Сан-Хосе Шаркс ,-,- ,
"18.03.2016, 05:30 ",Лос-Анджелес Кингз , Нью-Йорк Рейнджерс ,-,- ,
"19.03.2016, 02:00 ",Баффало Сэйбрз , Оттава Сенаторз ,-,- ,
"19.03.2016, 02:00 ",Вашингтон Кэпиталз , Нэшвилл Предаторз ,-,- ,
"19.03.2016, 03:00 ",Виннипег Джетс , Чикаго Блэкхоукс ,-,- ,
"19.03.2016, 04:00 ",Калгари Флэймз , Колорадо Эвеланш ,-,- ,
"19.03.2016, 04:00 ",Эдмонтон Ойлерз , Ванкувер Кэнакс ,-,- ,
"19.03.2016, 05:00 ",Анахайм Дакс , Бостон Брюинз ,-,- ,
"19.03.2016, 20:00 ",Филадельфия Флайерз , Питтсбург Пингвинз ,-,- ,
"19.03.2016, 21:00 ",Миннесота Уайлд , Каролина Харрикейнз ,-,- ,
"19.03.2016, 23:00 ",Сан-Хосе Шаркс , Нью-Йорк Рейнджерс ,-,- ,
"20.03.2016, 02:00 ",Торонто Мэйпл Лифс , Баффало Сэйбрз ,-,- ,
"20.03.2016, 02:00 ",Оттава Сенаторз , Монреаль Канадиенс ,-,- ,
"20.03.2016, 02:00 ",Флорида Пантерз , Детройт Ред Уингз ,-,- ,
"20.03.2016, 02:00 ",Коламбус Блю Джекетс , Нью-Джерси Дэвилз ,-,- ,
"20.03.2016, 03:00 ",Даллас Старз , Нью-Йорк Айлендерс ,-,- ,
"20.03.2016, 05:00 ",Ванкувер Кэнакс , Сент-Луис Блюз ,-,- ,
"20.03.2016, 05:00 ",Аризона Койотс , Тампа-Бэй Лайтнинг ,-,- ,
"20.03.2016, 05:30 ",Лос-Анджелес Кингз , Бостон Брюинз ,-,- ,
"20.03.2016, 22:00 ",Виннипег Джетс , Анахайм Дакс ,-,- ,
"21.03.2016, 00:00 ",Нью-Джерси Дэвилз , Коламбус Блю Джекетс ,-,- ,
"21.03.2016, 01:00 ",Питтсбург Пингвинз , Вашингтон Кэпиталз ,-,- ,
"21.03.2016, 02:00 ",Монреаль Канадиенс , Калгари Флэймз ,-,- ,
"21.03.2016, 03:30 ",Чикаго Блэкхоукс , Миннесота Уайлд ,-,- ,
"21.03.2016, 04:30 ",Эдмонтон Ойлерз , Колорадо Эвеланш ,-,- ,
"21.03.2016, 05:00 ",Сан-Хосе Шаркс , Аризона Койотс ,-,- ,
"22.03.2016, 02:00 ",Нью-Йорк Рейнджерс , Флорида Пантерз ,-,- ,
"22.03.2016, 02:30 ",Нью-Йорк Айлендерс , Филадельфия Флайерз ,-,- ,
"22.03.2016, 02:30 ",Торонто Мэйпл Лифс , Калгари Флэймз ,-,- ,
"22.03.2016, 03:00 ",Нэшвилл Предаторз , Лос-Анджелес Кингз ,-,- ,
"23.03.2016, 02:00 ",Каролина Харрикейнз , Баффало Сэйбрз ,-,- ,
"23.03.2016, 02:00 ",Коламбус Блю Джекетс , Филадельфия Флайерз ,-,- ,
"23.03.2016, 02:30 ",Монреаль Канадиенс , Анахайм Дакс ,-,- ,
"23.03.2016, 02:30 ",Оттава Сенаторз , Вашингтон Кэпиталз ,-,- ,
"23.03.2016, 02:30 ",Тампа-Бэй Лайтнинг , Детройт Ред Уингз ,-,- ,
"23.03.2016, 03:00 ",Виннипег Джетс , Ванкувер Кэнакс ,-,- ,
"23.03.2016, 03:30 ",Миннесота Уайлд , Лос-Анджелес Кингз ,-,- ,
"23.03.2016, 03:30 ",Чикаго Блэкхоукс , Даллас Старз ,-,- ,
"23.03.2016, 05:00 ",Аризона Койотс , Эдмонтон Ойлерз ,-,- ,
"23.03.2016, 05:30 ",Сан-Хосе Шаркс , Сент-Луис Блюз ,-,- ,
"24.03.2016, 02:00 ",Нью-Йорк Айлендерс , Оттава Сенаторз ,-,- ,
"24.03.2016, 03:00 ",Нью-Йорк Рейнджерс , Бостон Брюинз ,-,- ,
"25.03.2016, 02:00 ",Бостон Брюинз , Флорида Пантерз ,-,- ,
"25.03.2016, 02:00 ",Питтсбург Пингвинз , Нью-Джерси Дэвилз ,-,- ,
"25.03.2016, 02:00 ",Коламбус Блю Джекетс , Каролина Харрикейнз ,-,- ,
"25.03.2016, 02:30 ",Торонто Мэйпл Лифс , Анахайм Дакс ,-,- ,
"25.03.2016, 02:30 ",Детройт Ред Уингз , Монреаль Канадиенс ,-,- ,
"25.03.2016, 03:00 ",Нэшвилл Предаторз , Ванкувер Кэнакс ,-,- ,
"25.03.2016, 03:00 ",Миннесота Уайлд , Калгари Флэймз ,-,- ,
"25.03.2016, 03:00 ",Виннипег Джетс , Лос-Анджелес Кингз ,-,- ,
"25.03.2016, 04:00 ",Колорадо Эвеланш , Филадельфия Флайерз ,-,- ,
"25.03.2016, 05:00 ",Аризона Койотс , Даллас Старз ,-,- ,
"25.03.2016, 05:30 ",Сан-Хосе Шаркс , Эдмонтон Ойлерз ,-,- ,
"26.03.2016, 02:00 ",Нью-Джерси Дэвилз , Вашингтон Кэпиталз ,-,- ,
"26.03.2016, 02:30 ",Тампа-Бэй Лайтнинг , Нью-Йорк Айлендерс ,-,- ,
"26.03.2016, 03:00 ",Сент-Луис Блюз , Ванкувер Кэнакс ,-,- ,
"26.03.2016, 20:00 ",Баффало Сэйбрз , Виннипег Джетс ,-,- ,
"26.03.2016, 21:00 ",Детройт Ред Уингз , Питтсбург Пингвинз ,-,- ,
"26.03.2016, 22:00 ",Колорадо Эвеланш , Миннесота Уайлд ,-,- ,
"26.03.2016, 23:00 ",Сан-Хосе Шаркс , Даллас Старз ,-,- ,
"27.03.2016, 02:00 ",Торонто Мэйпл Лифс , Бостон Брюинз ,-,- ,
"27.03.2016, 02:00 ",Монреаль Канадиенс , Нью-Йорк Рейнджерс ,-,- ,
"27.03.2016, 02:00 ",Оттава Сенаторз , Анахайм Дакс ,-,- ,
"27.03.2016, 02:00 ",Тампа-Бэй Лайтнинг , Флорида Пантерз ,-,- ,
"27.03.2016, 02:00 ",Вашингтон Кэпиталз , Сент-Луис Блюз ,-,- ,
"27.03.2016, 02:00 ",Каролина Харрикейнз , Нью-Йорк Айлендерс ,-,- ,
"27.03.2016, 03:00 ",Нэшвилл Предаторз , Коламбус Блю Джекетс ,-,- ,
"27.03.2016, 05:00 ",Калгари Флэймз , Чикаго Блэкхоукс ,-,- ,
"27.03.2016, 05:00 ",Аризона Койотс , Филадельфия Флайерз ,-,- ,
"27.03.2016, 05:00 ",Лос-Анджелес Кингз , Эдмонтон Ойлерз ,-,- ,
"28.03.2016, 00:00 ",Каролина Харрикейнз , Нью-Джерси Дэвилз ,-,- ,
"28.03.2016, 02:30 ",Нью-Йорк Рейнджерс , Питтсбург Пингвинз ,-,- ,
"28.03.2016, 03:00 ",Ванкувер Кэнакс , Чикаго Блэкхоукс ,-,- ,
"29.03.2016, 02:00 ",Филадельфия Флайерз , Виннипег Джетс ,-,- ,
"29.03.2016, 02:00 ",Вашингтон Кэпиталз , Коламбус Блю Джекетс ,-,- ,
"29.03.2016, 02:30 ",Детройт Ред Уингз , Баффало Сэйбрз ,-,- ,
"29.03.2016, 02:30 ",Тампа-Бэй Лайтнинг , Торонто Мэйпл Лифс ,-,- ,
"29.03.2016, 03:00 ",Нэшвилл Предаторз , Колорадо Эвеланш ,-,- ,
"29.03.2016, 04:00 ",Эдмонтон Ойлерз , Анахайм Дакс ,-,- ,
"29.03.2016, 05:00 ",Аризона Койотс , Калгари Флэймз ,-,- ,
"29.03.2016, 05:00 ",Сан-Хосе Шаркс , Лос-Анджелес Кингз ,-,- ,
"30.03.2016, 02:00 ",Нью-Джерси Дэвилз , Бостон Брюинз ,-,- ,
"30.03.2016, 02:00 ",Нью-Йорк Айлендерс , Каролина Харрикейнз ,-,- ,
"30.03.2016, 02:00 ",Питтсбург Пингвинз , Баффало Сэйбрз ,-,- ,
"30.03.2016, 02:30 ",Монреаль Канадиенс , Детройт Ред Уингз ,-,- ,
"30.03.2016, 02:30 ",Флорида Пантерз , Торонто Мэйпл Лифс ,-,- ,
"30.03.2016, 03:00 ",Миннесота Уайлд , Чикаго Блэкхоукс ,-,- ,
"30.03.2016, 03:30 ",Сент-Луис Блюз , Колорадо Эвеланш ,-,- ,
"30.03.2016, 03:30 ",Даллас Старз , Нэшвилл Предаторз ,-,- ,
"30.03.2016, 05:00 ",Ванкувер Кэнакс , Сан-Хосе Шаркс ,-,- ,
"31.03.2016, 02:30 ",Виннипег Джетс , Оттава Сенаторз ,-,- ,
"31.03.2016, 03:00 ",Филадельфия Флайерз , Вашингтон Кэпиталз ,-,- ,
"31.03.2016, 05:00 ",Анахайм Дакс , Калгари Флэймз ,-,- ,
"01.04.2016, 02:00 ",Баффало Сэйбрз , Торонто Мэйпл Лифс ,-,- ,
"01.04.2016, 02:00 ",Нью-Йорк Айлендерс , Коламбус Блю Джекетс ,-,- ,
"01.04.2016, 02:00 ",Питтсбург Пингвинз , Нэшвилл Предаторз ,-,- ,
"01.04.2016, 02:00 ",Каролина Харрикейнз , Нью-Йорк Рейнджерс ,-,- ,
"01.04.2016, 02:30 ",Тампа-Бэй Лайтнинг , Монреаль Канадиенс ,-,- ,
"01.04.2016, 02:30 ",Флорида Пантерз , Нью-Джерси Дэвилз ,-,- ,
"01.04.2016, 03:00 ",Миннесота Уайлд , Оттава Сенаторз ,-,- ,
"01.04.2016, 03:30 ",Даллас Старз , Аризона Койотс ,-,- ,
"01.04.2016, 05:30 ",Лос-Анджелес Кингз , Калгари Флэймз ,-,- ,
"01.04.2016, 05:30 ",Сан-Хосе Шаркс , Ванкувер Кэнакс ,-,- ,
"02.04.2016, 02:30 ",Детройт Ред Уингз , Миннесота Уайлд ,-,- ,
"02.04.2016, 03:00 ",Сент-Луис Блюз , Бостон Брюинз ,-,- ,
"02.04.2016, 03:00 ",Виннипег Джетс , Чикаго Блэкхоукс ,-,- ,
"02.04.2016, 04:00 ",Колорадо Эвеланш , Вашингтон Кэпиталз ,-,- ,
"02.04.2016, 05:00 ",Анахайм Дакс , Ванкувер Кэнакс ,-,- ,
"02.04.2016, 20:00 ",Нью-Йорк Айлендерс , Питтсбург Пингвинз ,-,- ,
"02.04.2016, 20:00 ",Филадельфия Флайерз , Оттава Сенаторз ,-,- ,
"02.04.2016, 23:00 ",Лос-Анджелес Кингз , Даллас Старз ,-,- ,
"03.04.2016, 02:00 ",Торонто Мэйпл Лифс , Детройт Ред Уингз ,-,- ,
"03.04.2016, 02:00 ",Тампа-Бэй Лайтнинг , Нью-Джерси Дэвилз ,-,- ,
"03.04.2016, 02:00 ",Флорида Пантерз , Монреаль Канадиенс ,-,- ,
"03.04.2016, 02:00 ",Нью-Йорк Рейнджерс , Баффало Сэйбрз ,-,- ,
"03.04.2016, 02:00 ",Каролина Харрикейнз , Коламбус Блю Джекетс ,-,- ,
"03.04.2016, 03:00 ",Нэшвилл Предаторз , Сан-Хосе Шаркс ,-,- ,
"03.04.2016, 05:00 ",Эдмонтон Ойлерз , Калгари Флэймз ,-,- ,
"03.04.2016, 05:00 ",Аризона Койотс , Вашингтон Кэпиталз ,-,- ,
"03.04.2016, 19:30 ",Чикаго Блэкхоукс , Бостон Брюинз ,-,- ,
"03.04.2016, 22:00 ",Питтсбург Пингвинз , Филадельфия Флайерз ,-,- ,
"04.04.2016, 02:00 ",Виннипег Джетс , Миннесота Уайлд ,-,- ,
"04.04.2016, 03:00 ",Колорадо Эвеланш , Сент-Луис Блюз ,-,- ,
"04.04.2016, 04:00 ",Анахайм Дакс , Даллас Старз ,-,- ,
"05.04.2016, 02:00 ",Нью-Йорк Айлендерс , Тампа-Бэй Лайтнинг ,-,- ,
"05.04.2016, 02:00 ",Коламбус Блю Джекетс , Нью-Йорк Рейнджерс ,-,- ,
"05.04.2016, 02:30 ",Торонто Мэйпл Лифс , Флорида Пантерз ,-,- ,
"05.04.2016, 03:00 ",Сент-Луис Блюз , Аризона Койотс ,-,- ,
"05.04.2016, 05:00 ",Ванкувер Кэнакс , Лос-Анджелес Кингз ,-,- ,
"06.04.2016, 02:00 ",Бостон Брюинз , Каролина Харрикейнз ,-,- ,
"06.04.2016, 02:00 ",Нью-Джерси Дэвилз , Баффало Сэйбрз ,-,- ,
"06.04.2016, 02:00 ",Вашингтон Кэпиталз , Нью-Йорк Айлендерс ,-,- ,
"06.04.2016, 02:30 ",Нью-Йорк Рейнджерс , Тампа-Бэй Лайтнинг ,-,- ,
"06.04.2016, 02:30 ",Монреаль Канадиенс , Флорида Пантерз ,-,- ,
"06.04.2016, 02:30 ",Оттава Сенаторз , Питтсбург Пингвинз ,-,- ,
"06.04.2016, 03:00 ",Нэшвилл Предаторз , Колорадо Эвеланш ,-,- ,
"06.04.2016, 03:00 ",Миннесота Уайлд , Сан-Хосе Шаркс ,-,- ,
"06.04.2016, 03:30 ",Чикаго Блэкхоукс , Аризона Койотс ,-,- ,
"06.04.2016, 04:00 ",Калгари Флэймз , Лос-Анджелес Кингз ,-,- ,
"06.04.2016, 05:00 ",Анахайм Дакс , Виннипег Джетс ,-,- ,
"07.04.2016, 02:00 ",Торонто Мэйпл Лифс , Коламбус Блю Джекетс ,-,- ,
"07.04.2016, 03:00 ",Детройт Ред Уингз , Филадельфия Флайерз ,-,- ,
"07.04.2016, 05:00 ",Эдмонтон Ойлерз , Ванкувер Кэнакс ,-,- ,
"08.04.2016, 02:00 ",Бостон Брюинз , Детройт Ред Уингз ,-,- ,
"08.04.2016, 02:00 ",Нью-Джерси Дэвилз , Тампа-Бэй Лайтнинг ,-,- ,
"08.04.2016, 02:00 ",Нью-Йорк Рейнджерс , Нью-Йорк Айлендерс ,-,- ,
"08.04.2016, 02:00 ",Филадельфия Флайерз , Торонто Мэйпл Лифс ,-,- ,
"08.04.2016, 02:00 ",Вашингтон Кэпиталз , Питтсбург Пингвинз ,-,- ,
"08.04.2016, 02:00 ",Каролина Харрикейнз , Монреаль Канадиенс ,-,- ,
"08.04.2016, 02:30 ",Оттава Сенаторз , Флорида Пантерз ,-,- ,
"08.04.2016, 03:00 ",Нэшвилл Предаторз , Аризона Койотс ,-,- ,
"08.04.2016, 03:30 ",Чикаго Блэкхоукс , Сент-Луис Блюз ,-,- ,
"08.04.2016, 03:30 ",Даллас Старз , Колорадо Эвеланш ,-,- ,
"08.04.2016, 04:00 ",Калгари Флэймз , Ванкувер Кэнакс ,-,- ,
"08.04.2016, 05:30 ",Лос-Анджелес Кингз , Анахайм Дакс ,-,- ,
"08.04.2016, 05:30 ",Сан-Хосе Шаркс , Виннипег Джетс ,-,- ,
"09.04.2016, 02:00 ",Баффало Сэйбрз , Коламбус Блю Джекетс ,-,- ,
"09.04.2016, 19:30 ",Бостон Брюинз , Оттава Сенаторз ,-,- ,
"09.04.2016, 19:30 ",Нью-Йорк Рейнджерс , Детройт Ред Уингз ,-,- ,
"09.04.2016, 22:00 ",Филадельфия Флайерз , Питтсбург Пингвинз ,-,- ,
"10.04.2016, 00:30 ",Колорадо Эвеланш , Анахайм Дакс ,-,- ,
"10.04.2016, 02:00 ",Монреаль Канадиенс , Тампа-Бэй Лайтнинг ,-,- ,
"10.04.2016, 02:00 ",Флорида Пантерз , Каролина Харрикейнз ,-,- ,
"10.04.2016, 02:00 ",Нью-Джерси Дэвилз , Торонто Мэйпл Лифс ,-,- ,
"10.04.2016, 02:00 ",Коламбус Блю Джекетс , Чикаго Блэкхоукс ,-,- ,
"10.04.2016, 02:00 ",Миннесота Уайлд , Калгари Флэймз ,-,- ,
"10.04.2016, 02:30 ",Нью-Йорк Айлендерс , Баффало Сэйбрз ,-,- ,
"10.04.2016, 03:00 ",Сент-Луис Блюз , Вашингтон Кэпиталз ,-,- ,
"10.04.2016, 03:00 ",Даллас Старз , Нэшвилл Предаторз ,-,- ,
"10.04.2016, 05:00 ",Ванкувер Кэнакс , Эдмонтон Ойлерз ,-,- ,
"10.04.2016, 05:00 ",Лос-Анджелес Кингз , Виннипег Джетс ,-,- ,
"10.04.2016, 05:30 ",Сан-Хосе Шаркс , Аризона Койотс ,-,- ,
