"09.10.2014, 03:00 ",Торонто Мэйпл Лифс , Монреаль Канадиенс ,3,4,
"09.10.2014, 03:30 ",Бостон Брюинз , Филадельфия Флайерз ,2,1,
"09.10.2014, 06:00 ",Калгари Флэймз , Ванкувер Кэнакс ,2,4,
"09.10.2014, 06:00 ",Лос-Анджелес Кингз , Сан-Хосе Шаркс ,0,4,
"10.10.2014, 03:00 ",Баффало Сэйбрз , Коламбус Блю Джекетс ,1,3,
"10.10.2014, 03:00 ",Филадельфия Флайерз , Нью-Джерси Дэвилз ,4,6,
"10.10.2014, 03:00 ",Питтсбург Пингвинз , Анахайм Дакс ,6,4,
"10.10.2014, 03:00 ",Вашингтон Кэпиталз , Монреаль Канадиенс ,1,2,  Б 
"10.10.2014, 03:30 ",Детройт Ред Уингз , Бостон Брюинз ,2,1,
"10.10.2014, 03:30 ",Тампа-Бэй Лайтнинг , Флорида Пантерз ,3,2,  ОТ 
"10.10.2014, 04:00 ",Сент-Луис Блюз , Нью-Йорк Рейнджерс ,2,3,
"10.10.2014, 04:00 ",Нэшвилл Предаторз , Оттава Сенаторз ,3,2,
"10.10.2014, 04:30 ",Даллас Старз , Чикаго Блэкхоукс ,2,3,  Б 
"10.10.2014, 05:00 ",Миннесота Уайлд , Колорадо Эвеланш ,5,0,
"10.10.2014, 05:30 ",Эдмонтон Ойлерз , Калгари Флэймз ,2,5,
"10.10.2014, 06:00 ",Аризона Койотс , Виннипег Джетс ,2,6,
"11.10.2014, 03:00 ",Каролина Харрикейнз , Нью-Йорк Айлендерс ,3,5,
"12.10.2014, 03:00 ",Бостон Брюинз , Вашингтон Кэпиталз ,0,4,
"12.10.2014, 03:00 ",Торонто Мэйпл Лифс , Питтсбург Пингвинз ,2,5,
"12.10.2014, 03:00 ",Детройт Ред Уингз , Анахайм Дакс ,2,3,
"12.10.2014, 03:00 ",Тампа-Бэй Лайтнинг , Оттава Сенаторз ,2,3,  Б 
"12.10.2014, 03:00 ",Флорида Пантерз , Нью-Джерси Дэвилз ,1,5,
"12.10.2014, 03:00 ",Нью-Йорк Айлендерс , Каролина Харрикейнз ,4,3,
"12.10.2014, 03:00 ",Филадельфия Флайерз , Монреаль Канадиенс ,3,4,  Б 
"12.10.2014, 03:00 ",Коламбус Блю Джекетс , Нью-Йорк Рейнджерс ,5,2,
"12.10.2014, 03:00 ",Сент-Луис Блюз , Калгари Флэймз ,4,1,
"12.10.2014, 04:00 ",Нэшвилл Предаторз , Даллас Старз ,4,1,
"12.10.2014, 04:30 ",Чикаго Блэкхоукс , Баффало Сэйбрз ,6,2,
"12.10.2014, 05:00 ",Колорадо Эвеланш , Миннесота Уайлд ,0,3,
"12.10.2014, 05:00 ",Аризона Койотс , Лос-Анджелес Кингз ,3,2,  ОТ 
"12.10.2014, 06:00 ",Ванкувер Кэнакс , Эдмонтон Ойлерз ,5,4,  Б 
"12.10.2014, 06:00 ",Сан-Хосе Шаркс , Виннипег Джетс ,3,0,
"13.10.2014, 03:00 ",Нью-Йорк Рейнджерс , Торонто Мэйпл Лифс ,3,6,
"13.10.2014, 06:00 ",Лос-Анджелес Кингз , Виннипег Джетс ,4,1,
"13.10.2014, 21:00 ",Бостон Брюинз , Колорадо Эвеланш ,1,2,
"13.10.2014, 23:00 ",Баффало Сэйбрз , Анахайм Дакс ,1,5,
"14.10.2014, 03:30 ",Флорида Пантерз , Оттава Сенаторз ,0,1,
"14.10.2014, 03:30 ",Тампа-Бэй Лайтнинг , Монреаль Канадиенс ,7,1,
"15.10.2014, 03:00 ",Нью-Йорк Рейнджерс , Нью-Йорк Айлендерс ,3,6,
"15.10.2014, 03:00 ",Филадельфия Флайерз , Анахайм Дакс ,3,4,  Б 
"15.10.2014, 03:00 ",Вашингтон Кэпиталз , Сан-Хосе Шаркс ,5,6,  Б 
"15.10.2014, 03:00 ",Коламбус Блю Джекетс , Даллас Старз ,2,4,
"15.10.2014, 03:30 ",Каролина Харрикейнз , Баффало Сэйбрз ,3,4,  Б 
"15.10.2014, 03:30 ",Торонто Мэйпл Лифс , Колорадо Эвеланш ,3,2,  ОТ 
"15.10.2014, 03:30 ",Тампа-Бэй Лайтнинг , Нью-Джерси Дэвилз ,1,2,
"15.10.2014, 04:00 ",Нэшвилл Предаторз , Калгари Флэймз ,2,3,  Б 
"15.10.2014, 06:30 ",Лос-Анджелес Кингз , Эдмонтон Ойлерз ,6,1,
"16.10.2014, 04:00 ",Детройт Ред Уингз , Бостон Брюинз ,2,3,  Б 
"16.10.2014, 04:00 ",Чикаго Блэкхоукс , Калгари Флэймз ,1,2,  ОТ 
"16.10.2014, 06:30 ",Аризона Койотс , Эдмонтон Ойлерз ,7,4,
"17.10.2014, 03:00 ",Нью-Йорк Айлендерс , Сан-Хосе Шаркс ,4,3,  Б 
"17.10.2014, 03:00 ",Питтсбург Пингвинз , Даллас Старз ,2,3,
"17.10.2014, 03:00 ",Вашингтон Кэпиталз , Нью-Джерси Дэвилз ,6,2,
"17.10.2014, 03:00 ",Нью-Йорк Рейнджерс , Каролина Харрикейнз ,2,1,  Б 
"17.10.2014, 03:30 ",Монреаль Канадиенс , Бостон Брюинз ,6,4,
"17.10.2014, 03:30 ",Оттава Сенаторз , Колорадо Эвеланш ,5,3,
"17.10.2014, 06:30 ",Лос-Анджелес Кингз , Сент-Луис Блюз ,1,0,  Б 
"18.10.2014, 03:00 ",Баффало Сэйбрз , Флорида Пантерз ,0,1,
"18.10.2014, 03:00 ",Коламбус Блю Джекетс , Калгари Флэймз ,3,2,
"18.10.2014, 03:30 ",Торонто Мэйпл Лифс , Детройт Ред Уингз ,1,4,
"18.10.2014, 04:00 ",Виннипег Джетс , Нэшвилл Предаторз ,0,2,
"18.10.2014, 05:30 ",Эдмонтон Ойлерз , Ванкувер Кэнакс ,0,2,
"18.10.2014, 06:00 ",Анахайм Дакс , Миннесота Уайлд ,2,1,
"19.10.2014, 03:00 ",Баффало Сэйбрз , Бостон Брюинз ,0,4,
"19.10.2014, 03:00 ",Монреаль Канадиенс , Колорадо Эвеланш ,3,2,
"19.10.2014, 03:00 ",Оттава Сенаторз , Коламбус Блю Джекетс ,3,2,
"19.10.2014, 03:00 ",Детройт Ред Уингз , Торонто Мэйпл Лифс ,1,0,  ОТ 
"19.10.2014, 03:00 ",Нью-Джерси Дэвилз , Сан-Хосе Шаркс ,2,4,
"19.10.2014, 03:00 ",Питтсбург Пингвинз , Нью-Йорк Айлендерс ,3,1,
"19.10.2014, 03:00 ",Вашингтон Кэпиталз , Флорида Пантерз ,2,1,  Б 
"19.10.2014, 04:00 ",Даллас Старз , Филадельфия Флайерз ,5,6,  ОТ 
"19.10.2014, 04:30 ",Чикаго Блэкхоукс , Нэшвилл Предаторз ,2,1,  ОТ 
"19.10.2014, 05:00 ",Аризона Койотс , Сент-Луис Блюз ,1,6,
"19.10.2014, 06:00 ",Ванкувер Кэнакс , Тампа-Бэй Лайтнинг ,2,4,
"19.10.2014, 23:00 ",Лос-Анджелес Кингз , Миннесота Уайлд ,2,1,
"20.10.2014, 01:00 ",Нью-Йорк Рейнджерс , Сан-Хосе Шаркс ,4,0,
"20.10.2014, 03:00 ",Виннипег Джетс , Калгари Флэймз ,1,4,
"20.10.2014, 04:00 ",Анахайм Дакс , Сент-Луис Блюз ,3,0,
"21.10.2014, 05:30 ",Эдмонтон Ойлерз , Тампа-Бэй Лайтнинг ,3,2,
"22.10.2014, 03:00 ",Бостон Брюинз , Сан-Хосе Шаркс ,5,3,
"22.10.2014, 03:00 ",Нью-Джерси Дэвилз , Нью-Йорк Рейнджерс ,3,4,  ОТ 
"22.10.2014, 03:00 ",Нью-Йорк Айлендерс , Торонто Мэйпл Лифс ,2,5,
"22.10.2014, 03:30 ",Монреаль Канадиенс , Детройт Ред Уингз ,2,1,  ОТ 
"22.10.2014, 04:00 ",Нэшвилл Предаторз , Аризона Койотс ,4,3,  Б 
"22.10.2014, 04:00 ",Виннипег Джетс , Каролина Харрикейнз ,3,1,
"22.10.2014, 04:30 ",Чикаго Блэкхоукс , Филадельфия Флайерз ,4,0,
"22.10.2014, 04:30 ",Даллас Старз , Ванкувер Кэнакс ,6,3,
"22.10.2014, 05:00 ",Колорадо Эвеланш , Флорида Пантерз ,3,4,  ОТ 
"22.10.2014, 05:00 ",Калгари Флэймз , Тампа-Бэй Лайтнинг ,1,2,  ОТ 
"23.10.2014, 04:00 ",Питтсбург Пингвинз , Филадельфия Флайерз ,3,5,
"23.10.2014, 05:30 ",Эдмонтон Ойлерз , Вашингтон Кэпиталз ,3,2,
"23.10.2014, 06:30 ",Анахайм Дакс , Баффало Сэйбрз ,4,1,
"24.10.2014, 03:00 ",Бостон Брюинз , Нью-Йорк Айлендерс ,2,3,
"24.10.2014, 03:30 ",Детройт Ред Уингз , Питтсбург Пингвинз ,4,3,  ОТ 
"24.10.2014, 04:00 ",Сент-Луис Блюз , Ванкувер Кэнакс ,1,4,
"24.10.2014, 04:00 ",Нэшвилл Предаторз , Чикаго Блэкхоукс ,3,2,
"24.10.2014, 04:00 ",Миннесота Уайлд , Аризона Койотс ,2,0,
"24.10.2014, 05:00 ",Калгари Флэймз , Каролина Харрикейнз ,5,0,
"24.10.2014, 06:30 ",Лос-Анджелес Кингз , Баффало Сэйбрз ,2,0,
"24.10.2014, 06:30 ",Сан-Хосе Шаркс , Коламбус Блю Джекетс ,4,5,
"25.10.2014, 03:00 ",Нью-Джерси Дэвилз , Даллас Старз ,2,3,  Б 
"25.10.2014, 04:00 ",Виннипег Джетс , Тампа-Бэй Лайтнинг ,2,4,
"25.10.2014, 05:00 ",Колорадо Эвеланш , Ванкувер Кэнакс ,7,3,
"25.10.2014, 05:30 ",Эдмонтон Ойлерз , Каролина Харрикейнз ,6,3,
"25.10.2014, 06:00 ",Анахайм Дакс , Коламбус Блю Джекетс ,4,1,
"26.10.2014, 00:00 ",Сан-Хосе Шаркс , Баффало Сэйбрз ,1,2,
"26.10.2014, 02:00 ",Торонто Мэйпл Лифс , Бостон Брюинз ,1,4,
"26.10.2014, 02:00 ",Монреаль Канадиенс , Нью-Йорк Рейнджерс ,3,1,
"26.10.2014, 02:00 ",Оттава Сенаторз , Нью-Джерси Дэвилз ,2,3,  ОТ 
"26.10.2014, 02:00 ",Нью-Йорк Айлендерс , Даллас Старз ,7,5,
"26.10.2014, 02:00 ",Филадельфия Флайерз , Детройт Ред Уингз ,4,2,
"26.10.2014, 03:00 ",Сент-Луис Блюз , Чикаго Блэкхоукс ,3,2,
"26.10.2014, 03:00 ",Нэшвилл Предаторз , Питтсбург Пингвинз ,0,3,
"26.10.2014, 03:00 ",Миннесота Уайлд , Тампа-Бэй Лайтнинг ,7,2,
"26.10.2014, 04:00 ",Аризона Койотс , Флорида Пантерз ,2,1,  ОТ 
"26.10.2014, 05:00 ",Калгари Флэймз , Вашингтон Кэпиталз ,1,3,
"26.10.2014, 22:00 ",Виннипег Джетс , Колорадо Эвеланш ,2,1,  ОТ 
"26.10.2014, 23:00 ",Лос-Анджелес Кингз , Коламбус Блю Джекетс ,5,2,
"27.10.2014, 02:00 ",Чикаго Блэкхоукс , Оттава Сенаторз ,2,1,
"27.10.2014, 03:00 ",Анахайм Дакс , Сан-Хосе Шаркс ,1,4,
"27.10.2014, 04:30 ",Ванкувер Кэнакс , Вашингтон Кэпиталз ,4,2,
"28.10.2014, 02:00 ",Нью-Йорк Рейнджерс , Миннесота Уайлд ,5,4,
"28.10.2014, 04:30 ",Эдмонтон Ойлерз , Монреаль Канадиенс ,3,0,
"29.10.2014, 02:00 ",Бостон Брюинз , Миннесота Уайлд ,3,4,
"29.10.2014, 02:00 ",Нью-Йорк Айлендерс , Виннипег Джетс ,3,4,
"29.10.2014, 02:00 ",Филадельфия Флайерз , Лос-Анджелес Кингз ,3,2,  ОТ 
"29.10.2014, 02:00 ",Питтсбург Пингвинз , Нью-Джерси Дэвилз ,8,3,
"29.10.2014, 02:00 ",Коламбус Блю Джекетс , Оттава Сенаторз ,2,5,
"29.10.2014, 02:30 ",Торонто Мэйпл Лифс , Баффало Сэйбрз ,4,0,
"29.10.2014, 02:30 ",Тампа-Бэй Лайтнинг , Аризона Койотс ,7,3,
"29.10.2014, 03:30 ",Чикаго Блэкхоукс , Анахайм Дакс ,0,1,
"29.10.2014, 03:30 ",Даллас Старз , Сент-Луис Блюз ,3,4,  ОТ 
"29.10.2014, 04:00 ",Колорадо Эвеланш , Сан-Хосе Шаркс ,2,3,  Б 
"29.10.2014, 04:00 ",Калгари Флэймз , Монреаль Канадиенс ,1,2,  Б 
"29.10.2014, 05:00 ",Ванкувер Кэнакс , Каролина Харрикейнз ,4,1,
"30.10.2014, 02:30 ",Вашингтон Кэпиталз , Детройт Ред Уингз ,2,4,
"30.10.2014, 05:00 ",Эдмонтон Ойлерз , Нэшвилл Предаторз ,1,4,
"31.10.2014, 02:00 ",Баффало Сэйбрз , Бостон Брюинз ,2,3,  ОТ 
"31.10.2014, 02:00 ",Нью-Джерси Дэвилз , Виннипег Джетс ,2,1,  Б 
"31.10.2014, 02:00 ",Питтсбург Пингвинз , Лос-Анджелес Кингз ,3,0,
"31.10.2014, 02:30 ",Оттава Сенаторз , Чикаго Блэкхоукс ,4,5,  Б 
"31.10.2014, 02:30 ",Тампа-Бэй Лайтнинг , Филадельфия Флайерз ,4,3,
"31.10.2014, 02:30 ",Флорида Пантерз , Аризона Койотс ,2,1,
"31.10.2014, 03:00 ",Сент-Луис Блюз , Анахайм Дакс ,2,0,
"31.10.2014, 03:00 ",Миннесота Уайлд , Сан-Хосе Шаркс ,4,3,  Б 
"31.10.2014, 04:00 ",Колорадо Эвеланш , Нью-Йорк Айлендерс ,5,0,
"31.10.2014, 05:00 ",Ванкувер Кэнакс , Монреаль Канадиенс ,3,2,  ОТ 
"01.11.2014, 02:00 ",Коламбус Блю Джекетс , Торонто Мэйпл Лифс ,1,4,
"01.11.2014, 02:30 ",Детройт Ред Уингз , Лос-Анджелес Кингз ,5,2,
"01.11.2014, 03:30 ",Даллас Старз , Анахайм Дакс ,1,2,  ОТ 
"01.11.2014, 04:00 ",Калгари Флэймз , Нэшвилл Предаторз ,4,3,
"02.11.2014, 02:00 ",Бостон Брюинз , Оттава Сенаторз ,4,2,
"02.11.2014, 02:00 ",Торонто Мэйпл Лифс , Чикаго Блэкхоукс ,3,2,
"02.11.2014, 02:00 ",Тампа-Бэй Лайтнинг , Вашингтон Кэпиталз ,4,3,
"02.11.2014, 02:00 ",Флорида Пантерз , Филадельфия Флайерз ,2,1,
"02.11.2014, 02:00 ",Нью-Джерси Дэвилз , Коламбус Блю Джекетс ,3,2,
"02.11.2014, 02:00 ",Нью-Йорк Рейнджерс , Виннипег Джетс ,0,1,  Б 
"02.11.2014, 02:00 ",Питтсбург Пингвинз , Баффало Сэйбрз ,5,0,
"02.11.2014, 02:00 ",Каролина Харрикейнз , Аризона Койотс ,3,0,
"02.11.2014, 03:00 ",Сент-Луис Блюз , Колорадо Эвеланш ,3,2,  Б 
"02.11.2014, 03:00 ",Миннесота Уайлд , Даллас Старз ,4,1,
"02.11.2014, 05:00 ",Эдмонтон Ойлерз , Ванкувер Кэнакс ,2,3,
"02.11.2014, 05:30 ",Сан-Хосе Шаркс , Нью-Йорк Айлендерс ,3,1,
"03.11.2014, 01:00 ",Баффало Сэйбрз , Детройт Ред Уингз ,3,2,  Б 
"03.11.2014, 01:00 ",Каролина Харрикейнз , Лос-Анджелес Кингз ,3,2,
"03.11.2014, 03:00 ",Монреаль Канадиенс , Калгари Флэймз ,2,6,
"03.11.2014, 03:00 ",Вашингтон Кэпиталз , Аризона Койотс ,5,6,
"03.11.2014, 04:00 ",Колорадо Эвеланш , Анахайм Дакс ,2,3,
"03.11.2014, 05:00 ",Чикаго Блэкхоукс , Виннипег Джетс ,0,1,
"03.11.2014, 05:30 ",Ванкувер Кэнакс , Нэшвилл Предаторз ,1,3,
"04.11.2014, 03:00 ",Нью-Йорк Рейнджерс , Сент-Луис Блюз ,3,4,  Б 
"05.11.2014, 03:00 ",Бостон Брюинз , Флорида Пантерз ,2,1,  ОТ 
"05.11.2014, 03:00 ",Филадельфия Флайерз , Эдмонтон Ойлерз ,4,1,
"05.11.2014, 03:00 ",Вашингтон Кэпиталз , Калгари Флэймз ,3,4,  ОТ 
"05.11.2014, 03:00 ",Коламбус Блю Джекетс , Каролина Харрикейнз ,2,4,
"05.11.2014, 03:30 ",Нью-Джерси Дэвилз , Сент-Луис Блюз ,0,1,
"05.11.2014, 03:30 ",Монреаль Канадиенс , Чикаго Блэкхоукс ,0,5,
"05.11.2014, 03:30 ",Оттава Сенаторз , Детройт Ред Уингз ,3,1,
"05.11.2014, 04:00 ",Миннесота Уайлд , Питтсбург Пингвинз ,1,4,
"05.11.2014, 04:00 ",Виннипег Джетс , Нэшвилл Предаторз ,3,1,
"05.11.2014, 04:30 ",Даллас Старз , Лос-Анджелес Кингз ,1,3,
"05.11.2014, 05:00 ",Колорадо Эвеланш , Ванкувер Кэнакс ,2,5,
"05.11.2014, 05:00 ",Аризона Койотс , Торонто Мэйпл Лифс ,3,2,
"06.11.2014, 03:30 ",Баффало Сэйбрз , Монреаль Канадиенс ,1,2,  Б 
"06.11.2014, 04:00 ",Нью-Йорк Рейнджерс , Детройт Ред Уингз ,4,3,  ОТ 
"06.11.2014, 06:30 ",Анахайм Дакс , Нью-Йорк Айлендерс ,2,3,  ОТ 
"07.11.2014, 03:00 ",Бостон Брюинз , Эдмонтон Ойлерз ,5,2,
"07.11.2014, 03:00 ",Филадельфия Флайерз , Флорида Пантерз ,4,1,
"07.11.2014, 03:30 ",Оттава Сенаторз , Миннесота Уайлд ,3,0,
"07.11.2014, 03:30 ",Тампа-Бэй Лайтнинг , Калгари Флэймз ,5,2,
"07.11.2014, 04:00 ",Сент-Луис Блюз , Нью-Джерси Дэвилз ,4,3,
"07.11.2014, 04:00 ",Виннипег Джетс , Питтсбург Пингвинз ,3,4,  Б 
"07.11.2014, 04:30 ",Даллас Старз , Нэшвилл Предаторз ,2,3,
"07.11.2014, 05:00 ",Колорадо Эвеланш , Торонто Мэйпл Лифс ,4,3,  Б 
"07.11.2014, 06:30 ",Лос-Анджелес Кингз , Нью-Йорк Айлендерс ,1,2,  Б 
"07.11.2014, 06:30 ",Сан-Хосе Шаркс , Ванкувер Кэнакс ,2,3,
"08.11.2014, 03:00 ",Баффало Сэйбрз , Эдмонтон Ойлерз ,2,3,
"08.11.2014, 03:00 ",Каролина Харрикейнз , Коламбус Блю Джекетс ,3,2,  ОТ 
"08.11.2014, 03:30 ",Детройт Ред Уингз , Нью-Джерси Дэвилз ,4,2,
"08.11.2014, 04:30 ",Чикаго Блэкхоукс , Вашингтон Кэпиталз ,2,3,
"08.11.2014, 06:00 ",Анахайм Дакс , Аризона Койотс ,2,3,  Б 
"08.11.2014, 23:00 ",Флорида Пантерз , Калгари Флэймз ,4,6,
"09.11.2014, 03:00 ",Баффало Сэйбрз , Питтсбург Пингвинз ,1,6,
"09.11.2014, 03:00 ",Торонто Мэйпл Лифс , Нью-Йорк Рейнджерс ,5,4,
"09.11.2014, 03:00 ",Монреаль Канадиенс , Миннесота Уайлд ,4,1,
"09.11.2014, 03:00 ",Оттава Сенаторз , Виннипег Джетс ,1,2,  Б 
"09.11.2014, 03:00 ",Филадельфия Флайерз , Колорадо Эвеланш ,4,3,
"09.11.2014, 03:00 ",Коламбус Блю Джекетс , Тампа-Бэй Лайтнинг ,4,7,
"09.11.2014, 04:00 ",Вашингтон Кэпиталз , Каролина Харрикейнз ,4,3,  ОТ 
"09.11.2014, 04:00 ",Сент-Луис Блюз , Нэшвилл Предаторз ,1,2,
"09.11.2014, 04:00 ",Даллас Старз , Сан-Хосе Шаркс ,3,5,
"09.11.2014, 04:00 ",Аризона Койотс , Нью-Йорк Айлендерс ,0,1,
"09.11.2014, 06:00 ",Лос-Анджелес Кингз , Ванкувер Кэнакс ,5,1,
"10.11.2014, 02:00 ",Оттава Сенаторз , Торонто Мэйпл Лифс ,3,5,
"10.11.2014, 02:00 ",Детройт Ред Уингз , Тампа-Бэй Лайтнинг ,3,4,  Б 
"10.11.2014, 02:00 ",Нью-Йорк Рейнджерс , Эдмонтон Ойлерз ,1,3,
"10.11.2014, 03:00 ",Чикаго Блэкхоукс , Сан-Хосе Шаркс ,5,2,
"10.11.2014, 05:00 ",Анахайм Дакс , Ванкувер Кэнакс ,1,2,  Б 
"11.11.2014, 03:00 ",Бостон Брюинз , Нью-Джерси Дэвилз ,4,2,
"11.11.2014, 03:00 ",Каролина Харрикейнз , Калгари Флэймз ,4,1,
"12.11.2014, 03:00 ",Нью-Джерси Дэвилз , Миннесота Уайлд ,3,1,
"12.11.2014, 03:00 ",Нью-Йорк Айлендерс , Колорадо Эвеланш ,6,0,
"12.11.2014, 03:00 ",Нью-Йорк Рейнджерс , Питтсбург Пингвинз ,5,0,
"12.11.2014, 03:00 ",Вашингтон Кэпиталз , Коламбус Блю Джекетс ,4,2,
"12.11.2014, 03:30 ",Монреаль Канадиенс , Виннипег Джетс ,3,0,
"12.11.2014, 03:30 ",Флорида Пантерз , Сан-Хосе Шаркс ,4,1,
"12.11.2014, 04:00 ",Сент-Луис Блюз , Баффало Сэйбрз ,6,1,
"12.11.2014, 04:00 ",Нэшвилл Предаторз , Эдмонтон Ойлерз ,3,2,
"12.11.2014, 04:30 ",Чикаго Блэкхоукс , Тампа-Бэй Лайтнинг ,3,2,  Б 
"12.11.2014, 05:00 ",Аризона Койотс , Даллас Старз ,3,4,
"12.11.2014, 06:00 ",Ванкувер Кэнакс , Оттава Сенаторз ,4,3,  ОТ 
"13.11.2014, 04:00 ",Торонто Мэйпл Лифс , Бостон Брюинз ,6,1,
"13.11.2014, 06:30 ",Анахайм Дакс , Лос-Анджелес Кингз ,6,5,  Б 
"14.11.2014, 03:00 ",Нью-Йорк Рейнджерс , Колорадо Эвеланш ,3,4,  Б 
"14.11.2014, 03:00 ",Каролина Харрикейнз , Виннипег Джетс ,1,3,
"14.11.2014, 03:30 ",Монреаль Канадиенс , Бостон Брюинз ,5,1,
"14.11.2014, 03:30 ",Тампа-Бэй Лайтнинг , Сан-Хосе Шаркс ,1,2,
"14.11.2014, 04:00 ",Сент-Луис Блюз , Нэшвилл Предаторз ,4,3,
"14.11.2014, 04:00 ",Миннесота Уайлд , Баффало Сэйбрз ,6,3,
"14.11.2014, 05:00 ",Калгари Флэймз , Аризона Койотс ,5,3,
"14.11.2014, 05:30 ",Эдмонтон Ойлерз , Оттава Сенаторз ,3,4,  ОТ 
"14.11.2014, 06:30 ",Лос-Анджелес Кингз , Даллас Старз ,0,2,
"15.11.2014, 03:00 ",Филадельфия Флайерз , Коламбус Блю Джекетс ,3,4,
"15.11.2014, 03:00 ",Вашингтон Кэпиталз , Нью-Джерси Дэвилз ,0,1,
"15.11.2014, 03:30 ",Торонто Мэйпл Лифс , Питтсбург Пингвинз ,1,2,
"15.11.2014, 03:30 ",Детройт Ред Уингз , Чикаго Блэкхоукс ,4,1,
"15.11.2014, 03:30 ",Флорида Пантерз , Нью-Йорк Айлендерс ,3,4,  Б 
"15.11.2014, 06:00 ",Ванкувер Кэнакс , Аризона Койотс ,0,5,
"15.11.2014, 21:00 ",Бостон Брюинз , Каролина Харрикейнз ,2,1,
"15.11.2014, 22:00 ",Даллас Старз , Миннесота Уайлд ,1,2,
"16.11.2014, 00:00 ",Лос-Анджелес Кингз , Анахайм Дакс ,3,2,  ОТ 
"16.11.2014, 03:00 ",Баффало Сэйбрз , Торонто Мэйпл Лифс ,6,2,
"16.11.2014, 03:00 ",Монреаль Канадиенс , Филадельфия Флайерз ,6,3,
"16.11.2014, 03:00 ",Тампа-Бэй Лайтнинг , Нью-Йорк Айлендерс ,5,2,
"16.11.2014, 03:00 ",Нью-Джерси Дэвилз , Колорадо Эвеланш ,2,3,
"16.11.2014, 03:00 ",Питтсбург Пингвинз , Нью-Йорк Рейнджерс ,3,2,  Б 
"16.11.2014, 03:00 ",Коламбус Блю Джекетс , Сан-Хосе Шаркс ,2,1,
"16.11.2014, 03:00 ",Нэшвилл Предаторз , Виннипег Джетс ,2,1,
"16.11.2014, 04:00 ",Сент-Луис Блюз , Вашингтон Кэпиталз ,4,1,
"16.11.2014, 06:00 ",Калгари Флэймз , Оттава Сенаторз ,4,2,
"17.11.2014, 01:00 ",Каролина Харрикейнз , Сан-Хосе Шаркс ,0,2,
"17.11.2014, 01:00 ",Миннесота Уайлд , Виннипег Джетс ,4,3,  ОТ 
"17.11.2014, 03:00 ",Детройт Ред Уингз , Монреаль Канадиенс ,1,4,
"17.11.2014, 03:00 ",Чикаго Блэкхоукс , Даллас Старз ,6,2,
"17.11.2014, 04:00 ",Анахайм Дакс , Флорида Пантерз ,2,6,
"17.11.2014, 05:00 ",Эдмонтон Ойлерз , Аризона Койотс ,1,2,
"18.11.2014, 03:00 ",Нью-Йорк Рейнджерс , Тампа-Бэй Лайтнинг ,1,5,
"19.11.2014, 03:00 ",Бостон Брюинз , Сент-Луис Блюз ,2,0,
"19.11.2014, 03:00 ",Нью-Йорк Айлендерс , Тампа-Бэй Лайтнинг ,5,2,
"19.11.2014, 03:00 ",Коламбус Блю Джекетс , Детройт Ред Уингз ,0,5,
"19.11.2014, 03:30 ",Баффало Сэйбрз , Сан-Хосе Шаркс ,4,1,
"19.11.2014, 03:30 ",Торонто Мэйпл Лифс , Нэшвилл Предаторз ,2,9,
"19.11.2014, 03:30 ",Монреаль Канадиенс , Питтсбург Пингвинз ,0,4,
"19.11.2014, 04:00 ",Виннипег Джетс , Нью-Джерси Дэвилз ,3,1,
"19.11.2014, 04:30 ",Даллас Старз , Каролина Харрикейнз ,4,6,
"19.11.2014, 05:00 ",Калгари Флэймз , Анахайм Дакс ,4,3,  Б 
"19.11.2014, 05:00 ",Аризона Койотс , Вашингтон Кэпиталз ,1,2,  ОТ 
"19.11.2014, 06:30 ",Лос-Анджелес Кингз , Флорида Пантерз ,5,2,
"20.11.2014, 04:00 ",Нью-Йорк Рейнджерс , Филадельфия Флайерз ,2,0,
"20.11.2014, 04:00 ",Эдмонтон Ойлерз , Ванкувер Кэнакс ,4,5,
"21.11.2014, 03:00 ",Филадельфия Флайерз , Миннесота Уайлд ,2,3,
"21.11.2014, 03:30 ",Торонто Мэйпл Лифс , Тампа-Бэй Лайтнинг ,5,2,
"21.11.2014, 03:30 ",Монреаль Канадиенс , Сент-Луис Блюз ,4,1,
"21.11.2014, 03:30 ",Оттава Сенаторз , Нэшвилл Предаторз ,3,2,
"21.11.2014, 04:00 ",Виннипег Джетс , Детройт Ред Уингз ,3,4,
"21.11.2014, 04:30 ",Даллас Старз , Аризона Койотс ,3,1,
"21.11.2014, 05:00 ",Колорадо Эвеланш , Вашингтон Кэпиталз ,2,3,
"21.11.2014, 05:00 ",Калгари Флэймз , Чикаго Блэкхоукс ,3,4,
"21.11.2014, 06:00 ",Ванкувер Кэнакс , Анахайм Дакс ,3,4,  Б 
"21.11.2014, 06:30 ",Лос-Анджелес Кингз , Каролина Харрикейнз ,3,2,
"21.11.2014, 06:30 ",Сан-Хосе Шаркс , Флорида Пантерз ,2,3,  Б 
"22.11.2014, 03:00 ",Питтсбург Пингвинз , Нью-Йорк Айлендерс ,4,5,  Б 
"22.11.2014, 03:00 ",Коламбус Блю Джекетс , Бостон Брюинз ,3,4,  Б 
"22.11.2014, 05:30 ",Эдмонтон Ойлерз , Нью-Джерси Дэвилз ,0,2,
"22.11.2014, 23:00 ",Оттава Сенаторз , Сент-Луис Блюз ,2,3,
"23.11.2014, 03:00 ",Бостон Брюинз , Монреаль Канадиенс ,0,2,
"23.11.2014, 03:00 ",Торонто Мэйпл Лифс , Детройт Ред Уингз ,4,1,
"23.11.2014, 03:00 ",Тампа-Бэй Лайтнинг , Миннесота Уайлд ,2,1,
"23.11.2014, 03:00 ",Нью-Йорк Айлендерс , Питтсбург Пингвинз ,4,1,
"23.11.2014, 03:00 ",Филадельфия Флайерз , Коламбус Блю Джекетс ,4,2,
"23.11.2014, 03:00 ",Вашингтон Кэпиталз , Баффало Сэйбрз ,1,2,
"23.11.2014, 04:00 ",Нэшвилл Предаторз , Флорида Пантерз ,3,2,  Б 
"23.11.2014, 04:00 ",Даллас Старз , Лос-Анджелес Кингз ,5,4,
"23.11.2014, 05:00 ",Колорадо Эвеланш , Каролина Харрикейнз ,4,3,
"23.11.2014, 06:00 ",Калгари Флэймз , Нью-Джерси Дэвилз ,5,4,  Б 
"23.11.2014, 06:00 ",Эдмонтон Ойлерз , Чикаго Блэкхоукс ,1,7,
"23.11.2014, 06:30 ",Сан-Хосе Шаркс , Аризона Койотс ,3,4,  Б 
"24.11.2014, 00:30 ",Виннипег Джетс , Сент-Луис Блюз ,2,4,
"24.11.2014, 03:00 ",Нью-Йорк Рейнджерс , Монреаль Канадиенс ,5,0,
"24.11.2014, 04:00 ",Анахайм Дакс , Аризона Койотс ,2,1,
"24.11.2014, 05:30 ",Ванкувер Кэнакс , Чикаго Блэкхоукс ,4,1,
"25.11.2014, 03:00 ",Бостон Брюинз , Питтсбург Пингвинз ,2,3,  ОТ 
"25.11.2014, 03:00 ",Нью-Йорк Айлендерс , Филадельфия Флайерз ,1,0,  Б 
"25.11.2014, 03:30 ",Детройт Ред Уингз , Оттава Сенаторз ,4,3,
"25.11.2014, 03:30 ",Флорида Пантерз , Миннесота Уайлд ,1,4,
"26.11.2014, 03:00 ",Коламбус Блю Джекетс , Виннипег Джетс ,2,4,
"26.11.2014, 04:00 ",Сент-Луис Блюз , Оттава Сенаторз ,2,3,  Б 
"26.11.2014, 04:00 ",Нэшвилл Предаторз , Лос-Анджелес Кингз ,4,3,  Б 
"26.11.2014, 04:30 ",Даллас Старз , Эдмонтон Ойлерз ,3,2,
"26.11.2014, 05:00 ",Аризона Койотс , Колорадо Эвеланш ,3,4,  ОТ 
"26.11.2014, 06:00 ",Ванкувер Кэнакс , Нью-Джерси Дэвилз ,2,0,
"26.11.2014, 06:00 ",Анахайм Дакс , Калгари Флэймз ,3,2,
"27.11.2014, 03:00 ",Баффало Сэйбрз , Виннипег Джетс ,1,2,
"27.11.2014, 03:00 ",Нью-Йорк Айлендерс , Вашингтон Кэпиталз ,3,2,  ОТ 
"27.11.2014, 03:30 ",Детройт Ред Уингз , Филадельфия Флайерз ,5,2,
"27.11.2014, 03:30 ",Тампа-Бэй Лайтнинг , Нью-Йорк Рейнджерс ,4,3,
"27.11.2014, 03:30 ",Флорида Пантерз , Каролина Харрикейнз ,1,0,
"27.11.2014, 03:30 ",Питтсбург Пингвинз , Торонто Мэйпл Лифс ,4,3,  ОТ 
"27.11.2014, 04:00 ",Миннесота Уайлд , Лос-Анджелес Кингз ,0,4,
"27.11.2014, 05:00 ",Колорадо Эвеланш , Чикаго Блэкхоукс ,2,3,
"27.11.2014, 06:30 ",Сан-Хосе Шаркс , Калгари Флэймз ,0,2,
"28.11.2014, 04:00 ",Нэшвилл Предаторз , Эдмонтон Ойлерз ,1,0,  ОТ 
"28.11.2014, 21:00 ",Филадельфия Флайерз , Нью-Йорк Рейнджерс ,0,3,
"29.11.2014, 00:00 ",Анахайм Дакс , Чикаго Блэкхоукс ,1,4,
"29.11.2014, 01:00 ",Вашингтон Кэпиталз , Нью-Йорк Айлендерс ,5,2,
"29.11.2014, 03:00 ",Бостон Брюинз , Виннипег Джетс ,2,1,  ОТ 
"29.11.2014, 03:00 ",Баффало Сэйбрз , Монреаль Канадиенс ,2,1,
"29.11.2014, 03:00 ",Нью-Джерси Дэвилз , Детройт Ред Уингз ,4,5,  Б 
"29.11.2014, 03:00 ",Питтсбург Пингвинз , Каролина Харрикейнз ,2,4,
"29.11.2014, 03:00 ",Коламбус Блю Джекетс , Ванкувер Кэнакс ,0,5,
"29.11.2014, 03:30 ",Флорида Пантерз , Оттава Сенаторз ,3,2,
"29.11.2014, 04:00 ",Сент-Луис Блюз , Эдмонтон Ойлерз ,4,3,  ОТ 
"29.11.2014, 04:30 ",Даллас Старз , Миннесота Уайлд ,4,5,  ОТ 
"29.11.2014, 21:00 ",Нью-Йорк Рейнджерс , Филадельфия Флайерз ,5,2,
"30.11.2014, 03:00 ",Торонто Мэйпл Лифс , Вашингтон Кэпиталз ,6,2,
"30.11.2014, 03:00 ",Монреаль Канадиенс , Баффало Сэйбрз ,3,4,  Б 
"30.11.2014, 03:00 ",Тампа-Бэй Лайтнинг , Оттава Сенаторз ,4,1,
"30.11.2014, 03:00 ",Нью-Йорк Айлендерс , Нью-Джерси Дэвилз ,3,1,
"30.11.2014, 03:00 ",Каролина Харрикейнз , Питтсбург Пингвинз ,2,3,
"30.11.2014, 04:00 ",Нэшвилл Предаторз , Коламбус Блю Джекетс ,2,1,
"30.11.2014, 04:00 ",Миннесота Уайлд , Сент-Луис Блюз ,2,3,  Б 
"30.11.2014, 05:00 ",Колорадо Эвеланш , Даллас Старз ,5,2,
"30.11.2014, 06:00 ",Аризона Койотс , Калгари Флэймз ,0,3,
"30.11.2014, 06:00 ",Лос-Анджелес Кингз , Чикаго Блэкхоукс ,1,4,
"30.11.2014, 06:30 ",Сан-Хосе Шаркс , Анахайм Дакс ,6,4,
"30.11.2014, 22:00 ",Детройт Ред Уингз , Ванкувер Кэнакс ,5,3,
"02.12.2014, 03:00 ",Нью-Йорк Рейнджерс , Тампа-Бэй Лайтнинг ,3,6,
"02.12.2014, 03:00 ",Коламбус Блю Джекетс , Флорида Пантерз ,2,1,
"02.12.2014, 05:00 ",Колорадо Эвеланш , Монреаль Канадиенс ,3,4,
"02.12.2014, 05:30 ",Эдмонтон Ойлерз , Аризона Койотс ,2,5,
"02.12.2014, 06:00 ",Анахайм Дакс , Бостон Брюинз ,3,2,
"03.12.2014, 03:00 ",Нью-Йорк Айлендерс , Оттава Сенаторз ,3,2,  ОТ 
"03.12.2014, 03:00 ",Питтсбург Пингвинз , Нью-Джерси Дэвилз ,1,0,
"03.12.2014, 03:00 ",Вашингтон Кэпиталз , Ванкувер Кэнакс ,3,4,
"03.12.2014, 03:00 ",Каролина Харрикейнз , Нэшвилл Предаторз ,2,1,
"03.12.2014, 03:30 ",Баффало Сэйбрз , Тампа-Бэй Лайтнинг ,2,1,  Б 
"03.12.2014, 03:30 ",Торонто Мэйпл Лифс , Даллас Старз ,5,3,
"03.12.2014, 03:30 ",Детройт Ред Уингз , Флорида Пантерз ,3,4,
"03.12.2014, 05:00 ",Калгари Флэймз , Аризона Койотс ,5,2,
"03.12.2014, 06:00 ",Сан-Хосе Шаркс , Филадельфия Флайерз ,2,1,
"03.12.2014, 06:30 ",Лос-Анджелес Кингз , Бостон Брюинз ,2,0,
"04.12.2014, 03:00 ",Миннесота Уайлд , Монреаль Канадиенс ,2,1,
"04.12.2014, 04:00 ",Чикаго Блэкхоукс , Сент-Луис Блюз ,4,1,
"04.12.2014, 05:00 ",Виннипег Джетс , Эдмонтон Ойлерз ,3,2,  ОТ 
"04.12.2014, 06:30 ",Анахайм Дакс , Филадельфия Флайерз ,5,4,  Б 
"05.12.2014, 03:00 ",Питтсбург Пингвинз , Ванкувер Кэнакс ,0,3,
"05.12.2014, 03:00 ",Каролина Харрикейнз , Вашингтон Кэпиталз ,1,2,
"05.12.2014, 03:30 ",Торонто Мэйпл Лифс , Нью-Джерси Дэвилз ,3,5,
"05.12.2014, 03:30 ",Оттава Сенаторз , Нью-Йорк Айлендерс ,1,2,
"05.12.2014, 03:30 ",Детройт Ред Уингз , Даллас Старз ,5,2,
"05.12.2014, 03:30 ",Тампа-Бэй Лайтнинг , Баффало Сэйбрз ,5,0,
"05.12.2014, 03:30 ",Флорида Пантерз , Коламбус Блю Джекетс ,3,4,  Б 
"05.12.2014, 04:00 ",Нэшвилл Предаторз , Сент-Луис Блюз ,4,3,
"05.12.2014, 05:00 ",Калгари Флэймз , Колорадо Эвеланш ,4,3,  ОТ 
"05.12.2014, 05:00 ",Аризона Койотс , Лос-Анджелес Кингз ,0,4,
"05.12.2014, 06:30 ",Сан-Хосе Шаркс , Бостон Брюинз ,7,4,
"06.12.2014, 04:00 ",Миннесота Уайлд , Анахайм Дакс ,4,5,
"06.12.2014, 04:00 ",Виннипег Джетс , Колорадо Эвеланш ,6,2,
"06.12.2014, 04:30 ",Чикаго Блэкхоукс , Монреаль Канадиенс ,4,3,
"06.12.2014, 21:00 ",Питтсбург Пингвинз , Оттава Сенаторз ,3,2,
"06.12.2014, 21:00 ",Нью-Йорк Айлендерс , Сент-Луис Блюз ,4,6,
"07.12.2014, 00:00 ",Лос-Анджелес Кингз , Филадельфия Флайерз ,1,2,
"07.12.2014, 03:00 ",Торонто Мэйпл Лифс , Ванкувер Кэнакс ,5,2,
"07.12.2014, 03:00 ",Детройт Ред Уингз , Нью-Йорк Рейнджерс ,3,2,
"07.12.2014, 03:00 ",Тампа-Бэй Лайтнинг , Коламбус Блю Джекетс ,1,3,
"07.12.2014, 03:00 ",Флорида Пантерз , Баффало Сэйбрз ,3,2,
"07.12.2014, 03:00 ",Нью-Джерси Дэвилз , Вашингтон Кэпиталз ,1,4,
"07.12.2014, 03:00 ",Нэшвилл Предаторз , Чикаго Блэкхоукс ,1,3,
"07.12.2014, 03:00 ",Даллас Старз , Монреаль Канадиенс ,4,1,
"07.12.2014, 04:00 ",Аризона Койотс , Бостон Брюинз ,2,5,
"07.12.2014, 06:00 ",Калгари Флэймз , Сан-Хосе Шаркс ,2,3,
"07.12.2014, 23:00 ",Виннипег Джетс , Анахайм Дакс ,3,4,  ОТ 
"08.12.2014, 01:00 ",Каролина Харрикейнз , Детройт Ред Уингз ,1,3,
"08.12.2014, 03:00 ",Оттава Сенаторз , Ванкувер Кэнакс ,4,3,  ОТ 
"08.12.2014, 05:00 ",Эдмонтон Ойлерз , Сан-Хосе Шаркс ,2,1,
"09.12.2014, 03:00 ",Нью-Йорк Рейнджерс , Питтсбург Пингвинз ,4,3,  ОТ 
"09.12.2014, 03:00 ",Каролина Харрикейнз , Нью-Джерси Дэвилз ,1,2,
"09.12.2014, 04:00 ",Сент-Луис Блюз , Флорида Пантерз ,4,2,
"10.12.2014, 03:00 ",Нью-Джерси Дэвилз , Чикаго Блэкхоукс ,2,3,  Б 
"10.12.2014, 03:00 ",Коламбус Блю Джекетс , Филадельфия Флайерз ,3,2,  ОТ 
"10.12.2014, 03:30 ",Баффало Сэйбрз , Лос-Анджелес Кингз ,1,0,
"10.12.2014, 03:30 ",Торонто Мэйпл Лифс , Калгари Флэймз ,4,1,
"10.12.2014, 03:30 ",Монреаль Канадиенс , Ванкувер Кэнакс ,3,1,
"10.12.2014, 03:30 ",Тампа-Бэй Лайтнинг , Вашингтон Кэпиталз ,3,5,
"10.12.2014, 04:00 ",Миннесота Уайлд , Нью-Йорк Айлендерс ,5,4,
"10.12.2014, 04:30 ",Даллас Старз , Виннипег Джетс ,2,5,
"10.12.2014, 05:00 ",Колорадо Эвеланш , Нэшвилл Предаторз ,0,3,
"10.12.2014, 06:30 ",Сан-Хосе Шаркс , Эдмонтон Ойлерз ,5,2,
"11.12.2014, 04:00 ",Детройт Ред Уингз , Торонто Мэйпл Лифс ,1,2,  Б 
"11.12.2014, 06:00 ",Анахайм Дакс , Эдмонтон Ойлерз ,2,1,
"12.12.2014, 03:00 ",Бостон Брюинз , Чикаго Блэкхоукс ,2,3,
"12.12.2014, 03:00 ",Баффало Сэйбрз , Калгари Флэймз ,4,3,
"12.12.2014, 03:00 ",Филадельфия Флайерз , Нью-Джерси Дэвилз ,4,1,
"12.12.2014, 03:00 ",Вашингтон Кэпиталз , Коламбус Блю Джекетс ,2,3,  ОТ 
"12.12.2014, 03:30 ",Оттава Сенаторз , Лос-Анджелес Кингз ,3,5,
"12.12.2014, 03:30 ",Тампа-Бэй Лайтнинг , Каролина Харрикейнз ,2,1,
"12.12.2014, 04:00 ",Сент-Луис Блюз , Нью-Йорк Айлендерс ,6,3,
"12.12.2014, 05:00 ",Колорадо Эвеланш , Виннипег Джетс ,4,3,  Б 
"12.12.2014, 05:00 ",Аризона Койотс , Нэшвилл Предаторз ,1,5,
"12.12.2014, 06:30 ",Сан-Хосе Шаркс , Миннесота Уайлд ,2,1,
"13.12.2014, 03:00 ",Питтсбург Пингвинз , Калгари Флэймз ,3,1,
"13.12.2014, 03:30 ",Монреаль Канадиенс , Лос-Анджелес Кингз ,6,2,
"13.12.2014, 03:30 ",Детройт Ред Уингз , Флорида Пантерз ,2,3,  Б 
"13.12.2014, 05:30 ",Эдмонтон Ойлерз , Анахайм Дакс ,2,4,
"13.12.2014, 21:00 ",Бостон Брюинз , Оттава Сенаторз ,2,3,  Б 
"13.12.2014, 21:00 ",Филадельфия Флайерз , Каролина Харрикейнз ,5,1,
"14.12.2014, 03:00 ",Баффало Сэйбрз , Флорида Пантерз ,4,3,  ОТ 
"14.12.2014, 03:00 ",Торонто Мэйпл Лифс , Детройт Ред Уингз ,4,1,
"14.12.2014, 03:00 ",Нью-Йорк Айлендерс , Чикаго Блэкхоукс ,3,2,
"14.12.2014, 03:00 ",Вашингтон Кэпиталз , Тампа-Бэй Лайтнинг ,4,2,
"14.12.2014, 03:00 ",Коламбус Блю Джекетс , Питтсбург Пингвинз ,4,3,  Б 
"14.12.2014, 03:00 ",Виннипег Джетс , Анахайм Дакс ,1,4,
"14.12.2014, 04:00 ",Аризона Койотс , Миннесота Уайлд ,3,4,  Б 
"14.12.2014, 04:30 ",Даллас Старз , Нью-Джерси Дэвилз ,4,3,
"14.12.2014, 06:00 ",Колорадо Эвеланш , Сент-Луис Блюз ,2,3,  ОТ 
"14.12.2014, 06:00 ",Ванкувер Кэнакс , Нью-Йорк Рейнджерс ,1,5,
"14.12.2014, 06:30 ",Сан-Хосе Шаркс , Нэшвилл Предаторз ,2,0,
"15.12.2014, 01:00 ",Торонто Мэйпл Лифс , Лос-Анджелес Кингз ,4,3,  Б 
"15.12.2014, 04:00 ",Чикаго Блэкхоукс , Калгари Флэймз ,2,1,
"15.12.2014, 05:30 ",Эдмонтон Ойлерз , Нью-Йорк Рейнджерс ,0,2,
"16.12.2014, 03:00 ",Нью-Йорк Айлендерс , Нью-Джерси Дэвилз ,3,2,  Б 
"16.12.2014, 03:00 ",Питтсбург Пингвинз , Тампа-Бэй Лайтнинг ,4,2,
"16.12.2014, 03:00 ",Баффало Сэйбрз , Оттава Сенаторз ,5,4,  Б 
"17.12.2014, 03:00 ",Филадельфия Флайерз , Тампа-Бэй Лайтнинг ,1,3,
"17.12.2014, 03:30 ",Торонто Мэйпл Лифс , Анахайм Дакс ,6,2,
"17.12.2014, 03:30 ",Монреаль Канадиенс , Каролина Харрикейнз ,4,1,
"17.12.2014, 03:30 ",Детройт Ред Уингз , Коламбус Блю Джекетс ,0,1,  Б 
"17.12.2014, 03:30 ",Флорида Пантерз , Вашингтон Кэпиталз ,2,1,  Б 
"17.12.2014, 04:00 ",Сент-Луис Блюз , Лос-Анджелес Кингз ,5,2,
"17.12.2014, 04:00 ",Нэшвилл Предаторз , Бостон Брюинз ,3,2,  Б 
"17.12.2014, 04:00 ",Виннипег Джетс , Баффало Сэйбрз ,5,1,
"17.12.2014, 04:30 ",Чикаго Блэкхоукс , Миннесота Уайлд ,5,3,
"17.12.2014, 05:00 ",Калгари Флэймз , Нью-Йорк Рейнджерс ,2,5,
"17.12.2014, 05:00 ",Аризона Койотс , Эдмонтон Ойлерз ,2,1,  ОТ 
"18.12.2014, 03:00 ",Нью-Джерси Дэвилз , Оттава Сенаторз ,0,2,
"18.12.2014, 04:00 ",Миннесота Уайлд , Бостон Брюинз ,2,3,  ОТ 
"18.12.2014, 06:00 ",Ванкувер Кэнакс , Даллас Старз ,0,2,
"19.12.2014, 03:00 ",Филадельфия Флайерз , Флорида Пантерз ,1,2,  Б 
"19.12.2014, 03:00 ",Питтсбург Пингвинз , Колорадо Эвеланш ,1,0,  ОТ 
"19.12.2014, 03:00 ",Каролина Харрикейнз , Торонто Мэйпл Лифс ,4,1,
"19.12.2014, 03:00 ",Коламбус Блю Джекетс , Вашингтон Кэпиталз ,4,5,  ОТ 
"19.12.2014, 03:30 ",Монреаль Канадиенс , Анахайм Дакс ,1,2,
"19.12.2014, 06:30 ",Лос-Анджелес Кингз , Сент-Луис Блюз ,6,4,
"19.12.2014, 06:30 ",Сан-Хосе Шаркс , Эдмонтон Ойлерз ,4,3,
"20.12.2014, 03:00 ",Нью-Джерси Дэвилз , Тампа-Бэй Лайтнинг ,3,2,  Б 
"20.12.2014, 03:30 ",Оттава Сенаторз , Анахайм Дакс ,6,2,
"20.12.2014, 03:30 ",Детройт Ред Уингз , Нью-Йорк Айлендерс ,1,2,
"20.12.2014, 04:00 ",Виннипег Джетс , Бостон Брюинз ,2,1,
"20.12.2014, 05:00 ",Калгари Флэймз , Даллас Старз ,1,2,
"21.12.2014, 00:00 ",Лос-Анджелес Кингз , Аризона Койотс ,4,2,
"21.12.2014, 03:00 ",Баффало Сэйбрз , Колорадо Эвеланш ,1,5,
"21.12.2014, 03:00 ",Торонто Мэйпл Лифс , Филадельфия Флайерз ,4,7,
"21.12.2014, 03:00 ",Монреаль Канадиенс , Оттава Сенаторз ,4,1,
"21.12.2014, 03:00 ",Нью-Джерси Дэвилз , Вашингтон Кэпиталз ,0,4,
"21.12.2014, 03:00 ",Нью-Йорк Айлендерс , Тампа-Бэй Лайтнинг ,3,1,
"21.12.2014, 03:00 ",Питтсбург Пингвинз , Флорида Пантерз ,3,1,
"21.12.2014, 03:00 ",Каролина Харрикейнз , Нью-Йорк Рейнджерс ,2,3,  Б 
"21.12.2014, 03:00 ",Коламбус Блю Джекетс , Чикаго Блэкхоукс ,3,2,  Б 
"21.12.2014, 04:00 ",Миннесота Уайлд , Нэшвилл Предаторз ,5,6,  ОТ 
"21.12.2014, 06:00 ",Ванкувер Кэнакс , Калгари Флэймз ,3,2,  ОТ 
"21.12.2014, 06:30 ",Сан-Хосе Шаркс , Сент-Луис Блюз ,3,2,  ОТ 
"22.12.2014, 02:00 ",Детройт Ред Уингз , Колорадо Эвеланш ,1,2,  Б 
"22.12.2014, 02:00 ",Эдмонтон Ойлерз , Даллас Старз ,5,6,  Б 
"22.12.2014, 03:00 ",Бостон Брюинз , Баффало Сэйбрз ,4,3,  ОТ 
"22.12.2014, 03:00 ",Нью-Йорк Рейнджерс , Каролина Харрикейнз ,1,0,
"22.12.2014, 03:00 ",Чикаго Блэкхоукс , Торонто Мэйпл Лифс ,4,0,
"22.12.2014, 05:00 ",Виннипег Джетс , Филадельфия Флайерз ,3,4,  ОТ 
"23.12.2014, 03:00 ",Вашингтон Кэпиталз , Оттава Сенаторз ,2,1,
"23.12.2014, 03:00 ",Коламбус Блю Джекетс , Нэшвилл Предаторз ,1,5,
"23.12.2014, 03:30 ",Флорида Пантерз , Питтсбург Пингвинз ,4,3,  Б 
"23.12.2014, 06:00 ",Ванкувер Кэнакс , Аризона Койотс ,7,1,
"23.12.2014, 06:00 ",Анахайм Дакс , Сан-Хосе Шаркс ,3,2,  ОТ 
"23.12.2014, 06:30 ",Лос-Анджелес Кингз , Калгари Флэймз ,3,4,  ОТ 
"24.12.2014, 03:00 ",Бостон Брюинз , Нэшвилл Предаторз ,5,3,
"24.12.2014, 03:00 ",Нью-Джерси Дэвилз , Каролина Харрикейнз ,1,2,  Б 
"24.12.2014, 03:00 ",Нью-Йорк Айлендерс , Монреаль Канадиенс ,1,3,
"24.12.2014, 03:00 ",Нью-Йорк Рейнджерс , Вашингтон Кэпиталз ,4,2,
"24.12.2014, 03:00 ",Миннесота Уайлд , Филадельфия Флайерз ,2,5,
"24.12.2014, 03:00 ",Даллас Старз , Торонто Мэйпл Лифс ,0,4,
"24.12.2014, 03:30 ",Детройт Ред Уингз , Баффало Сэйбрз ,6,3,
"24.12.2014, 03:30 ",Тампа-Бэй Лайтнинг , Питтсбург Пингвинз ,4,3,
"24.12.2014, 04:00 ",Эдмонтон Ойлерз , Аризона Койотс ,1,5,
"24.12.2014, 04:00 ",Колорадо Эвеланш , Сент-Луис Блюз ,5,0,
"24.12.2014, 04:30 ",Чикаго Блэкхоукс , Виннипег Джетс ,1,5,
"28.12.2014, 03:00 ",Баффало Сэйбрз , Нью-Йорк Айлендерс ,4,3,  Б 
"28.12.2014, 03:00 ",Оттава Сенаторз , Детройт Ред Уингз ,2,3,  ОТ 
"28.12.2014, 03:00 ",Тампа-Бэй Лайтнинг , Каролина Харрикейнз ,2,1,
"28.12.2014, 03:00 ",Нью-Йорк Рейнджерс , Нью-Джерси Дэвилз ,3,1,
"28.12.2014, 03:00 ",Коламбус Блю Джекетс , Бостон Брюинз ,6,2,
"28.12.2014, 03:00 ",Миннесота Уайлд , Виннипег Джетс ,3,4,  ОТ 
"28.12.2014, 03:30 ",Питтсбург Пингвинз , Вашингтон Кэпиталз ,0,3,
"28.12.2014, 04:00 ",Сент-Луис Блюз , Даллас Старз ,3,4,
"28.12.2014, 04:00 ",Нэшвилл Предаторз , Филадельфия Флайерз ,4,1,
"28.12.2014, 04:00 ",Аризона Койотс , Анахайм Дакс ,2,1,  Б 
"28.12.2014, 05:00 ",Колорадо Эвеланш , Чикаго Блэкхоукс ,2,5,
"28.12.2014, 06:00 ",Калгари Флэймз , Эдмонтон Ойлерз ,4,1,
"28.12.2014, 06:00 ",Лос-Анджелес Кингз , Сан-Хосе Шаркс ,3,1,
"29.12.2014, 01:00 ",Флорида Пантерз , Торонто Мэйпл Лифс ,6,4,
"29.12.2014, 04:00 ",Анахайм Дакс , Ванкувер Кэнакс ,2,1,  ОТ 
"30.12.2014, 03:00 ",Бостон Брюинз , Детройт Ред Уингз ,5,2,
"30.12.2014, 03:00 ",Нью-Джерси Дэвилз , Питтсбург Пингвинз ,3,1,
"30.12.2014, 03:00 ",Нью-Йорк Айлендерс , Вашингтон Кэпиталз ,4,3,  ОТ 
"30.12.2014, 03:00 ",Каролина Харрикейнз , Монреаль Канадиенс ,1,3,
"30.12.2014, 03:30 ",Оттава Сенаторз , Баффало Сэйбрз ,5,2,
"30.12.2014, 03:30 ",Тампа-Бэй Лайтнинг , Торонто Мэйпл Лифс ,3,2,
"30.12.2014, 04:00 ",Сент-Луис Блюз , Колорадо Эвеланш ,3,0,
"30.12.2014, 04:00 ",Виннипег Джетс , Миннесота Уайлд ,2,3,
"30.12.2014, 04:30 ",Чикаго Блэкхоукс , Нэшвилл Предаторз ,5,4,  Б 
"30.12.2014, 04:30 ",Даллас Старз , Нью-Йорк Рейнджерс ,3,2,
"30.12.2014, 05:00 ",Калгари Флэймз , Лос-Анджелес Кингз ,2,1,
"30.12.2014, 05:00 ",Аризона Койотс , Филадельфия Флайерз ,4,2,
"31.12.2014, 03:30 ",Флорида Пантерз , Монреаль Канадиенс ,1,2,  Б 
"31.12.2014, 04:00 ",Нэшвилл Предаторз , Сент-Луис Блюз ,3,2,
"31.12.2014, 05:30 ",Эдмонтон Ойлерз , Лос-Анджелес Кингз ,3,2,  Б 
"31.12.2014, 06:00 ",Сан-Хосе Шаркс , Ванкувер Кэнакс ,1,3,
"01.01.2015, 01:00 ",Виннипег Джетс , Нью-Йорк Айлендерс ,2,5,
"01.01.2015, 02:00 ",Баффало Сэйбрз , Тампа-Бэй Лайтнинг ,1,5,
"01.01.2015, 02:00 ",Флорида Пантерз , Нью-Йорк Рейнджерс ,2,5,
"01.01.2015, 03:00 ",Бостон Брюинз , Торонто Мэйпл Лифс ,3,4,  Б 
"01.01.2015, 03:00 ",Питтсбург Пингвинз , Каролина Харрикейнз ,2,1,
"01.01.2015, 03:00 ",Коламбус Блю Джекетс , Миннесота Уайлд ,3,1,
"01.01.2015, 03:30 ",Детройт Ред Уингз , Нью-Джерси Дэвилз ,3,1,
"01.01.2015, 04:00 ",Анахайм Дакс , Сан-Хосе Шаркс ,0,3,
"01.01.2015, 04:00 ",Даллас Старз , Аризона Койотс ,6,0,
"01.01.2015, 05:00 ",Колорадо Эвеланш , Филадельфия Флайерз ,4,3,  ОТ 
"01.01.2015, 05:30 ",Калгари Флэймз , Эдмонтон Ойлерз ,4,3,  ОТ 
"01.01.2015, 21:00 ",Вашингтон Кэпиталз , Чикаго Блэкхоукс ,3,2,
"02.01.2015, 06:00 ",Ванкувер Кэнакс , Лос-Анджелес Кингз ,2,3,
"03.01.2015, 03:00 ",Баффало Сэйбрз , Флорида Пантерз ,0,2,
"03.01.2015, 03:00 ",Нью-Джерси Дэвилз , Монреаль Канадиенс ,2,4,
"03.01.2015, 03:00 ",Питтсбург Пингвинз , Тампа-Бэй Лайтнинг ,6,3,
"03.01.2015, 03:00 ",Каролина Харрикейнз , Филадельфия Флайерз ,2,1,
"03.01.2015, 04:00 ",Миннесота Уайлд , Торонто Мэйпл Лифс ,3,1,
"03.01.2015, 05:00 ",Колорадо Эвеланш , Эдмонтон Ойлерз ,2,1,  Б 
"03.01.2015, 05:00 ",Калгари Флэймз , Нью-Йорк Айлендерс ,1,2,
"03.01.2015, 06:00 ",Анахайм Дакс , Сент-Луис Блюз ,4,3,
"03.01.2015, 21:00 ",Бостон Брюинз , Оттава Сенаторз ,2,3,  ОТ 
"04.01.2015, 00:00 ",Лос-Анджелес Кингз , Нэшвилл Предаторз ,6,7,  ОТ 
"04.01.2015, 03:00 ",Нью-Джерси Дэвилз , Филадельфия Флайерз ,5,2,
"04.01.2015, 03:00 ",Нью-Йорк Рейнджерс , Баффало Сэйбрз ,6,1,
"04.01.2015, 03:00 ",Питтсбург Пингвинз , Монреаль Канадиенс ,1,4,
"04.01.2015, 03:00 ",Виннипег Джетс , Торонто Мэйпл Лифс ,5,1,
"04.01.2015, 04:00 ",Даллас Старз , Миннесота Уайлд ,7,1,
"04.01.2015, 04:00 ",Аризона Койотс , Коламбус Блю Джекетс ,6,3,
"04.01.2015, 06:00 ",Ванкувер Кэнакс , Детройт Ред Уингз ,4,1,
"04.01.2015, 06:30 ",Сан-Хосе Шаркс , Сент-Луис Блюз ,2,7,
"04.01.2015, 21:00 ",Каролина Харрикейнз , Бостон Брюинз ,2,1,  Б 
"04.01.2015, 23:00 ",Вашингтон Кэпиталз , Флорида Пантерз ,4,3,
"05.01.2015, 03:00 ",Оттава Сенаторз , Тампа-Бэй Лайтнинг ,2,4,
"05.01.2015, 04:00 ",Чикаго Блэкхоукс , Даллас Старз ,5,4,  ОТ 
"05.01.2015, 04:00 ",Колорадо Эвеланш , Коламбус Блю Джекетс ,3,4,
"05.01.2015, 04:00 ",Анахайм Дакс , Нэшвилл Предаторз ,4,3,  Б 
"05.01.2015, 05:30 ",Эдмонтон Ойлерз , Нью-Йорк Айлендерс ,5,2,
"06.01.2015, 04:00 ",Виннипег Джетс , Сан-Хосе Шаркс ,2,3,
"07.01.2015, 03:00 ",Нью-Джерси Дэвилз , Баффало Сэйбрз ,4,1,
"07.01.2015, 03:00 ",Филадельфия Флайерз , Оттава Сенаторз ,2,1,  Б 
"07.01.2015, 03:30 ",Монреаль Канадиенс , Тампа-Бэй Лайтнинг ,2,4,
"07.01.2015, 04:00 ",Нэшвилл Предаторз , Каролина Харрикейнз ,3,2,
"07.01.2015, 04:00 ",Миннесота Уайлд , Сан-Хосе Шаркс ,3,4,  ОТ 
"07.01.2015, 04:30 ",Чикаго Блэкхоукс , Колорадо Эвеланш ,0,2,
"07.01.2015, 04:30 ",Даллас Старз , Коламбус Блю Джекетс ,2,4,
"07.01.2015, 05:00 ",Аризона Койотс , Сент-Луис Блюз ,0,6,
"07.01.2015, 05:30 ",Эдмонтон Ойлерз , Детройт Ред Уингз ,2,4,
"07.01.2015, 06:00 ",Ванкувер Кэнакс , Нью-Йорк Айлендерс ,3,2,
"08.01.2015, 03:00 ",Торонто Мэйпл Лифс , Вашингтон Кэпиталз ,2,6,
"08.01.2015, 04:00 ",Питтсбург Пингвинз , Бостон Брюинз ,2,3,  ОТ 
"08.01.2015, 05:30 ",Калгари Флэймз , Детройт Ред Уингз ,2,3,
"08.01.2015, 06:30 ",Анахайм Дакс , Нью-Йорк Рейнджерс ,1,4,
"09.01.2015, 03:00 ",Бостон Брюинз , Нью-Джерси Дэвилз ,3,0,
"09.01.2015, 03:00 ",Филадельфия Флайерз , Вашингтон Кэпиталз ,3,2,  ОТ 
"09.01.2015, 03:00 ",Каролина Харрикейнз , Баффало Сэйбрз ,5,2,
"09.01.2015, 04:00 ",Сент-Луис Блюз , Сан-Хосе Шаркс ,7,2,
"09.01.2015, 04:00 ",Нэшвилл Предаторз , Даллас Старз ,3,2,  ОТ 
"09.01.2015, 04:00 ",Миннесота Уайлд , Чикаго Блэкхоукс ,2,4,
"09.01.2015, 05:00 ",Колорадо Эвеланш , Оттава Сенаторз ,5,2,
"09.01.2015, 05:00 ",Аризона Койотс , Виннипег Джетс ,4,1,
"09.01.2015, 06:00 ",Ванкувер Кэнакс , Флорида Пантерз ,1,3,
"09.01.2015, 06:30 ",Лос-Анджелес Кингз , Нью-Йорк Рейнджерс ,3,4,
"10.01.2015, 03:00 ",Нью-Джерси Дэвилз , Нью-Йорк Айлендерс ,2,3,  ОТ 
"10.01.2015, 03:30 ",Торонто Мэйпл Лифс , Коламбус Блю Джекетс ,5,2,
"10.01.2015, 03:30 ",Тампа-Бэй Лайтнинг , Баффало Сэйбрз ,2,1,
"10.01.2015, 05:00 ",Калгари Флэймз , Флорида Пантерз ,5,6,
"10.01.2015, 05:30 ",Эдмонтон Ойлерз , Чикаго Блэкхоукс ,5,2,
"10.01.2015, 21:00 ",Филадельфия Флайерз , Бостон Брюинз ,1,3,
"10.01.2015, 22:00 ",Миннесота Уайлд , Нэшвилл Предаторз ,1,3,
"10.01.2015, 23:00 ",Колорадо Эвеланш , Даллас Старз ,4,3,
"11.01.2015, 03:00 ",Монреаль Канадиенс , Питтсбург Пингвинз ,1,2,  ОТ 
"11.01.2015, 03:00 ",Вашингтон Кэпиталз , Детройт Ред Уингз ,3,1,
"11.01.2015, 03:00 ",Коламбус Блю Джекетс , Нью-Йорк Айлендерс ,2,5,
"11.01.2015, 03:00 ",Аризона Койотс , Оттава Сенаторз ,1,5,
"11.01.2015, 04:00 ",Сент-Луис Блюз , Каролина Харрикейнз ,5,4,  Б 
"11.01.2015, 06:00 ",Ванкувер Кэнакс , Калгари Флэймз ,0,1,
"11.01.2015, 06:00 ",Лос-Анджелес Кингз , Виннипег Джетс ,4,5,  Б 
"11.01.2015, 06:00 ",Сан-Хосе Шаркс , Нью-Йорк Рейнджерс ,1,3,
"12.01.2015, 03:00 ",Эдмонтон Ойлерз , Флорида Пантерз ,2,4,
"12.01.2015, 04:00 ",Чикаго Блэкхоукс , Миннесота Уайлд ,4,1,
"12.01.2015, 05:00 ",Анахайм Дакс , Виннипег Джетс ,5,4,  Б 
"13.01.2015, 03:00 ",Филадельфия Флайерз , Тампа-Бэй Лайтнинг ,7,3,
"13.01.2015, 03:00 ",Вашингтон Кэпиталз , Колорадо Эвеланш ,2,1,
"13.01.2015, 06:30 ",Лос-Анджелес Кингз , Торонто Мэйпл Лифс ,2,0,
"14.01.2015, 03:00 ",Бостон Брюинз , Тампа-Бэй Лайтнинг ,4,3,
"14.01.2015, 03:00 ",Баффало Сэйбрз , Детройт Ред Уингз ,1,3,
"14.01.2015, 03:00 ",Нью-Йорк Рейнджерс , Нью-Йорк Айлендерс ,0,3,
"14.01.2015, 03:00 ",Питтсбург Пингвинз , Миннесота Уайлд ,7,2,
"14.01.2015, 03:00 ",Каролина Харрикейнз , Колорадо Эвеланш ,3,2,  Б 
"14.01.2015, 04:00 ",Сент-Луис Блюз , Эдмонтон Ойлерз ,4,2,
"14.01.2015, 04:00 ",Нэшвилл Предаторз , Ванкувер Кэнакс ,5,1,
"14.01.2015, 04:00 ",Виннипег Джетс , Флорида Пантерз ,8,2,
"14.01.2015, 04:30 ",Даллас Старз , Оттава Сенаторз ,5,4,
"14.01.2015, 05:00 ",Аризона Койотс , Сан-Хосе Шаркс ,2,3,
"15.01.2015, 03:00 ",Коламбус Блю Джекетс , Монреаль Канадиенс ,2,3,
"15.01.2015, 04:00 ",Вашингтон Кэпиталз , Филадельфия Флайерз ,1,0,
"15.01.2015, 06:00 ",Анахайм Дакс , Торонто Мэйпл Лифс ,4,0,
"15.01.2015, 06:30 ",Лос-Анджелес Кингз , Нью-Джерси Дэвилз ,3,5,
"16.01.2015, 03:00 ",Бостон Брюинз , Нью-Йорк Рейнджерс ,3,0,
"16.01.2015, 03:00 ",Баффало Сэйбрз , Миннесота Уайлд ,0,7,
"16.01.2015, 03:00 ",Филадельфия Флайерз , Ванкувер Кэнакс ,0,4,
"16.01.2015, 03:30 ",Оттава Сенаторз , Монреаль Канадиенс ,4,1,
"16.01.2015, 03:30 ",Тампа-Бэй Лайтнинг , Эдмонтон Ойлерз ,3,2,
"16.01.2015, 03:30 ",Флорида Пантерз , Колорадо Эвеланш ,2,4,
"16.01.2015, 04:00 ",Сент-Луис Блюз , Детройт Ред Уингз ,2,3,  ОТ 
"16.01.2015, 04:30 ",Даллас Старз , Виннипег Джетс ,1,2,
"16.01.2015, 05:00 ",Аризона Койотс , Калгари Флэймз ,1,4,
"16.01.2015, 06:30 ",Сан-Хосе Шаркс , Торонто Мэйпл Лифс ,3,1,
"17.01.2015, 03:00 ",Нью-Йорк Айлендерс , Питтсбург Пингвинз ,6,3,
"17.01.2015, 03:00 ",Каролина Харрикейнз , Ванкувер Кэнакс ,0,3,
"17.01.2015, 03:00 ",Коламбус Блю Джекетс , Нью-Йорк Рейнджерс ,1,2,
"17.01.2015, 04:00 ",Нэшвилл Предаторз , Вашингтон Кэпиталз ,4,3,
"17.01.2015, 04:30 ",Чикаго Блэкхоукс , Виннипег Джетс ,2,4,
"17.01.2015, 06:00 ",Анахайм Дакс , Нью-Джерси Дэвилз ,5,1,
"18.01.2015, 03:00 ",Бостон Брюинз , Коламбус Блю Джекетс ,1,3,
"18.01.2015, 03:00 ",Баффало Сэйбрз , Филадельфия Флайерз ,3,4,
"18.01.2015, 03:00 ",Монреаль Канадиенс , Нью-Йорк Айлендерс ,6,4,
"18.01.2015, 03:00 ",Оттава Сенаторз , Каролина Харрикейнз ,2,3,
"18.01.2015, 03:00 ",Детройт Ред Уингз , Нэшвилл Предаторз ,5,2,
"18.01.2015, 03:00 ",Тампа-Бэй Лайтнинг , Колорадо Эвеланш ,3,2,  Б 
"18.01.2015, 03:00 ",Флорида Пантерз , Эдмонтон Ойлерз ,2,3,  Б 
"18.01.2015, 03:00 ",Сент-Луис Блюз , Торонто Мэйпл Лифс ,3,0,
"18.01.2015, 04:00 ",Даллас Старз , Вашингтон Кэпиталз ,5,4,
"18.01.2015, 05:00 ",Миннесота Уайлд , Аризона Койотс ,3,1,
"18.01.2015, 06:00 ",Сан-Хосе Шаркс , Калгари Флэймз ,3,4,  ОТ 
"18.01.2015, 07:00 ",Лос-Анджелес Кингз , Анахайм Дакс ,2,3,  Б 
"18.01.2015, 20:30 ",Питтсбург Пингвинз , Нью-Йорк Рейнджерс ,2,5,
"19.01.2015, 02:00 ",Чикаго Блэкхоукс , Даллас Старз ,3,6,
"19.01.2015, 03:00 ",Виннипег Джетс , Аризона Койотс ,4,3,  Б 
"19.01.2015, 04:00 ",Детройт Ред Уингз , Баффало Сэйбрз ,6,4,
"19.01.2015, 21:00 ",Нью-Йорк Айлендерс , Филадельфия Флайерз ,7,4,
"20.01.2015, 03:30 ",Торонто Мэйпл Лифс , Каролина Харрикейнз ,1,4,
"20.01.2015, 03:30 ",Флорида Пантерз , Ванкувер Кэнакс ,1,2,
"20.01.2015, 04:00 ",Сент-Луис Блюз , Колорадо Эвеланш ,3,1,
"20.01.2015, 04:00 ",Миннесота Уайлд , Коламбус Блю Джекетс ,1,3,
"20.01.2015, 06:30 ",Лос-Анджелес Кингз , Калгари Флэймз ,1,2,  ОТ 
"20.01.2015, 06:30 ",Сан-Хосе Шаркс , Нью-Джерси Дэвилз ,2,5,
"21.01.2015, 03:00 ",Нью-Йорк Рейнджерс , Оттава Сенаторз ,3,2,  ОТ 
"21.01.2015, 03:00 ",Вашингтон Кэпиталз , Эдмонтон Ойлерз ,4,5,  Б 
"21.01.2015, 03:30 ",Филадельфия Флайерз , Питтсбург Пингвинз ,3,2,  ОТ 
"21.01.2015, 03:30 ",Монреаль Канадиенс , Нэшвилл Предаторз ,2,1,  ОТ 
"21.01.2015, 03:30 ",Детройт Ред Уингз , Миннесота Уайлд ,5,4,  Б 
"21.01.2015, 03:30 ",Тампа-Бэй Лайтнинг , Ванкувер Кэнакс ,4,1,
"21.01.2015, 04:30 ",Чикаго Блэкхоукс , Аризона Койотс ,6,1,
"21.01.2015, 04:30 ",Даллас Старз , Бостон Брюинз ,1,3,
"22.01.2015, 03:00 ",Оттава Сенаторз , Торонто Мэйпл Лифс ,4,3,
"22.01.2015, 04:00 ",Питтсбург Пингвинз , Чикаго Блэкхоукс ,2,3,  Б 
"22.01.2015, 05:00 ",Виннипег Джетс , Коламбус Блю Джекетс ,4,0,
"22.01.2015, 06:00 ",Колорадо Эвеланш , Бостон Брюинз ,3,2,  Б 
"22.01.2015, 06:00 ",Анахайм Дакс , Калгари Флэймз ,6,3,
"22.01.2015, 06:30 ",Сан-Хосе Шаркс , Лос-Анджелес Кингз ,4,2,
"28.01.2015, 03:00 ",Нью-Йорк Айлендерс , Нью-Йорк Рейнджерс ,4,1,
"28.01.2015, 03:00 ",Филадельфия Флайерз , Аризона Койотс ,4,3,  Б 
"28.01.2015, 03:00 ",Питтсбург Пингвинз , Виннипег Джетс ,5,3,
"28.01.2015, 03:00 ",Коламбус Блю Джекетс , Вашингтон Кэпиталз ,4,3,
"28.01.2015, 03:30 ",Каролина Харрикейнз , Тампа-Бэй Лайтнинг ,4,2,
"28.01.2015, 03:30 ",Монреаль Канадиенс , Даллас Старз ,3,2,
"28.01.2015, 03:30 ",Флорида Пантерз , Детройт Ред Уингз ,4,5,
"28.01.2015, 04:00 ",Нэшвилл Предаторз , Колорадо Эвеланш ,4,3,  ОТ 
"28.01.2015, 05:00 ",Калгари Флэймз , Баффало Сэйбрз ,4,1,
"28.01.2015, 05:30 ",Эдмонтон Ойлерз , Миннесота Уайлд ,1,2,
"28.01.2015, 06:00 ",Ванкувер Кэнакс , Анахайм Дакс ,0,4,
"29.01.2015, 03:30 ",Нью-Джерси Дэвилз , Торонто Мэйпл Лифс ,2,1,  Б 
"29.01.2015, 04:00 ",Вашингтон Кэпиталз , Питтсбург Пингвинз ,4,0,
"29.01.2015, 06:30 ",Лос-Анджелес Кингз , Чикаго Блэкхоукс ,4,3,
"30.01.2015, 03:00 ",Нью-Йорк Айлендерс , Бостон Брюинз ,2,5,
"30.01.2015, 03:00 ",Нью-Йорк Рейнджерс , Монреаль Канадиенс ,0,1,
"30.01.2015, 03:00 ",Филадельфия Флайерз , Виннипег Джетс ,5,2,
"30.01.2015, 03:30 ",Торонто Мэйпл Лифс , Аризона Койотс ,1,3,
"30.01.2015, 03:30 ",Оттава Сенаторз , Даллас Старз ,3,6,
"30.01.2015, 03:30 ",Тампа-Бэй Лайтнинг , Детройт Ред Уингз ,5,1,
"30.01.2015, 03:30 ",Флорида Пантерз , Коламбус Блю Джекетс ,3,2,
"30.01.2015, 04:00 ",Сент-Луис Блюз , Нэшвилл Предаторз ,5,4,  Б 
"30.01.2015, 05:00 ",Калгари Флэймз , Миннесота Уайлд ,0,1,
"30.01.2015, 05:30 ",Эдмонтон Ойлерз , Баффало Сэйбрз ,3,2,
"30.01.2015, 06:00 ",Сан-Хосе Шаркс , Анахайм Дакс ,6,3,
"31.01.2015, 03:00 ",Нью-Джерси Дэвилз , Питтсбург Пингвинз ,1,2,  ОТ 
"31.01.2015, 03:00 ",Каролина Харрикейнз , Сент-Луис Блюз ,2,3,  Б 
"31.01.2015, 05:00 ",Колорадо Эвеланш , Нэшвилл Предаторз ,3,0,
"31.01.2015, 06:00 ",Ванкувер Кэнакс , Баффало Сэйбрз ,5,2,
"31.01.2015, 06:00 ",Анахайм Дакс , Чикаго Блэкхоукс ,1,4,
"31.01.2015, 21:00 ",Монреаль Канадиенс , Вашингтон Кэпиталз ,1,0,  ОТ 
"31.01.2015, 22:00 ",Детройт Ред Уингз , Нью-Йорк Айлендерс ,4,1,
"31.01.2015, 23:00 ",Оттава Сенаторз , Аризона Койотс ,7,2,
"01.02.2015, 03:00 ",Бостон Брюинз , Лос-Анджелес Кингз ,3,1,
"01.02.2015, 03:00 ",Нью-Джерси Дэвилз , Флорида Пантерз ,3,1,
"01.02.2015, 03:00 ",Нью-Йорк Рейнджерс , Каролина Харрикейнз ,4,1,
"01.02.2015, 03:00 ",Филадельфия Флайерз , Торонто Мэйпл Лифс ,1,0,
"01.02.2015, 03:00 ",Виннипег Джетс , Даллас Старз ,2,5,
"01.02.2015, 03:30 ",Тампа-Бэй Лайтнинг , Коламбус Блю Джекетс ,3,1,
"01.02.2015, 06:00 ",Калгари Флэймз , Эдмонтон Ойлерз ,4,2,
"01.02.2015, 06:30 ",Сан-Хосе Шаркс , Чикаго Блэкхоукс ,2,0,
"01.02.2015, 21:00 ",Монреаль Канадиенс , Аризона Койотс ,2,3,
"01.02.2015, 21:00 ",Вашингтон Кэпиталз , Сент-Луис Блюз ,3,4,
"01.02.2015, 22:00 ",Питтсбург Пингвинз , Нэшвилл Предаторз ,0,4,
"01.02.2015, 23:00 ",Ванкувер Кэнакс , Миннесота Уайлд ,2,4,
"03.02.2015, 03:00 ",Нью-Йорк Рейнджерс , Флорида Пантерз ,6,3,
"03.02.2015, 05:00 ",Калгари Флэймз , Виннипег Джетс ,5,2,
"03.02.2015, 06:30 ",Сан-Хосе Шаркс , Эдмонтон Ойлерз ,4,5,  Б 
"04.02.2015, 03:00 ",Нью-Джерси Дэвилз , Оттава Сенаторз ,2,1,
"04.02.2015, 03:00 ",Нью-Йорк Айлендерс , Флорида Пантерз ,2,4,
"04.02.2015, 03:00 ",Вашингтон Кэпиталз , Лос-Анджелес Кингз ,4,0,
"04.02.2015, 03:00 ",Коламбус Блю Джекетс , Аризона Койотс ,1,4,
"04.02.2015, 03:30 ",Монреаль Канадиенс , Баффало Сэйбрз ,2,3,
"04.02.2015, 04:00 ",Сент-Луис Блюз , Тампа-Бэй Лайтнинг ,2,1,  ОТ 
"04.02.2015, 04:00 ",Нэшвилл Предаторз , Торонто Мэйпл Лифс ,4,3,
"04.02.2015, 04:00 ",Миннесота Уайлд , Чикаго Блэкхоукс ,3,0,
"04.02.2015, 04:30 ",Даллас Старз , Колорадо Эвеланш ,2,3,  Б 
"04.02.2015, 06:00 ",Ванкувер Кэнакс , Виннипег Джетс ,3,2,  ОТ 
"04.02.2015, 06:00 ",Анахайм Дакс , Каролина Харрикейнз ,5,4,  ОТ 
"05.02.2015, 04:00 ",Нью-Йорк Рейнджерс , Бостон Брюинз ,3,2,
"05.02.2015, 04:00 ",Эдмонтон Ойлерз , Питтсбург Пингвинз ,0,2,
"05.02.2015, 06:00 ",Калгари Флэймз , Сан-Хосе Шаркс ,3,1,
"06.02.2015, 03:00 ",Баффало Сэйбрз , Сент-Луис Блюз ,0,3,
"06.02.2015, 03:00 ",Филадельфия Флайерз , Нью-Йорк Айлендерс ,2,3,  Б 
"06.02.2015, 03:30 ",Оттава Сенаторз , Вашингтон Кэпиталз ,1,2,
"06.02.2015, 03:30 ",Флорида Пантерз , Лос-Анджелес Кингз ,3,2,
"06.02.2015, 04:00 ",Нэшвилл Предаторз , Анахайм Дакс ,2,5,
"06.02.2015, 04:30 ",Даллас Старз , Тампа-Бэй Лайтнинг ,3,5,
"06.02.2015, 05:00 ",Колорадо Эвеланш , Детройт Ред Уингз ,0,3,
"06.02.2015, 05:00 ",Аризона Койотс , Каролина Харрикейнз ,1,2,  Б 
"06.02.2015, 06:00 ",Ванкувер Кэнакс , Сан-Хосе Шаркс ,1,5,
"07.02.2015, 03:00 ",Нью-Джерси Дэвилз , Торонто Мэйпл Лифс ,4,1,
"07.02.2015, 03:00 ",Вашингтон Кэпиталз , Анахайм Дакс ,3,2,  Б 
"07.02.2015, 03:00 ",Коламбус Блю Джекетс , Сент-Луис Блюз ,7,1,
"07.02.2015, 04:00 ",Виннипег Джетс , Чикаго Блэкхоукс ,1,2,  ОТ 
"07.02.2015, 05:00 ",Калгари Флэймз , Питтсбург Пингвинз ,0,4,
"07.02.2015, 23:00 ",Нэшвилл Предаторз , Нью-Йорк Рейнджерс ,3,2,
"08.02.2015, 01:00 ",Тампа-Бэй Лайтнинг , Лос-Анджелес Кингз ,2,4,
"08.02.2015, 03:00 ",Бостон Брюинз , Нью-Йорк Айлендерс ,2,1,
"08.02.2015, 03:00 ",Баффало Сэйбрз , Даллас Старз ,3,2,
"08.02.2015, 03:00 ",Торонто Мэйпл Лифс , Эдмонтон Ойлерз ,5,1,
"08.02.2015, 03:00 ",Монреаль Канадиенс , Нью-Джерси Дэвилз ,6,2,
"08.02.2015, 03:00 ",Оттава Сенаторз , Коламбус Блю Джекетс ,1,4,
"08.02.2015, 04:00 ",Миннесота Уайлд , Колорадо Эвеланш ,1,0,
"08.02.2015, 04:00 ",Аризона Койотс , Детройт Ред Уингз ,1,3,
"08.02.2015, 06:00 ",Ванкувер Кэнакс , Питтсбург Пингвинз ,5,0,
"08.02.2015, 06:30 ",Сан-Хосе Шаркс , Каролина Харрикейнз ,4,5,
"08.02.2015, 20:30 ",Сент-Луис Блюз , Чикаго Блэкхоукс ,2,4,
"08.02.2015, 23:00 ",Флорида Пантерз , Нэшвилл Предаторз ,2,3,  Б 
"08.02.2015, 23:00 ",Вашингтон Кэпиталз , Филадельфия Флайерз ,1,3,
"09.02.2015, 01:00 ",Баффало Сэйбрз , Нью-Йорк Айлендерс ,2,3,
"09.02.2015, 01:00 ",Тампа-Бэй Лайтнинг , Анахайм Дакс ,5,3,
"09.02.2015, 01:00 ",Нью-Йорк Рейнджерс , Даллас Старз ,2,3,  ОТ 
"09.02.2015, 02:00 ",Виннипег Джетс , Колорадо Эвеланш ,5,3,
"09.02.2015, 03:30 ",Бостон Брюинз , Монреаль Канадиенс ,1,3,
"10.02.2015, 03:00 ",Нью-Джерси Дэвилз , Эдмонтон Ойлерз ,1,2,
"10.02.2015, 03:00 ",Коламбус Блю Джекетс , Лос-Анджелес Кингз ,3,4,
"10.02.2015, 04:00 ",Миннесота Уайлд , Ванкувер Кэнакс ,5,3,
"10.02.2015, 04:30 ",Чикаго Блэкхоукс , Аризона Койотс ,2,3,  Б 
"10.02.2015, 06:30 ",Сан-Хосе Шаркс , Калгари Флэймз ,1,4,
"11.02.2015, 03:00 ",Бостон Брюинз , Даллас Старз ,3,5,
"11.02.2015, 03:00 ",Баффало Сэйбрз , Оттава Сенаторз ,1,2,
"11.02.2015, 03:00 ",Нью-Йорк Айлендерс , Эдмонтон Ойлерз ,3,2,
"11.02.2015, 03:30 ",Торонто Мэйпл Лифс , Нью-Йорк Рейнджерс ,4,5,
"11.02.2015, 03:30 ",Монреаль Канадиенс , Филадельфия Флайерз ,2,1,  ОТ 
"11.02.2015, 03:30 ",Флорида Пантерз , Анахайм Дакс ,6,2,
"11.02.2015, 04:00 ",Сент-Луис Блюз , Аризона Койотс ,2,1,
"11.02.2015, 04:00 ",Нэшвилл Предаторз , Тампа-Бэй Лайтнинг ,3,2,  ОТ 
"11.02.2015, 04:00 ",Виннипег Джетс , Миннесота Уайлд ,2,1,  ОТ 
"12.02.2015, 04:00 ",Питтсбург Пингвинз , Детройт Ред Уингз ,4,1,
"12.02.2015, 04:00 ",Чикаго Блэкхоукс , Ванкувер Кэнакс ,4,5,  ОТ 
"12.02.2015, 06:30 ",Сан-Хосе Шаркс , Вашингтон Кэпиталз ,4,5,  ОТ 
"13.02.2015, 03:00 ",Нью-Йорк Айлендерс , Торонто Мэйпл Лифс ,3,2,
"13.02.2015, 03:00 ",Каролина Харрикейнз , Анахайм Дакс ,1,2,
"13.02.2015, 03:30 ",Монреаль Канадиенс , Эдмонтон Ойлерз ,3,4,  ОТ 
"13.02.2015, 03:30 ",Оттава Сенаторз , Питтсбург Пингвинз ,4,5,  Б 
"13.02.2015, 03:30 ",Тампа-Бэй Лайтнинг , Сент-Луис Блюз ,3,6,
"13.02.2015, 04:00 ",Нэшвилл Предаторз , Виннипег Джетс ,3,1,
"13.02.2015, 04:00 ",Миннесота Уайлд , Флорида Пантерз ,2,1,
"13.02.2015, 05:00 ",Колорадо Эвеланш , Нью-Йорк Рейнджерс ,3,6,
"13.02.2015, 06:30 ",Лос-Анджелес Кингз , Калгари Флэймз ,5,3,
"14.02.2015, 03:00 ",Коламбус Блю Джекетс , Филадельфия Флайерз ,4,3,  ОТ 
"14.02.2015, 04:30 ",Чикаго Блэкхоукс , Нью-Джерси Дэвилз ,3,1,
"14.02.2015, 04:30 ",Даллас Старз , Флорида Пантерз ,2,0,
"14.02.2015, 05:00 ",Аризона Койотс , Сан-Хосе Шаркс ,2,4,
"14.02.2015, 06:00 ",Ванкувер Кэнакс , Бостон Брюинз ,5,2,
"14.02.2015, 22:00 ",Оттава Сенаторз , Эдмонтон Ойлерз ,7,2,
"15.02.2015, 03:00 ",Монреаль Канадиенс , Торонто Мэйпл Лифс ,2,1,  Б 
"15.02.2015, 03:00 ",Детройт Ред Уингз , Виннипег Джетс ,4,5,  Б 
"15.02.2015, 03:00 ",Нью-Йорк Айлендерс , Коламбус Блю Джекетс ,6,3,
"15.02.2015, 04:00 ",Нэшвилл Предаторз , Нью-Джерси Дэвилз ,3,1,
"15.02.2015, 04:00 ",Миннесота Уайлд , Каролина Харрикейнз ,6,3,
"15.02.2015, 04:00 ",Аризона Койотс , Нью-Йорк Рейнджерс ,1,5,
"15.02.2015, 05:00 ",Колорадо Эвеланш , Даллас Старз ,4,1,
"15.02.2015, 06:00 ",Калгари Флэймз , Ванкувер Кэнакс ,3,2,
"15.02.2015, 06:00 ",Лос-Анджелес Кингз , Вашингтон Кэпиталз ,3,1,
"15.02.2015, 20:30 ",Чикаго Блэкхоукс , Питтсбург Пингвинз ,2,1,  Б 
"16.02.2015, 01:00 ",Флорида Пантерз , Сент-Луис Блюз ,1,2,  Б 
"16.02.2015, 03:30 ",Баффало Сэйбрз , Филадельфия Флайерз ,1,2,
"16.02.2015, 04:00 ",Анахайм Дакс , Вашингтон Кэпиталз ,3,5,
"16.02.2015, 04:00 ",Сан-Хосе Шаркс , Тампа-Бэй Лайтнинг ,2,5,
"17.02.2015, 03:00 ",Нью-Йорк Айлендерс , Нью-Йорк Рейнджерс ,5,6,
"17.02.2015, 03:30 ",Оттава Сенаторз , Каролина Харрикейнз ,3,6,
"17.02.2015, 03:30 ",Детройт Ред Уингз , Монреаль Канадиенс ,0,2,
"17.02.2015, 04:00 ",Виннипег Джетс , Эдмонтон Ойлерз ,5,4,  Б 
"17.02.2015, 05:00 ",Колорадо Эвеланш , Аризона Койотс ,5,2,
"17.02.2015, 05:00 ",Калгари Флэймз , Бостон Брюинз ,4,3,  ОТ 
"17.02.2015, 06:00 ",Ванкувер Кэнакс , Миннесота Уайлд ,3,2,
"17.02.2015, 06:30 ",Лос-Анджелес Кингз , Тампа-Бэй Лайтнинг ,3,2,
"18.02.2015, 03:00 ",Филадельфия Флайерз , Коламбус Блю Джекетс ,2,5,
"18.02.2015, 03:00 ",Питтсбург Пингвинз , Вашингтон Кэпиталз ,1,3,
"18.02.2015, 03:00 ",Каролина Харрикейнз , Нью-Йорк Айлендерс ,1,4,
"18.02.2015, 03:30 ",Нью-Джерси Дэвилз , Баффало Сэйбрз ,2,1,  Б 
"18.02.2015, 03:30 ",Торонто Мэйпл Лифс , Флорида Пантерз ,2,3,
"18.02.2015, 04:00 ",Сент-Луис Блюз , Даллас Старз ,1,4,
"18.02.2015, 04:00 ",Нэшвилл Предаторз , Сан-Хосе Шаркс ,5,1,
"19.02.2015, 03:00 ",Оттава Сенаторз , Монреаль Канадиенс ,4,2,
"19.02.2015, 03:30 ",Чикаго Блэкхоукс , Детройт Ред Уингз ,2,3,  Б 
"19.02.2015, 05:30 ",Калгари Флэймз , Миннесота Уайлд ,2,3,  ОТ 
"19.02.2015, 06:00 ",Колорадо Эвеланш , Лос-Анджелес Кингз ,1,4,
"19.02.2015, 06:00 ",Эдмонтон Ойлерз , Бостон Брюинз ,4,3,  Б 
"19.02.2015, 06:00 ",Анахайм Дакс , Тампа-Бэй Лайтнинг ,1,4,
"20.02.2015, 03:00 ",Нью-Йорк Айлендерс , Нэшвилл Предаторз ,5,2,
"20.02.2015, 03:00 ",Нью-Йорк Рейнджерс , Ванкувер Кэнакс ,4,5,  Б 
"20.02.2015, 03:00 ",Филадельфия Флайерз , Баффало Сэйбрз ,2,3,  Б 
"20.02.2015, 03:00 ",Питтсбург Пингвинз , Коламбус Блю Джекетс ,1,2,
"20.02.2015, 03:00 ",Вашингтон Кэпиталз , Виннипег Джетс ,5,1,
"20.02.2015, 03:30 ",Монреаль Канадиенс , Флорида Пантерз ,2,3,  Б 
"20.02.2015, 04:30 ",Даллас Старз , Сан-Хосе Шаркс ,2,5,
"21.02.2015, 03:00 ",Баффало Сэйбрз , Нью-Йорк Рейнджерс ,1,3,
"21.02.2015, 03:00 ",Нью-Джерси Дэвилз , Ванкувер Кэнакс ,4,2,
"21.02.2015, 03:00 ",Каролина Харрикейнз , Торонто Мэйпл Лифс ,2,1,
"21.02.2015, 04:00 ",Сент-Луис Блюз , Бостон Брюинз ,5,1,
"21.02.2015, 04:30 ",Чикаго Блэкхоукс , Колорадо Эвеланш ,1,4,
"21.02.2015, 05:00 ",Калгари Флэймз , Анахайм Дакс ,3,6,
"21.02.2015, 05:00 ",Эдмонтон Ойлерз , Миннесота Уайлд ,0,4,
"21.02.2015, 20:30 ",Вашингтон Кэпиталз , Нью-Йорк Айлендерс ,3,2,  Б 
"21.02.2015, 21:00 ",Филадельфия Флайерз , Нэшвилл Предаторз ,3,2,  Б 
"22.02.2015, 03:00 ",Торонто Мэйпл Лифс , Виннипег Джетс ,4,3,  ОТ 
"22.02.2015, 03:00 ",Монреаль Канадиенс , Коламбус Блю Джекетс ,3,1,
"22.02.2015, 03:00 ",Оттава Сенаторз , Флорида Пантерз ,4,1,
"22.02.2015, 03:00 ",Нью-Джерси Дэвилз , Каролина Харрикейнз ,3,1,
"22.02.2015, 03:00 ",Эдмонтон Ойлерз , Анахайм Дакс ,1,2,
"22.02.2015, 04:00 ",Сент-Луис Блюз , Питтсбург Пингвинз ,2,4,
"22.02.2015, 04:00 ",Даллас Старз , Детройт Ред Уингз ,6,7,  ОТ 
"22.02.2015, 04:00 ",Аризона Койотс , Тампа-Бэй Лайтнинг ,2,4,
"22.02.2015, 06:00 ",Сан-Хосе Шаркс , Лос-Анджелес Кингз ,1,2,
"22.02.2015, 20:30 ",Филадельфия Флайерз , Вашингтон Кэпиталз ,3,2,
"22.02.2015, 23:30 ",Чикаго Блэкхоукс , Бостон Брюинз ,2,6,
"23.02.2015, 02:00 ",Баффало Сэйбрз , Нэшвилл Предаторз ,1,2,  Б 
"23.02.2015, 02:00 ",Нью-Йорк Айлендерс , Ванкувер Кэнакс ,0,4,
"23.02.2015, 02:00 ",Питтсбург Пингвинз , Флорида Пантерз ,5,1,
"23.02.2015, 03:00 ",Колорадо Эвеланш , Тампа-Бэй Лайтнинг ,5,4,
"23.02.2015, 03:30 ",Нью-Йорк Рейнджерс , Коламбус Блю Джекетс ,4,3,  Б 
"23.02.2015, 04:00 ",Миннесота Уайлд , Даллас Старз ,6,2,
"24.02.2015, 03:00 ",Нью-Джерси Дэвилз , Аризона Койотс ,3,0,
"24.02.2015, 06:00 ",Анахайм Дакс , Детройт Ред Уингз ,4,3,  Б 
"25.02.2015, 03:00 ",Бостон Брюинз , Ванкувер Кэнакс ,1,2,
"25.02.2015, 03:00 ",Нью-Йорк Айлендерс , Аризона Койотс ,5,1,
"25.02.2015, 03:00 ",Нью-Йорк Рейнджерс , Калгари Флэймз ,1,0,
"25.02.2015, 03:00 ",Каролина Харрикейнз , Филадельфия Флайерз ,4,1,
"25.02.2015, 03:00 ",Коламбус Блю Джекетс , Баффало Сэйбрз ,2,4,
"25.02.2015, 04:00 ",Сент-Луис Блюз , Монреаль Канадиенс ,2,5,
"25.02.2015, 04:00 ",Нэшвилл Предаторз , Колорадо Эвеланш ,5,2,
"25.02.2015, 04:00 ",Миннесота Уайлд , Эдмонтон Ойлерз ,1,2,
"25.02.2015, 04:00 ",Виннипег Джетс , Даллас Старз ,4,2,
"25.02.2015, 04:30 ",Чикаго Блэкхоукс , Флорида Пантерз ,3,2,  Б 
"25.02.2015, 06:30 ",Лос-Анджелес Кингз , Детройт Ред Уингз ,1,0,
"26.02.2015, 03:30 ",Нью-Джерси Дэвилз , Калгари Флэймз ,1,3,
"26.02.2015, 04:00 ",Вашингтон Кэпиталз , Питтсбург Пингвинз ,3,4,
"26.02.2015, 06:00 ",Анахайм Дакс , Оттава Сенаторз ,0,3,
"27.02.2015, 03:00 ",Баффало Сэйбрз , Ванкувер Кэнакс ,6,3,
"27.02.2015, 03:00 ",Нью-Йорк Рейнджерс , Аризона Койотс ,4,3,
"27.02.2015, 03:00 ",Коламбус Блю Джекетс , Монреаль Канадиенс ,2,5,
"27.02.2015, 03:30 ",Торонто Мэйпл Лифс , Филадельфия Флайерз ,3,2,
"27.02.2015, 03:30 ",Флорида Пантерз , Чикаго Блэкхоукс ,0,3,
"27.02.2015, 04:00 ",Виннипег Джетс , Сент-Луис Блюз ,1,2,  Б 
"27.02.2015, 04:30 ",Нэшвилл Предаторз , Миннесота Уайлд ,2,4,
"27.02.2015, 06:30 ",Лос-Анджелес Кингз , Оттава Сенаторз ,0,1,
"27.02.2015, 06:30 ",Сан-Хосе Шаркс , Детройт Ред Уингз ,2,3,
"28.02.2015, 03:00 ",Нью-Джерси Дэвилз , Бостон Брюинз ,2,3,  ОТ 
"28.02.2015, 03:00 ",Нью-Йорк Айлендерс , Калгари Флэймз ,2,1,
"28.02.2015, 03:00 ",Каролина Харрикейнз , Вашингтон Кэпиталз ,3,0,
"28.02.2015, 03:30 ",Тампа-Бэй Лайтнинг , Чикаго Блэкхоукс ,4,0,
"28.02.2015, 04:30 ",Даллас Старз , Колорадо Эвеланш ,4,5,  Б 
"28.02.2015, 06:00 ",Анахайм Дакс , Лос-Анджелес Кингз ,4,2,
"28.02.2015, 23:00 ",Флорида Пантерз , Баффало Сэйбрз ,5,3,
"28.02.2015, 23:00 ",Нэшвилл Предаторз , Детройт Ред Уингз ,3,4,
"01.03.2015, 01:00 ",Нью-Йорк Айлендерс , Каролина Харрикейнз ,3,5,
"01.03.2015, 01:00 ",Коламбус Блю Джекетс , Нью-Джерси Дэвилз ,0,2,
"01.03.2015, 01:30 ",Бостон Брюинз , Аризона Койотс ,4,1,
"01.03.2015, 03:00 ",Монреаль Канадиенс , Торонто Мэйпл Лифс ,4,0,
"01.03.2015, 04:00 ",Филадельфия Флайерз , Нью-Йорк Рейнджерс ,4,2,
"01.03.2015, 06:00 ",Колорадо Эвеланш , Миннесота Уайлд ,1,3,
"01.03.2015, 06:00 ",Эдмонтон Ойлерз , Сент-Луис Блюз ,1,2,
"01.03.2015, 06:00 ",Сан-Хосе Шаркс , Оттава Сенаторз ,2,4,
"02.03.2015, 00:00 ",Виннипег Джетс , Лос-Анджелес Кингз ,5,2,
"02.03.2015, 01:00 ",Флорида Пантерз , Тампа-Бэй Лайтнинг ,4,3,
"02.03.2015, 01:00 ",Питтсбург Пингвинз , Коламбус Блю Джекетс ,5,3,
"02.03.2015, 03:00 ",Вашингтон Кэпиталз , Торонто Мэйпл Лифс ,4,0,
"02.03.2015, 04:00 ",Даллас Старз , Анахайм Дакс ,1,3,
"02.03.2015, 05:30 ",Ванкувер Кэнакс , Сент-Луис Блюз ,6,5,  Б 
"03.03.2015, 03:00 ",Нью-Йорк Рейнджерс , Нэшвилл Предаторз ,4,1,
"03.03.2015, 04:30 ",Чикаго Блэкхоукс , Каролина Харрикейнз ,5,2,
"03.03.2015, 06:00 ",Сан-Хосе Шаркс , Монреаль Канадиенс ,4,0,
"04.03.2015, 03:00 ",Нью-Джерси Дэвилз , Нэшвилл Предаторз ,3,1,
"04.03.2015, 03:00 ",Филадельфия Флайерз , Калгари Флэймз ,2,3,  ОТ 
"04.03.2015, 03:00 ",Коламбус Блю Джекетс , Вашингтон Кэпиталз ,3,5,
"04.03.2015, 03:30 ",Тампа-Бэй Лайтнинг , Баффало Сэйбрз ,3,0,
"04.03.2015, 03:30 ",Флорида Пантерз , Торонто Мэйпл Лифс ,2,3,
"04.03.2015, 04:00 ",Миннесота Уайлд , Оттава Сенаторз ,3,2,  Б 
"04.03.2015, 04:30 ",Даллас Старз , Нью-Йорк Айлендерс ,3,2,  ОТ 
"04.03.2015, 05:00 ",Аризона Койотс , Анахайм Дакс ,1,4,
"04.03.2015, 05:30 ",Эдмонтон Ойлерз , Лос-Анджелес Кингз ,2,5,
"04.03.2015, 06:00 ",Ванкувер Кэнакс , Сан-Хосе Шаркс ,2,6,
"05.03.2015, 03:30 ",Виннипег Джетс , Оттава Сенаторз ,1,3,
"05.03.2015, 04:00 ",Детройт Ред Уингз , Нью-Йорк Рейнджерс ,2,1,  ОТ 
"05.03.2015, 06:00 ",Колорадо Эвеланш , Питтсбург Пингвинз ,3,1,
"05.03.2015, 06:00 ",Анахайм Дакс , Монреаль Канадиенс ,3,1,
"06.03.2015, 03:00 ",Бостон Брюинз , Калгари Флэймз ,3,4,  Б 
"06.03.2015, 03:00 ",Филадельфия Флайерз , Сент-Луис Блюз ,3,1,
"06.03.2015, 03:00 ",Вашингтон Кэпиталз , Миннесота Уайлд ,1,2,
"06.03.2015, 03:30 ",Тампа-Бэй Лайтнинг , Торонто Мэйпл Лифс ,4,2,
"06.03.2015, 03:30 ",Флорида Пантерз , Даллас Старз ,3,4,  Б 
"06.03.2015, 04:00 ",Нэшвилл Предаторз , Нью-Йорк Айлендерс ,3,4,
"06.03.2015, 05:00 ",Аризона Койотс , Ванкувер Кэнакс ,3,2,  Б 
"06.03.2015, 06:30 ",Лос-Анджелес Кингз , Монреаль Канадиенс ,4,3,  Б 
"07.03.2015, 03:00 ",Нью-Джерси Дэвилз , Коламбус Блю Джекетс ,2,3,
"07.03.2015, 03:00 ",Каролина Харрикейнз , Миннесота Уайлд ,1,3,
"07.03.2015, 03:30 ",Оттава Сенаторз , Баффало Сэйбрз ,3,2,
"07.03.2015, 03:30 ",Детройт Ред Уингз , Калгари Флэймз ,2,5,
"07.03.2015, 04:30 ",Чикаго Блэкхоукс , Эдмонтон Ойлерз ,2,1,  Б 
"07.03.2015, 06:00 ",Анахайм Дакс , Питтсбург Пингвинз ,2,5,
"07.03.2015, 21:00 ",Бостон Брюинз , Филадельфия Флайерз ,3,2,  ОТ 
"08.03.2015, 03:00 ",Торонто Мэйпл Лифс , Сент-Луис Блюз ,1,6,
"08.03.2015, 03:00 ",Тампа-Бэй Лайтнинг , Даллас Старз ,5,4,
"08.03.2015, 03:00 ",Флорида Пантерз , Нью-Йорк Айлендерс ,4,3,  Б 
"08.03.2015, 03:00 ",Вашингтон Кэпиталз , Баффало Сэйбрз ,6,1,
"08.03.2015, 03:00 ",Коламбус Блю Джекетс , Колорадо Эвеланш ,0,4,
"08.03.2015, 03:00 ",Нэшвилл Предаторз , Виннипег Джетс ,1,3,
"08.03.2015, 03:00 ",Аризона Койотс , Монреаль Канадиенс ,0,2,
"08.03.2015, 06:00 ",Лос-Анджелес Кингз , Питтсбург Пингвинз ,0,1,  ОТ 
"08.03.2015, 06:00 ",Сан-Хосе Шаркс , Ванкувер Кэнакс ,2,3,
"08.03.2015, 19:30 ",Бостон Брюинз , Детройт Ред Уингз ,5,3,
"08.03.2015, 22:00 ",Каролина Харрикейнз , Эдмонтон Ойлерз ,7,4,
"09.03.2015, 00:00 ",Нью-Джерси Дэвилз , Филадельфия Флайерз ,5,2,
"09.03.2015, 01:00 ",Миннесота Уайлд , Колорадо Эвеланш ,2,3,
"09.03.2015, 02:00 ",Оттава Сенаторз , Калгари Флэймз ,5,4,  Б 
"09.03.2015, 02:30 ",Чикаго Блэкхоукс , Нью-Йорк Рейнджерс ,0,1,  ОТ 
"10.03.2015, 02:30 ",Торонто Мэйпл Лифс , Нью-Йорк Айлендерс ,3,4,  ОТ 
"10.03.2015, 02:30 ",Детройт Ред Уингз , Эдмонтон Ойлерз ,5,2,
"10.03.2015, 05:00 ",Ванкувер Кэнакс , Анахайм Дакс ,2,1,
"10.03.2015, 05:00 ",Аризона Койотс , Нэшвилл Предаторз ,1,2,  ОТ 
"10.03.2015, 05:30 ",Сан-Хосе Шаркс , Питтсбург Пингвинз ,2,1,  Б 
"11.03.2015, 02:00 ",Нью-Йорк Айлендерс , Нью-Йорк Рейнджерс ,1,2,
"11.03.2015, 02:00 ",Филадельфия Флайерз , Даллас Старз ,1,2,
"11.03.2015, 02:00 ",Каролина Харрикейнз , Коламбус Блю Джекетс ,3,4,  Б 
"11.03.2015, 02:30 ",Монреаль Канадиенс , Тампа-Бэй Лайтнинг ,0,1,  ОТ 
"11.03.2015, 02:30 ",Оттава Сенаторз , Бостон Брюинз ,1,3,
"11.03.2015, 03:00 ",Сент-Луис Блюз , Виннипег Джетс ,5,4,
"11.03.2015, 03:00 ",Миннесота Уайлд , Нью-Джерси Дэвилз ,6,2,
"11.03.2015, 04:00 ",Колорадо Эвеланш , Лос-Анджелес Кингз ,2,5,
"12.03.2015, 02:00 ",Торонто Мэйпл Лифс , Баффало Сэйбрз ,4,3,  Б 
"12.03.2015, 03:00 ",Вашингтон Кэпиталз , Нью-Йорк Рейнджерс ,1,3,
"12.03.2015, 04:30 ",Калгари Флэймз , Анахайм Дакс ,6,3,
"13.03.2015, 02:00 ",Бостон Брюинз , Тампа-Бэй Лайтнинг ,3,2,  Б 
"13.03.2015, 02:00 ",Питтсбург Пингвинз , Эдмонтон Ойлерз ,6,4,
"13.03.2015, 02:00 ",Каролина Харрикейнз , Даллас Старз ,3,5,
"13.03.2015, 02:30 ",Монреаль Канадиенс , Оттава Сенаторз ,2,5,
"13.03.2015, 02:30 ",Детройт Ред Уингз , Коламбус Блю Джекетс ,1,3,
"13.03.2015, 02:30 ",Флорида Пантерз , Виннипег Джетс ,4,2,
"13.03.2015, 03:00 ",Сент-Луис Блюз , Филадельфия Флайерз ,1,0,  Б 
"13.03.2015, 04:00 ",Колорадо Эвеланш , Нью-Джерси Дэвилз ,2,1,  Б 
"13.03.2015, 05:00 ",Ванкувер Кэнакс , Лос-Анджелес Кингз ,0,4,
"13.03.2015, 05:00 ",Аризона Койотс , Чикаго Блэкхоукс ,1,2,
"13.03.2015, 05:30 ",Сан-Хосе Шаркс , Нэшвилл Предаторз ,2,0,
"14.03.2015, 02:00 ",Нью-Йорк Айлендерс , Оттава Сенаторз ,1,2,
"14.03.2015, 02:00 ",Вашингтон Кэпиталз , Даллас Старз ,2,4,
"14.03.2015, 02:00 ",Коламбус Блю Джекетс , Эдмонтон Ойлерз ,5,4,  Б 
"14.03.2015, 03:00 ",Миннесота Уайлд , Анахайм Дакс ,1,2,
"14.03.2015, 03:00 ",Калгари Флэймз , Торонто Мэйпл Лифс ,6,3,
"14.03.2015, 20:00 ",Филадельфия Флайерз , Детройт Ред Уингз ,7,2,
"14.03.2015, 20:00 ",Питтсбург Пингвинз , Бостон Брюинз ,0,2,
"14.03.2015, 23:00 ",Сан-Хосе Шаркс , Чикаго Блэкхоукс ,2,6,
"15.03.2015, 02:00 ",Баффало Сэйбрз , Нью-Йорк Рейнджерс ,0,2,
"15.03.2015, 02:00 ",Тампа-Бэй Лайтнинг , Виннипег Джетс ,1,2,
"15.03.2015, 02:00 ",Нью-Йорк Айлендерс , Монреаль Канадиенс ,1,3,
"15.03.2015, 02:00 ",Каролина Харрикейнз , Флорида Пантерз ,0,2,
"15.03.2015, 02:00 ",Ванкувер Кэнакс , Торонто Мэйпл Лифс ,4,1,
"15.03.2015, 03:00 ",Сент-Луис Блюз , Миннесота Уайлд ,1,3,
"15.03.2015, 04:00 ",Аризона Койотс , Нью-Джерси Дэвилз ,1,4,
"15.03.2015, 05:00 ",Колорадо Эвеланш , Калгари Флэймз ,3,2,
"15.03.2015, 05:00 ",Лос-Анджелес Кингз , Нэшвилл Предаторз ,1,2,
"15.03.2015, 19:30 ",Питтсбург Пингвинз , Детройт Ред Уингз ,1,5,
"16.03.2015, 00:00 ",Нью-Йорк Рейнджерс , Флорида Пантерз ,2,1,
"16.03.2015, 00:00 ",Коламбус Блю Джекетс , Каролина Харрикейнз ,2,3,
"16.03.2015, 01:00 ",Даллас Старз , Сент-Луис Блюз ,0,3,
"16.03.2015, 02:00 ",Оттава Сенаторз , Филадельфия Флайерз ,2,1,  Б 
"16.03.2015, 02:30 ",Вашингтон Кэпиталз , Бостон Брюинз ,2,0,
"16.03.2015, 03:00 ",Анахайм Дакс , Нэшвилл Предаторз ,4,2,
"17.03.2015, 02:00 ",Баффало Сэйбрз , Вашингтон Кэпиталз ,3,4,  Б 
"17.03.2015, 02:30 ",Тампа-Бэй Лайтнинг , Монреаль Канадиенс ,4,2,
"17.03.2015, 04:30 ",Эдмонтон Ойлерз , Торонто Мэйпл Лифс ,4,1,
"17.03.2015, 05:30 ",Лос-Анджелес Кингз , Аризона Койотс ,1,0,
"18.03.2015, 02:00 ",Нью-Джерси Дэвилз , Питтсбург Пингвинз ,2,0,
"18.03.2015, 02:00 ",Каролина Харрикейнз , Оттава Сенаторз ,1,2,  ОТ 
"18.03.2015, 02:30 ",Бостон Брюинз , Баффало Сэйбрз ,1,2,  Б 
"18.03.2015, 02:30 ",Флорида Пантерз , Монреаль Канадиенс ,2,3,
"18.03.2015, 03:00 ",Нэшвилл Предаторз , Миннесота Уайлд ,2,3,  ОТ 
"18.03.2015, 03:00 ",Виннипег Джетс , Сан-Хосе Шаркс ,5,2,
"18.03.2015, 03:30 ",Чикаго Блэкхоукс , Нью-Йорк Айлендерс ,4,1,
"18.03.2015, 04:00 ",Калгари Флэймз , Сент-Луис Блюз ,0,4,
"18.03.2015, 05:00 ",Ванкувер Кэнакс , Филадельфия Флайерз ,4,1,
"19.03.2015, 03:00 ",Нью-Йорк Рейнджерс , Чикаго Блэкхоукс ,0,1,
"19.03.2015, 05:00 ",Эдмонтон Ойлерз , Коламбус Блю Джекетс ,3,4,  Б 
"19.03.2015, 05:30 ",Анахайм Дакс , Лос-Анджелес Кингз ,3,2,  ОТ 
"20.03.2015, 02:30 ",Торонто Мэйпл Лифс , Сан-Хосе Шаркс ,1,4,
"20.03.2015, 02:30 ",Монреаль Канадиенс , Каролина Харрикейнз ,4,0,
"20.03.2015, 02:30 ",Оттава Сенаторз , Бостон Брюинз ,6,4,
"20.03.2015, 02:30 ",Флорида Пантерз , Детройт Ред Уингз ,3,1,
"20.03.2015, 03:00 ",Миннесота Уайлд , Вашингтон Кэпиталз ,2,3,
"20.03.2015, 03:00 ",Виннипег Джетс , Сент-Луис Блюз ,2,1,  Б 
"20.03.2015, 03:30 ",Даллас Старз , Питтсбург Пингвинз ,2,1,
"20.03.2015, 04:00 ",Калгари Флэймз , Филадельфия Флайерз ,4,1,
"20.03.2015, 05:00 ",Ванкувер Кэнакс , Коламбус Блю Джекетс ,2,6,
"20.03.2015, 05:00 ",Аризона Койотс , Колорадо Эвеланш ,2,5,
"21.03.2015, 02:00 ",Баффало Сэйбрз , Нью-Джерси Дэвилз ,1,3,
"21.03.2015, 02:30 ",Тампа-Бэй Лайтнинг , Детройт Ред Уингз ,3,1,
"21.03.2015, 05:00 ",Анахайм Дакс , Колорадо Эвеланш ,3,2,  ОТ 
"21.03.2015, 21:00 ",Миннесота Уайлд , Сент-Луис Блюз ,6,3,
"21.03.2015, 23:00 ",Калгари Флэймз , Коламбус Блю Джекетс ,2,3,  ОТ 
"21.03.2015, 23:00 ",Лос-Анджелес Кингз , Ванкувер Кэнакс ,1,4,
"22.03.2015, 02:00 ",Монреаль Канадиенс , Сан-Хосе Шаркс ,2,0,
"22.03.2015, 02:00 ",Оттава Сенаторз , Торонто Мэйпл Лифс ,5,3,
"22.03.2015, 02:00 ",Флорида Пантерз , Бостон Брюинз ,2,1,  Б 
"22.03.2015, 02:00 ",Нью-Джерси Дэвилз , Нью-Йорк Айлендерс ,0,3,
"22.03.2015, 02:00 ",Каролина Харрикейнз , Нью-Йорк Рейнджерс ,2,3,  Б 
"22.03.2015, 02:00 ",Виннипег Джетс , Вашингтон Кэпиталз ,3,0,
"22.03.2015, 03:00 ",Нэшвилл Предаторз , Баффало Сэйбрз ,3,0,
"22.03.2015, 03:00 ",Даллас Старз , Чикаго Блэкхоукс ,4,0,
"22.03.2015, 04:00 ",Аризона Койотс , Питтсбург Пингвинз ,1,3,
"22.03.2015, 05:00 ",Эдмонтон Ойлерз , Филадельфия Флайерз ,5,4,  ОТ 
"22.03.2015, 19:00 ",Детройт Ред Уингз , Сент-Луис Блюз ,2,1,  ОТ 
"23.03.2015, 00:00 ",Тампа-Бэй Лайтнинг , Бостон Брюинз ,5,3,
"23.03.2015, 02:30 ",Нью-Йорк Рейнджерс , Анахайм Дакс ,7,2,
"23.03.2015, 03:00 ",Аризона Койотс , Ванкувер Кэнакс ,1,3,
"24.03.2015, 02:00 ",Нью-Джерси Дэвилз , Лос-Анджелес Кингз ,1,3,
"24.03.2015, 02:00 ",Каролина Харрикейнз , Чикаго Блэкхоукс ,1,3,
"24.03.2015, 02:30 ",Торонто Мэйпл Лифс , Миннесота Уайлд ,1,2,
"24.03.2015, 02:30 ",Оттава Сенаторз , Сан-Хосе Шаркс ,5,2,
"24.03.2015, 03:30 ",Даллас Старз , Баффало Сэйбрз ,4,3,
"24.03.2015, 04:00 ",Калгари Флэймз , Колорадо Эвеланш ,3,2,
"24.03.2015, 04:30 ",Эдмонтон Ойлерз , Виннипег Джетс ,1,4,
"25.03.2015, 02:00 ",Нью-Йорк Айлендерс , Миннесота Уайлд ,1,2,  Б 
"25.03.2015, 02:00 ",Нью-Йорк Рейнджерс , Лос-Анджелес Кингз ,2,4,
"25.03.2015, 02:00 ",Питтсбург Пингвинз , Сент-Луис Блюз ,2,3,  ОТ 
"25.03.2015, 02:00 ",Коламбус Блю Джекетс , Анахайм Дакс ,5,3,
"25.03.2015, 02:30 ",Детройт Ред Уингз , Аризона Койотс ,4,5,  ОТ 
"25.03.2015, 02:30 ",Тампа-Бэй Лайтнинг , Флорида Пантерз ,4,3,
"25.03.2015, 03:00 ",Нэшвилл Предаторз , Монреаль Канадиенс ,3,2,  ОТ 
"25.03.2015, 05:00 ",Ванкувер Кэнакс , Виннипег Джетс ,5,2,
"26.03.2015, 03:00 ",Филадельфия Флайерз , Чикаго Блэкхоукс ,4,1,
"26.03.2015, 03:00 ",Эдмонтон Ойлерз , Колорадо Эвеланш ,4,3,
"26.03.2015, 05:00 ",Калгари Флэймз , Даллас Старз ,3,4,  Б 
"27.03.2015, 02:00 ",Бостон Брюинз , Анахайм Дакс ,2,3,  ОТ 
"27.03.2015, 02:00 ",Баффало Сэйбрз , Аризона Койотс ,3,4,  ОТ 
"27.03.2015, 02:00 ",Нью-Йорк Айлендерс , Лос-Анджелес Кингз ,2,3,
"27.03.2015, 02:00 ",Вашингтон Кэпиталз , Нью-Джерси Дэвилз ,3,2,  ОТ 
"27.03.2015, 02:00 ",Каролина Харрикейнз , Питтсбург Пингвинз ,5,2,
"27.03.2015, 02:30 ",Торонто Мэйпл Лифс , Флорида Пантерз ,1,4,
"27.03.2015, 02:30 ",Оттава Сенаторз , Нью-Йорк Рейнджерс ,1,5,
"27.03.2015, 02:30 ",Детройт Ред Уингз , Сан-Хосе Шаркс ,4,6,
"27.03.2015, 02:30 ",Тампа-Бэй Лайтнинг , Нэшвилл Предаторз ,2,3,
"27.03.2015, 03:00 ",Виннипег Джетс , Монреаль Канадиенс ,5,2,
"27.03.2015, 05:00 ",Ванкувер Кэнакс , Колорадо Эвеланш ,1,4,
"28.03.2015, 03:00 ",Миннесота Уайлд , Калгари Флэймз ,4,2,
"28.03.2015, 03:30 ",Чикаго Блэкхоукс , Коламбус Блю Джекетс ,2,5,
"28.03.2015, 04:30 ",Эдмонтон Ойлерз , Даллас Старз ,4,0,
"28.03.2015, 19:30 ",Вашингтон Кэпиталз , Нэшвилл Предаторз ,3,4,
"28.03.2015, 20:00 ",Бостон Брюинз , Нью-Йорк Рейнджерс ,4,2,
"28.03.2015, 20:00 ",Нью-Йорк Айлендерс , Анахайм Дакс ,2,3,
"28.03.2015, 20:00 ",Филадельфия Флайерз , Сан-Хосе Шаркс ,2,3,  Б 
"28.03.2015, 20:00 ",Питтсбург Пингвинз , Аризона Койотс ,3,2,
"28.03.2015, 21:00 ",Детройт Ред Уингз , Тампа-Бэй Лайтнинг ,4,0,
"29.03.2015, 02:00 ",Торонто Мэйпл Лифс , Оттава Сенаторз ,4,3,  ОТ 
"29.03.2015, 02:00 ",Монреаль Канадиенс , Флорида Пантерз ,3,2,  ОТ 
"29.03.2015, 02:00 ",Каролина Харрикейнз , Нью-Джерси Дэвилз ,3,1,
"29.03.2015, 03:00 ",Сент-Луис Блюз , Коламбус Блю Джекетс ,2,4,
"29.03.2015, 03:00 ",Миннесота Уайлд , Лос-Анджелес Кингз ,4,1,
"29.03.2015, 04:00 ",Колорадо Эвеланш , Баффало Сэйбрз ,5,3,
"29.03.2015, 05:00 ",Ванкувер Кэнакс , Даллас Старз ,3,4,  ОТ 
"29.03.2015, 22:00 ",Нью-Йорк Рейнджерс , Вашингтон Кэпиталз ,2,5,
"30.03.2015, 00:00 ",Оттава Сенаторз , Флорида Пантерз ,2,4,
"30.03.2015, 00:00 ",Нью-Йорк Айлендерс , Детройт Ред Уингз ,5,4,
"30.03.2015, 00:00 ",Каролина Харрикейнз , Бостон Брюинз ,1,2,  ОТ 
"30.03.2015, 00:00 ",Нэшвилл Предаторз , Калгари Флэймз ,2,5,
"30.03.2015, 02:00 ",Нью-Джерси Дэвилз , Анахайм Дакс ,1,2,
"30.03.2015, 02:30 ",Питтсбург Пингвинз , Сан-Хосе Шаркс ,3,2,  Б 
"30.03.2015, 02:30 ",Виннипег Джетс , Чикаго Блэкхоукс ,3,4,
"31.03.2015, 02:30 ",Монреаль Канадиенс , Тампа-Бэй Лайтнинг ,3,5,
"31.03.2015, 03:00 ",Сент-Луис Блюз , Ванкувер Кэнакс ,1,4,
"31.03.2015, 03:30 ",Чикаго Блэкхоукс , Лос-Анджелес Кингз ,4,1,
"31.03.2015, 03:30 ",Даллас Старз , Калгари Флэймз ,3,5,
"31.03.2015, 04:00 ",Колорадо Эвеланш , Эдмонтон Ойлерз ,1,4,
"31.03.2015, 05:00 ",Аризона Койотс , Баффало Сэйбрз ,1,4,
"01.04.2015, 02:00 ",Бостон Брюинз , Флорида Пантерз ,3,2,
"01.04.2015, 02:00 ",Вашингтон Кэпиталз , Каролина Харрикейнз ,4,2,
"01.04.2015, 02:00 ",Коламбус Блю Джекетс , Нью-Джерси Дэвилз ,3,2,  ОТ 
"01.04.2015, 02:30 ",Торонто Мэйпл Лифс , Тампа-Бэй Лайтнинг ,3,1,
"01.04.2015, 02:30 ",Детройт Ред Уингз , Оттава Сенаторз ,1,2,  Б 
"01.04.2015, 03:00 ",Нэшвилл Предаторз , Ванкувер Кэнакс ,4,5,  Б 
"01.04.2015, 03:00 ",Виннипег Джетс , Нью-Йорк Рейнджерс ,2,3,
"02.04.2015, 02:30 ",Баффало Сэйбрз , Торонто Мэйпл Лифс ,4,3,
"02.04.2015, 03:00 ",Питтсбург Пингвинз , Филадельфия Флайерз ,1,4,
"02.04.2015, 05:00 ",Анахайм Дакс , Эдмонтон Ойлерз ,5,1,
"02.04.2015, 05:30 ",Сан-Хосе Шаркс , Колорадо Эвеланш ,5,1,
"03.04.2015, 02:00 ",Коламбус Блю Джекетс , Нью-Йорк Айлендерс ,4,3,  Б 
"03.04.2015, 02:30 ",Монреаль Канадиенс , Вашингтон Кэпиталз ,4,5,  Б 
"03.04.2015, 02:30 ",Оттава Сенаторз , Тампа-Бэй Лайтнинг ,2,1,  ОТ 
"03.04.2015, 02:30 ",Детройт Ред Уингз , Бостон Брюинз ,2,3,
"03.04.2015, 02:30 ",Флорида Пантерз , Каролина Харрикейнз ,6,1,
"03.04.2015, 03:00 ",Сент-Луис Блюз , Калгари Флэймз ,4,1,
"03.04.2015, 03:00 ",Миннесота Уайлд , Нью-Йорк Рейнджерс ,2,3,
"03.04.2015, 03:30 ",Чикаго Блэкхоукс , Ванкувер Кэнакс ,3,1,
"03.04.2015, 05:30 ",Лос-Анджелес Кингз , Эдмонтон Ойлерз ,8,2,
"04.04.2015, 02:00 ",Баффало Сэйбрз , Чикаго Блэкхоукс ,3,4,
"04.04.2015, 02:00 ",Нью-Джерси Дэвилз , Монреаль Канадиенс ,3,2,  Б 
"04.04.2015, 03:30 ",Даллас Старз , Сент-Луис Блюз ,5,7,
"04.04.2015, 05:00 ",Анахайм Дакс , Колорадо Эвеланш ,2,4,
"04.04.2015, 05:00 ",Сан-Хосе Шаркс , Аризона Койотс ,3,1,
"04.04.2015, 20:00 ",Каролина Харрикейнз , Филадельфия Флайерз ,3,2,  Б 
"04.04.2015, 21:00 ",Коламбус Блю Джекетс , Питтсбург Пингвинз ,5,3,
"04.04.2015, 22:00 ",Виннипег Джетс , Ванкувер Кэнакс ,5,4,
"05.04.2015, 02:00 ",Бостон Брюинз , Торонто Мэйпл Лифс ,2,1,  Б 
"05.04.2015, 02:00 ",Оттава Сенаторз , Вашингтон Кэпиталз ,4,3,  ОТ 
"05.04.2015, 02:00 ",Флорида Пантерз , Тампа-Бэй Лайтнинг ,0,4,
"05.04.2015, 02:00 ",Нью-Йорк Айлендерс , Баффало Сэйбрз ,3,0,
"05.04.2015, 02:00 ",Нью-Йорк Рейнджерс , Нью-Джерси Дэвилз ,6,1,
"05.04.2015, 02:00 ",Миннесота Уайлд , Детройт Ред Уингз ,2,3,  Б 
"05.04.2015, 03:00 ",Нэшвилл Предаторз , Даллас Старз ,3,4,  ОТ 
"05.04.2015, 04:00 ",Аризона Койотс , Сан-Хосе Шаркс ,5,3,
"05.04.2015, 05:00 ",Эдмонтон Ойлерз , Калгари Флэймз ,0,4,
"05.04.2015, 05:00 ",Лос-Анджелес Кингз , Колорадо Эвеланш ,3,1,
"05.04.2015, 19:30 ",Филадельфия Флайерз , Питтсбург Пингвинз ,4,1,
"06.04.2015, 00:00 ",Детройт Ред Уингз , Вашингтон Кэпиталз ,1,2,
"06.04.2015, 00:00 ",Флорида Пантерз , Монреаль Канадиенс ,1,4,
"06.04.2015, 02:30 ",Торонто Мэйпл Лифс , Оттава Сенаторз ,3,2,  Б 
"06.04.2015, 02:30 ",Чикаго Блэкхоукс , Сент-Луис Блюз ,1,2,
"07.04.2015, 02:00 ",Баффало Сэйбрз , Каролина Харрикейнз ,4,3,
"07.04.2015, 02:00 ",Нью-Йорк Рейнджерс , Коламбус Блю Джекетс ,4,3,  ОТ 
"07.04.2015, 03:00 ",Миннесота Уайлд , Виннипег Джетс ,0,2,
"07.04.2015, 05:00 ",Ванкувер Кэнакс , Лос-Анджелес Кингз ,2,1,  Б 
"07.04.2015, 05:30 ",Сан-Хосе Шаркс , Даллас Старз ,1,5,
"08.04.2015, 02:00 ",Нью-Джерси Дэвилз , Нью-Йорк Рейнджерс ,2,4,
"08.04.2015, 02:00 ",Филадельфия Флайерз , Нью-Йорк Айлендерс ,5,4,
"08.04.2015, 02:30 ",Оттава Сенаторз , Питтсбург Пингвинз ,4,3,  ОТ 
"08.04.2015, 02:30 ",Детройт Ред Уингз , Каролина Харрикейнз ,3,2,
"08.04.2015, 03:00 ",Сент-Луис Блюз , Виннипег Джетс ,0,1,
"08.04.2015, 03:30 ",Чикаго Блэкхоукс , Миннесота Уайлд ,1,2,
"08.04.2015, 04:00 ",Колорадо Эвеланш , Нэшвилл Предаторз ,3,2,
"08.04.2015, 04:00 ",Калгари Флэймз , Аризона Койотс ,3,2,
"08.04.2015, 04:30 ",Эдмонтон Ойлерз , Лос-Анджелес Кингз ,4,2,
"09.04.2015, 02:30 ",Коламбус Блю Джекетс , Торонто Мэйпл Лифс ,5,0,
"09.04.2015, 03:00 ",Вашингтон Кэпиталз , Бостон Брюинз ,3,0,
"09.04.2015, 05:30 ",Анахайм Дакс , Даллас Старз ,0,4,
"10.04.2015, 02:00 ",Нью-Йорк Рейнджерс , Оттава Сенаторз ,0,3,
"10.04.2015, 02:00 ",Филадельфия Флайерз , Каролина Харрикейнз ,1,3,
"10.04.2015, 02:30 ",Монреаль Канадиенс , Детройт Ред Уингз ,4,3,  ОТ 
"10.04.2015, 02:30 ",Тампа-Бэй Лайтнинг , Нью-Джерси Дэвилз ,4,3,  ОТ 
"10.04.2015, 02:30 ",Флорида Пантерз , Бостон Брюинз ,4,2,
"10.04.2015, 03:00 ",Сент-Луис Блюз , Чикаго Блэкхоукс ,2,1,
"10.04.2015, 03:00 ",Нэшвилл Предаторз , Миннесота Уайлд ,2,4,
"10.04.2015, 04:00 ",Колорадо Эвеланш , Виннипег Джетс ,1,0,  Б 
"10.04.2015, 04:00 ",Калгари Флэймз , Лос-Анджелес Кингз ,3,1,
"10.04.2015, 04:30 ",Эдмонтон Ойлерз , Сан-Хосе Шаркс ,1,3,
"10.04.2015, 05:00 ",Ванкувер Кэнакс , Аризона Койотс ,5,0,
"11.04.2015, 02:00 ",Питтсбург Пингвинз , Нью-Йорк Айлендерс ,1,3,
"11.04.2015, 02:00 ",Коламбус Блю Джекетс , Баффало Сэйбрз ,4,2,
"11.04.2015, 19:30 ",Вашингтон Кэпиталз , Нью-Йорк Рейнджерс ,2,4,
"11.04.2015, 19:30 ",Филадельфия Флайерз , Оттава Сенаторз ,1,3,
"11.04.2015, 22:00 ",Виннипег Джетс , Калгари Флэймз ,5,1,
"11.04.2015, 22:00 ",Лос-Анджелес Кингз , Сан-Хосе Шаркс ,4,1,
"11.04.2015, 22:00 ",Сент-Луис Блюз , Миннесота Уайлд ,4,2,
"12.04.2015, 02:00 ",Баффало Сэйбрз , Питтсбург Пингвинз ,0,2,
"12.04.2015, 02:00 ",Торонто Мэйпл Лифс , Монреаль Канадиенс ,3,4,  Б 
"12.04.2015, 02:00 ",Флорида Пантерз , Нью-Джерси Дэвилз ,3,2,
"12.04.2015, 02:00 ",Нью-Йорк Айлендерс , Коламбус Блю Джекетс ,4,5,  Б 
"12.04.2015, 02:00 ",Каролина Харрикейнз , Детройт Ред Уингз ,0,2,
"12.04.2015, 02:30 ",Тампа-Бэй Лайтнинг , Бостон Брюинз ,3,2,  Б 
"12.04.2015, 03:00 ",Даллас Старз , Нэшвилл Предаторз ,4,1,
"12.04.2015, 04:00 ",Колорадо Эвеланш , Чикаго Блэкхоукс ,3,2,
"12.04.2015, 04:00 ",Аризона Койотс , Анахайм Дакс ,1,2,
"12.04.2015, 05:00 ",Ванкувер Кэнакс , Эдмонтон Ойлерз ,6,5,  ОТ 
